id,Coder.ID,Information_category,Attribution,Att_D_pol,Att_D_gov,Att_f_pol_gov,Att_mainme,Att_altme,Att_ind,Att_other,Att_no,Sentiment,Authority_ref,Incivility,Emotional,Fearmongering,Topics,Conspiracy,Gov_pol_org,Health_serv,Media,Other_nongov,Ind_com,Other,No,Scient,Misinfo_bin,label_mis,year
1470661663699476500,4,Accurate information,No,NA,NA,NA,NA,NA,NA,NA,NA,Neutrality,The Tweet does not contain an authority reference,No,No,No,"News, information and misinformation",No,NA,NA,NA,Other major non-governmental actors,NA,NA,NA,NA,Other,0,2021
1281107077662863400,2,Accurate information,No,NA,NA,NA,NA,NA,NA,NA,NA,Positivity,The Tweet does not contain an authority reference,No,No,No,Spread and detection,No,"Government, politicians and international organizations",NA,NA,NA,NA,NA,NA,NA,Other,0,2020
1263973387384356900,2,Accurate information,No,NA,NA,NA,NA,NA,NA,NA,NA,Neutrality,The Tweet does not contain an authority reference,No,No,No,Symptoms or characteristics of covid,No,NA,Health services,NA,NA,NA,NA,NA,NA,Other,0,2020
1448560734141567e3,1,Unable to classify,No,NA,NA,NA,NA,NA,NA,NA,NA,Neutrality,The Tweet does not contain an authority reference,No,No,No,"Policies, prevention & societal and economic impact",No,"Government, politicians and international organizations",NA,NA,Other major non-governmental actors,NA,NA,NA,NA,Other,0,2021
1434474315290972200,1,Misinformation,Yes,NA,NA,NA,A mainstream media outlet or journalist working in the mainstream media,NA,NA,NA,NA,Neutrality,The Tweet does not contain an authority reference,No,No,Yes,"News, information and misinformation",No,NA,NA,Media,NA,Individuals or communities,NA,NA,NA,Misinformation,1,2021
1295716937754976300,3,Misinformation,No,NA,NA,NA,NA,NA,NA,NA,NA,Negativity,The Tweet contains a specific authority reference,No,No,Yes,Spread and detection,No,"Government, politicians and international organizations",NA,Media,NA,NA,NA,NA,University or scientific organization,Misinformation,1,2020
1347596395528810500,1,Accurate information,No,NA,NA,NA,NA,NA,NA,NA,NA,Neutrality,The Tweet does not contain an authority reference,No,No,No,Spread and detection,No,NA,NA,NA,Other major non-governmental actors,NA,NA,NA,NA,Other,0,2021
1273611214833299500,1,Accurate information,No,NA,NA,NA,NA,NA,NA,NA,NA,Neutrality,The Tweet contains a specific authority reference,No,No,No,Spread and detection,No,"Government, politicians and international organizations",NA,NA,NA,NA,NA,NA,University or scientific organization,Other,0,2020
1242043795836936200,4,Other,No,NA,NA,NA,NA,NA,NA,NA,NA,Neutrality,The Tweet does not contain an authority reference,No,No,No,"News, information and misinformation",No,NA,NA,NA,Other major non-governmental actors,NA,NA,NA,NA,Other,0,2020
1251621339867250700,4,Other,No,NA,NA,NA,NA,NA,NA,NA,NA,Positivity,The Tweet does not contain an authority reference,No,No,No,"News, information and misinformation",No,NA,NA,NA,NA,Individuals or communities,NA,NA,NA,Other,0,2020
1305117281744281600,4,Accurate information,No,NA,NA,NA,NA,NA,NA,NA,NA,Neutrality,The Tweet contains a specific authority reference,No,No,No,"Remedies for cure, treatment and prevention",No,NA,NA,NA,NA,NA,NA,NA,University or scientific organization,Other,0,2020
1358349292818346e3,1,Misinformation,No,NA,NA,NA,NA,NA,NA,NA,NA,Negativity,The Tweet does not contain an authority reference,No,No,No,Severity of covid,Yes,"Government, politicians and international organizations",NA,NA,Other major non-governmental actors,NA,NA,NA,NA,Misinformation,1,2021
1236975058620428300,2,Accurate information,Yes,NA,NA,NA,NA,NA,NA,NA,Misinformation is not attributed to an actor,Neutrality,The Tweet does not contain an authority reference,No,No,No,"Policies, prevention & societal and economic impact",No,NA,NA,NA,Other major non-governmental actors,NA,NA,NA,NA,Other,0,2020
1325407609856401400,4,Accurate information,No,NA,NA,NA,NA,NA,NA,NA,NA,Neutrality,The Tweet does not contain an authority reference,No,No,No,"Policies, prevention & societal and economic impact",No,NA,NA,NA,NA,Individuals or communities,NA,NA,NA,Other,0,2020
1368882816965042200,4,Misinformation,No,NA,NA,NA,NA,NA,NA,NA,NA,Neutrality,The Tweet contains a specific authority reference,No,No,No,Vaccination,No,"Government, politicians and international organizations",NA,NA,NA,NA,NA,NA,NA,Misinformation,1,2021
1403821561770131500,4,Misinformation,No,NA,NA,NA,NA,NA,NA,NA,NA,Neutrality,The Tweet contains a non-specific authority reference,No,No,No,Vaccination,No,NA,NA,Media,NA,NA,NA,NA,University or scientific organization,Misinformation,1,2021
1285132483785306e3,3,Other,No,NA,NA,NA,NA,NA,NA,NA,NA,Negativity,The Tweet does not contain an authority reference,No,No,No,"Policies, prevention & societal and economic impact",No,"Government, politicians and international organizations",NA,NA,NA,NA,NA,NA,NA,Other,0,2020
1365985843761066e3,2,Accurate information,No,NA,NA,NA,NA,NA,NA,NA,NA,Neutrality,The Tweet does not contain an authority reference,No,No,No,Existence of covid,No,NA,NA,NA,NA,Individuals or communities,NA,NA,NA,Other,0,2021
1316650665205067800,2,Accurate information,No,NA,NA,NA,NA,NA,NA,NA,NA,Neutrality,The Tweet does not contain an authority reference,No,No,No,"Policies, prevention & societal and economic impact",No,NA,NA,NA,NA,Individuals or communities,NA,NA,NA,Other,0,2020
1.3674825588130079e+18,4,Accurate information,No,NA,NA,NA,NA,NA,NA,NA,NA,Neutrality,The Tweet does not contain an authority reference,No,No,No,"Remedies for cure, treatment and prevention",No,NA,NA,NA,NA,NA,NA,NA,University or scientific organization,Other,0,2021
1477576993415876600,1,Accurate information,Yes,A Dutch politician (not seated in the Dutch cabinet),NA,NA,NA,NA,"An opinion leader or individual who is not a journalist, and not a part of a government, parliament, or a political party",NA,NA,Negativity,The Tweet does not contain an authority reference,No,No,Yes,"News, information and misinformation",No,"Government, politicians and international organizations",NA,NA,Other major non-governmental actors,NA,NA,NA,NA,Other,0,2022
1458685827396030500,2,Misinformation,No,NA,NA,NA,NA,NA,NA,NA,NA,Neutrality,The Tweet contains a non-specific authority reference,No,No,No,Vaccination,No,NA,NA,NA,NA,Individuals or communities,NA,NA,NA,Misinformation,1,2021
1454317135719800800,1,Misinformation,Yes,NA,NA,NA,A mainstream media outlet or journalist working in the mainstream media,NA,NA,NA,NA,Neutrality,The Tweet contains a specific authority reference,No,No,No,"News, information and misinformation",No,NA,NA,Media,NA,NA,NA,NA,NA,Misinformation,1,2021
1390811062090481700,4,Other,No,NA,NA,NA,NA,NA,NA,NA,NA,Neutrality,The Tweet does not contain an authority reference,No,No,No,Symptoms or characteristics of covid,No,NA,NA,NA,NA,NA,NA,None,NA,Other,0,2021
1322192434349199400,1,Uncheckable claim,No,NA,NA,NA,NA,NA,NA,NA,NA,Neutrality,The Tweet does not contain an authority reference,No,No,No,Symptoms or characteristics of covid,No,NA,NA,NA,NA,NA,NA,None,NA,Other,0,2020
1267475992806928400,1,Misinformation,No,NA,NA,NA,NA,NA,NA,NA,NA,Positivity,The Tweet contains a specific authority reference,No,No,No,"Policies, prevention & societal and economic impact",No,NA,NA,Media,NA,NA,NA,NA,NA,Misinformation,1,2020
1368993935708786700,4,Other,No,NA,NA,NA,NA,NA,NA,NA,NA,Negativity,The Tweet does not contain an authority reference,No,No,No,Existence of covid,No,NA,NA,NA,NA,Individuals or communities,NA,NA,NA,Other,0,2021
1259395044693422e3,2,Misinformation,Yes,NA,NA,NA,A mainstream media outlet or journalist working in the mainstream media,NA,NA,NA,NA,Neutrality,The Tweet does not contain an authority reference,No,No,No,"News, information and misinformation",No,"Government, politicians and international organizations",NA,Media,Other major non-governmental actors,NA,NA,NA,NA,Misinformation,1,2020
1357957170231447600,4,Other,Yes,NA,NA,NA,NA,NA,NA,NA,Misinformation is not attributed to an actor,Negativity,The Tweet does not contain an authority reference,Yes,No,No,"News, information and misinformation",No,NA,NA,NA,NA,Individuals or communities,NA,NA,NA,Other,0,2021
1473195923148841e3,2,Uncheckable claim,No,NA,NA,NA,NA,NA,NA,NA,NA,Neutrality,The Tweet does not contain an authority reference,No,No,No,"Policies, prevention & societal and economic impact",No,"Government, politicians and international organizations",NA,NA,Other major non-governmental actors,NA,NA,NA,University or scientific organization,Other,0,2021
1310949995785355300,1,Accurate information,No,NA,NA,NA,NA,NA,NA,NA,NA,Negativity,The Tweet does not contain an authority reference,No,No,No,"Policies, prevention & societal and economic impact",No,NA,NA,NA,Other major non-governmental actors,NA,NA,NA,NA,Other,0,2020
1417023792086462500,1,Accurate information,No,NA,NA,NA,NA,NA,NA,NA,NA,Neutrality,The Tweet does not contain an authority reference,No,No,No,"Policies, prevention & societal and economic impact",No,"Government, politicians and international organizations",NA,NA,NA,NA,NA,NA,NA,Other,0,2021
1256469954192273400,4,Accurate information,No,NA,NA,NA,NA,NA,NA,NA,NA,Neutrality,The Tweet does not contain an authority reference,No,No,No,Existence of covid,Yes,"Government, politicians and international organizations",NA,Media,Other major non-governmental actors,NA,NA,NA,NA,Other,0,2020
1307653592292241400,4,Misinformation,Yes,NA,NA,NA,NA,NA,NA,NA,Misinformation is not attributed to an actor,Neutrality,The Tweet does not contain an authority reference,No,No,No,"News, information and misinformation",No,"Government, politicians and international organizations",NA,NA,NA,NA,NA,NA,NA,Misinformation,1,2020
1341658838336942e3,4,Accurate information,No,NA,NA,NA,NA,NA,NA,NA,NA,Negativity,The Tweet contains a non-specific authority reference,No,Yes,Yes,"Policies, prevention & societal and economic impact",No,NA,NA,NA,NA,NA,NA,None,NA,Other,0,2020
1271835070807056400,4,Accurate information,No,NA,NA,NA,NA,NA,NA,NA,NA,Neutrality,The Tweet does not contain an authority reference,No,No,No,Vaccination,No,"Government, politicians and international organizations",NA,Media,NA,NA,NA,NA,NA,Other,0,2020
1475403992020787200,1,Other,Yes,NA,NA,NA,NA,NA,NA,NA,Misinformation is not attributed to an actor,Neutrality,The Tweet does not contain an authority reference,No,No,No,"News, information and misinformation",No,NA,NA,Media,NA,NA,NA,NA,NA,Other,0,2021
1407258432101625900,2,Accurate information,No,NA,NA,NA,NA,NA,NA,NA,NA,Neutrality,The Tweet does not contain an authority reference,No,No,No,"Policies, prevention & societal and economic impact",No,"Government, politicians and international organizations",NA,NA,NA,Individuals or communities,NA,NA,NA,Other,0,2021
1484922484004642800,4,Misinformation,Yes,NA,NA,NA,NA,NA,NA,NA,Misinformation is not attributed to an actor,Neutrality,The Tweet does not contain an authority reference,No,No,No,"News, information and misinformation",No,"Government, politicians and international organizations",Health services,NA,NA,Individuals or communities,NA,NA,NA,Misinformation,1,2022
1314444547179655200,2,Other,No,NA,NA,NA,NA,NA,NA,NA,NA,Neutrality,The Tweet does not contain an authority reference,No,No,No,"Policies, prevention & societal and economic impact",No,NA,NA,NA,NA,NA,NA,None,NA,Other,0,2020
1364965358055133200,1,Misinformation,Yes,A Dutch politician (not seated in the Dutch cabinet),NA,NA,A mainstream media outlet or journalist working in the mainstream media,NA,NA,NA,NA,Neutrality,The Tweet does not contain an authority reference,No,No,Yes,"News, information and misinformation",Yes,"Government, politicians and international organizations",NA,Media,NA,Individuals or communities,NA,NA,NA,Misinformation,1,2021
1455969642745417700,1,Accurate information,No,NA,NA,NA,NA,NA,NA,NA,NA,Neutrality,The Tweet does not contain an authority reference,No,No,No,"Policies, prevention & societal and economic impact",No,"Government, politicians and international organizations",NA,Media,NA,NA,NA,NA,NA,Other,0,2021
1382901448132984800,4,Misinformation,No,NA,NA,NA,NA,NA,NA,NA,NA,Neutrality,The Tweet does not contain an authority reference,No,No,Yes,Vaccination,No,NA,Health services,NA,NA,NA,NA,NA,NA,Misinformation,1,2021
1480953985859305500,1,Misinformation,No,NA,NA,NA,NA,NA,NA,NA,NA,Neutrality,The Tweet contains a non-specific authority reference,No,No,No,Vaccination,No,NA,NA,NA,NA,NA,NA,None,NA,Misinformation,1,2022
1423334799427739600,4,Other,No,NA,NA,NA,NA,NA,NA,NA,NA,Negativity,The Tweet does not contain an authority reference,No,Yes,Yes,"Policies, prevention & societal and economic impact",No,"Government, politicians and international organizations",NA,NA,NA,NA,NA,NA,NA,Other,0,2021
1409115704868102100,4,Suggestive misinformation,No,NA,NA,NA,NA,NA,NA,NA,NA,Neutrality,The Tweet does not contain an authority reference,No,No,No,Severity of covid,No,NA,NA,NA,NA,NA,NA,None,NA,Misinformation,1,2021
1314518493866397700,1,Other,No,NA,NA,NA,NA,NA,NA,NA,NA,Neutrality,The Tweet does not contain an authority reference,Yes,No,No,Other,No,"Government, politicians and international organizations",NA,Media,NA,Individuals or communities,NA,NA,NA,Other,0,2020
1309194676851835e3,3,Misinformation,No,NA,NA,NA,NA,NA,NA,NA,NA,Negativity,The Tweet does not contain an authority reference,No,No,No,Spread and detection,No,"Government, politicians and international organizations",NA,NA,NA,NA,NA,NA,NA,Misinformation,1,2020
1240267712309481500,2,Accurate information,Yes,NA,NA,NA,NA,An alternative media outlet or journalist working in alternative media,NA,NA,NA,Neutrality,The Tweet does not contain an authority reference,No,No,No,"News, information and misinformation",No,NA,NA,Media,NA,NA,NA,NA,NA,Other,0,2020
1336573549600006100,1,Accurate information,Yes,NA,NA,NA,NA,NA,NA,NA,Misinformation is not attributed to an actor,Neutrality,The Tweet does not contain an authority reference,No,Yes,Yes,"News, information and misinformation",No,"Government, politicians and international organizations",NA,NA,NA,NA,NA,NA,NA,Other,0,2020
1369350546679865300,1,Misinformation,No,NA,NA,NA,NA,NA,NA,NA,NA,Neutrality,The Tweet does not contain an authority reference,No,No,Yes,Existence of covid,Yes,"Government, politicians and international organizations",Health services,Media,Other major non-governmental actors,NA,NA,NA,NA,Misinformation,1,2021
1376976464491516e3,1,Accurate information,No,NA,NA,NA,NA,NA,NA,NA,NA,Neutrality,The Tweet contains a non-specific authority reference,No,No,No,"Remedies for cure, treatment and prevention",No,NA,NA,NA,NA,NA,NA,NA,University or scientific organization,Other,0,2021
1280066586452414500,4,Accurate information,No,NA,NA,NA,NA,NA,NA,NA,NA,Neutrality,The Tweet does not contain an authority reference,No,No,No,"Policies, prevention & societal and economic impact",No,NA,NA,NA,NA,NA,NA,NA,University or scientific organization,Other,0,2020
1244934973636915200,2,Misinformation,Yes,NA,NA,NA,NA,NA,NA,NA,Misinformation is not attributed to an actor,Neutrality,The Tweet does not contain an authority reference,No,No,No,"News, information and misinformation",No,NA,NA,Media,NA,NA,NA,NA,NA,Misinformation,1,2020
1338029911433425e3,2,Accurate information,No,NA,NA,NA,NA,NA,NA,NA,NA,Positivity,The Tweet does not contain an authority reference,No,No,No,"Remedies for cure, treatment and prevention",No,NA,NA,NA,NA,NA,NA,None,NA,Other,0,2020
1240264362440511500,1,Other,Yes,NA,NA,NA,NA,NA,"An opinion leader or individual who is not a journalist, and not a part of a government, parliament, or a political party",NA,NA,Neutrality,The Tweet does not contain an authority reference,No,No,No,"News, information and misinformation",No,NA,NA,NA,NA,NA,NA,None,NA,Other,0,2020
1314596887006249e3,4,Other,No,NA,NA,NA,NA,NA,NA,NA,NA,Neutrality,The Tweet does not contain an authority reference,No,No,No,"Policies, prevention & societal and economic impact",No,NA,NA,NA,NA,NA,NA,None,NA,Other,0,2020
1.2968639976067359e+18,4,Suggestive misinformation,No,NA,NA,NA,NA,NA,NA,NA,NA,Neutrality,The Tweet does not contain an authority reference,No,No,No,"Policies, prevention & societal and economic impact",No,NA,NA,NA,NA,NA,NA,None,NA,Misinformation,1,2020
1359899912142545e3,2,Misinformation,No,NA,NA,NA,NA,NA,NA,NA,NA,Neutrality,The Tweet does not contain an authority reference,No,No,No,Existence of covid,Yes,"Government, politicians and international organizations",NA,NA,NA,NA,NA,NA,NA,Misinformation,1,2021
1390952938621837300,4,Other,No,NA,NA,NA,NA,NA,NA,NA,NA,Neutrality,The Tweet does not contain an authority reference,No,No,No,"Policies, prevention & societal and economic impact",No,NA,NA,NA,NA,NA,NA,None,NA,Other,0,2021
1314974733281251300,1,Other,No,NA,NA,NA,NA,NA,NA,NA,NA,Neutrality,The Tweet does not contain an authority reference,No,No,No,"Policies, prevention & societal and economic impact",No,NA,NA,NA,NA,NA,NA,None,NA,Other,0,2020
1264293076199256e3,4,Misinformation,No,NA,NA,NA,NA,NA,NA,NA,NA,Negativity,The Tweet does not contain an authority reference,No,No,No,"Remedies for cure, treatment and prevention",No,"Government, politicians and international organizations",NA,NA,NA,Individuals or communities,NA,NA,NA,Misinformation,1,2020
1410131250095e6,4,Unable to classify,No,NA,NA,NA,NA,NA,NA,NA,NA,Negativity,The Tweet does not contain an authority reference,No,No,No,"News, information and misinformation",No,"Government, politicians and international organizations",NA,NA,NA,NA,NA,NA,NA,Other,0,2021
1.2396216410528481e+18,4,Other,No,NA,NA,NA,NA,NA,NA,NA,NA,Neutrality,The Tweet does not contain an authority reference,No,No,No,"Remedies for cure, treatment and prevention",No,NA,NA,NA,Other major non-governmental actors,NA,NA,NA,NA,Other,0,2020
1242929840845701e3,2,Accurate information,No,NA,NA,NA,NA,NA,NA,NA,NA,Neutrality,The Tweet does not contain an authority reference,No,No,No,Spread and detection,No,NA,NA,NA,NA,NA,NA,NA,University or scientific organization,Other,0,2020
1354384946509607e3,1,Uncheckable claim,Yes,NA,NA,NA,NA,NA,NA,NA,Misinformation is not attributed to an actor,Neutrality,The Tweet does not contain an authority reference,No,No,Yes,"News, information and misinformation",No,NA,Health services,NA,NA,NA,NA,NA,NA,Other,0,2021
1473975713162305500,3,Misinformation,No,NA,NA,NA,NA,NA,NA,NA,NA,Negativity,The Tweet does not contain an authority reference,No,No,No,Severity of covid,No,NA,NA,NA,NA,Individuals or communities,NA,NA,NA,Misinformation,1,2021
1342015238447779800,1,Misinformation,No,NA,NA,NA,NA,NA,NA,NA,NA,Negativity,The Tweet contains a non-specific authority reference,No,No,Yes,Existence of covid,Yes,NA,NA,NA,NA,Individuals or communities,NA,NA,NA,Misinformation,1,2020
1340940878853136400,3,Accurate information,No,NA,NA,NA,NA,NA,NA,NA,NA,Positivity,The Tweet does not contain an authority reference,No,No,No,Other,No,NA,NA,NA,Other major non-governmental actors,NA,NA,NA,NA,Other,0,2020
1339926693662892e3,2,Accurate information,No,NA,NA,NA,NA,NA,NA,NA,NA,Neutrality,The Tweet does not contain an authority reference,No,No,No,"Policies, prevention & societal and economic impact",No,NA,Health services,NA,Other major non-governmental actors,NA,NA,NA,NA,Other,0,2020
1363553649499246600,2,Misinformation,No,NA,NA,NA,NA,NA,NA,NA,NA,Neutrality,The Tweet does not contain an authority reference,No,No,No,"Policies, prevention & societal and economic impact",No,"Government, politicians and international organizations",NA,NA,NA,NA,NA,NA,NA,Misinformation,1,2021
1347569888378802200,2,Accurate information,No,NA,NA,NA,NA,NA,NA,NA,NA,Neutrality,The Tweet does not contain an authority reference,No,No,No,Severity of covid,No,NA,NA,NA,NA,Individuals or communities,NA,NA,NA,Other,0,2021
1342379031967244300,2,Misinformation,No,NA,NA,NA,NA,NA,NA,NA,NA,Neutrality,The Tweet does not contain an authority reference,No,No,Yes,Vaccination,Yes,"Government, politicians and international organizations",NA,NA,NA,NA,NA,NA,NA,Misinformation,1,2020
1241407375225077800,1,Accurate information,Yes,NA,NA,NA,NA,NA,NA,NA,Misinformation is not attributed to an actor,Neutrality,The Tweet does not contain an authority reference,No,No,No,"News, information and misinformation",No,NA,NA,NA,Other major non-governmental actors,Individuals or communities,NA,NA,NA,Other,0,2020
1297085515100029e3,3,Accurate information,No,NA,NA,NA,NA,NA,NA,NA,NA,Negativity,The Tweet does not contain an authority reference,No,No,No,"Policies, prevention & societal and economic impact",No,"Government, politicians and international organizations",NA,NA,NA,NA,NA,NA,NA,Other,0,2020
1349069905052586e3,1,Accurate information,No,NA,NA,NA,NA,NA,NA,NA,NA,Neutrality,The Tweet does not contain an authority reference,No,No,No,"Policies, prevention & societal and economic impact",No,NA,NA,NA,NA,NA,NA,None,NA,Other,0,2021
1267374288803377200,1,Uncheckable claim,No,NA,NA,NA,NA,NA,NA,NA,NA,Negativity,The Tweet does not contain an authority reference,No,Yes,No,"Policies, prevention & societal and economic impact",No,NA,NA,NA,NA,Individuals or communities,NA,NA,NA,Other,0,2020
1414164095406858200,4,Suggestive misinformation,No,NA,NA,NA,NA,NA,NA,NA,NA,Neutrality,The Tweet does not contain an authority reference,No,No,No,Severity of covid,No,NA,NA,NA,NA,Individuals or communities,NA,NA,NA,Misinformation,1,2021
1314986034963374e3,3,Other,No,NA,NA,NA,NA,NA,NA,NA,NA,Neutrality,The Tweet does not contain an authority reference,No,No,No,"Policies, prevention & societal and economic impact",No,NA,NA,NA,NA,NA,NA,None,NA,Other,0,2020
1267678767037788200,2,Accurate information,No,NA,NA,NA,NA,NA,NA,NA,NA,Neutrality,The Tweet does not contain an authority reference,No,No,No,"Remedies for cure, treatment and prevention",No,NA,NA,NA,NA,NA,NA,None,NA,Other,0,2020
1327210937443635200,3,Uncheckable claim,No,NA,NA,NA,NA,NA,NA,NA,NA,Negativity,The Tweet does not contain an authority reference,No,No,No,Spread and detection,No,NA,NA,NA,NA,NA,NA,None,NA,Other,0,2020
1415586299776585700,1,Accurate information,No,NA,NA,NA,NA,NA,NA,NA,NA,Neutrality,The Tweet does not contain an authority reference,No,No,No,Spread and detection,No,NA,NA,NA,Other major non-governmental actors,NA,NA,NA,NA,Other,0,2021
1449350062098854e3,4,Misinformation,Yes,NA,NA,NA,A mainstream media outlet or journalist working in the mainstream media,NA,NA,NA,NA,Negativity,The Tweet does not contain an authority reference,Yes,No,No,"News, information and misinformation",No,NA,NA,Media,NA,Individuals or communities,NA,NA,NA,Misinformation,1,2021
1345146676303036400,1,Misinformation,No,NA,NA,NA,NA,NA,NA,NA,NA,Neutrality,The Tweet contains a non-specific authority reference,No,No,No,"Policies, prevention & societal and economic impact",No,NA,NA,NA,NA,NA,NA,None,NA,Misinformation,1,2021
1273840192055623700,2,Misinformation,No,NA,NA,NA,NA,NA,NA,NA,NA,Negativity,The Tweet does not contain an authority reference,No,No,No,Severity of covid,No,NA,Health services,NA,Other major non-governmental actors,Individuals or communities,NA,NA,NA,Misinformation,1,2020
1477611455709159400,1,Accurate information,Yes,NA,NA,NA,NA,NA,NA,NA,Misinformation is not attributed to an actor,Negativity,The Tweet does not contain an authority reference,No,No,Yes,"News, information and misinformation",No,NA,Health services,NA,NA,Individuals or communities,NA,NA,NA,Other,0,2022
1240299819324903400,3,Other,No,NA,NA,NA,NA,NA,NA,NA,NA,Neutrality,The Tweet does not contain an authority reference,No,No,No,"Policies, prevention & societal and economic impact",No,NA,NA,NA,Other major non-governmental actors,NA,NA,NA,NA,Other,0,2020
1315019723311140900,2,Other,No,NA,NA,NA,NA,NA,NA,NA,NA,Neutrality,The Tweet does not contain an authority reference,No,No,No,"Policies, prevention & societal and economic impact",No,NA,NA,NA,NA,NA,NA,None,NA,Other,0,2020
1385736792700342300,2,Other,No,NA,NA,NA,NA,NA,NA,NA,NA,Neutrality,The Tweet does not contain an authority reference,No,No,No,Other,No,NA,NA,NA,Other major non-governmental actors,NA,NA,NA,NA,Other,0,2021
1252603712817823700,2,Accurate information,No,NA,NA,NA,NA,NA,NA,NA,NA,Neutrality,The Tweet contains a non-specific authority reference,No,No,No,Symptoms or characteristics of covid,No,NA,NA,NA,NA,Individuals or communities,NA,NA,NA,Other,0,2020
1303942881019822e3,1,Misinformation,No,NA,NA,NA,NA,NA,NA,NA,NA,Mixed,The Tweet does not contain an authority reference,No,No,No,"Policies, prevention & societal and economic impact",No,"Government, politicians and international organizations",NA,Media,NA,NA,NA,NA,NA,Misinformation,1,2020
1322240805638209500,4,Accurate information,No,NA,NA,NA,NA,NA,NA,NA,NA,Neutrality,The Tweet does not contain an authority reference,No,No,No,"Remedies for cure, treatment and prevention",No,NA,NA,NA,NA,NA,NA,NA,University or scientific organization,Other,0,2020
1314862127107244e3,3,Other,No,NA,NA,NA,NA,NA,NA,NA,NA,Neutrality,The Tweet does not contain an authority reference,No,No,No,"Policies, prevention & societal and economic impact",No,NA,NA,NA,NA,NA,NA,None,NA,Other,0,2020
1479198693152759800,2,Accurate information,Yes,NA,NA,NA,NA,NA,NA,NA,Misinformation is not attributed to an actor,Neutrality,The Tweet does not contain an authority reference,No,No,No,"News, information and misinformation",No,NA,NA,Media,NA,NA,NA,NA,NA,Other,0,2022
1368051124666794e3,1,Misinformation,No,NA,NA,NA,NA,NA,NA,NA,NA,Neutrality,The Tweet does not contain an authority reference,No,No,Yes,Existence of covid,Yes,NA,NA,NA,NA,NA,NA,None,NA,Misinformation,1,2021
1296856308210163700,2,Accurate information,Yes,NA,NA,NA,NA,NA,"An opinion leader or individual who is not a journalist, and not a part of a government, parliament, or a political party",NA,NA,Neutrality,The Tweet does not contain an authority reference,No,No,No,"News, information and misinformation",No,NA,NA,NA,NA,Individuals or communities,NA,NA,NA,Other,0,2020
1427885989620600800,1,Misinformation,Yes,NA,"The Dutch government, cabinet, a member of the Dutch cabinet or civil servant",NA,NA,NA,NA,NA,NA,Neutrality,The Tweet does not contain an authority reference,No,No,No,"News, information and misinformation",No,"Government, politicians and international organizations",Health services,NA,NA,NA,NA,NA,NA,Misinformation,1,2021
1317063727041138700,3,Misinformation,No,NA,NA,NA,NA,NA,NA,NA,NA,Negativity,The Tweet does not contain an authority reference,No,No,Yes,"Policies, prevention & societal and economic impact",No,NA,Health services,NA,NA,NA,NA,NA,NA,Misinformation,1,2020
1259143521220640800,3,Misinformation,No,NA,NA,NA,NA,NA,NA,NA,NA,Neutrality,The Tweet does not contain an authority reference,No,No,No,"Policies, prevention & societal and economic impact",Yes,NA,NA,NA,Other major non-governmental actors,NA,NA,NA,NA,Misinformation,1,2020
1266904982596604e3,4,Misinformation,No,NA,NA,NA,NA,NA,NA,NA,NA,Neutrality,The Tweet does not contain an authority reference,No,No,No,Symptoms or characteristics of covid,No,NA,NA,NA,NA,NA,NA,None,NA,Misinformation,1,2020
1246034095836184600,1,Other,No,NA,NA,NA,NA,NA,NA,NA,NA,Neutrality,The Tweet does not contain an authority reference,No,No,No,"Policies, prevention & societal and economic impact",No,NA,NA,NA,NA,NA,NA,None,NA,Other,0,2020
1239880177208963e3,1,Accurate information,No,NA,NA,NA,NA,NA,NA,NA,NA,Neutrality,The Tweet does not contain an authority reference,No,No,No,"Remedies for cure, treatment and prevention",No,NA,NA,NA,NA,NA,NA,None,NA,Other,0,2020
1336622620326948900,1,Suggestive misinformation,Yes,NA,NA,NA,NA,NA,NA,NA,Misinformation is not attributed to an actor,Neutrality,The Tweet does not contain an authority reference,No,No,Yes,Existence of covid,Yes,"Government, politicians and international organizations",NA,NA,NA,NA,NA,NA,NA,Misinformation,1,2020
1239898993452253200,3,Other,No,NA,NA,NA,NA,NA,NA,NA,NA,Negativity,The Tweet does not contain an authority reference,Yes,No,No,Other,No,NA,NA,NA,NA,Individuals or communities,NA,NA,NA,Other,0,2020
1458114955358707700,1,Other,No,NA,NA,NA,NA,NA,NA,NA,NA,Neutrality,The Tweet does not contain an authority reference,Yes,No,No,"Policies, prevention & societal and economic impact",No,"Government, politicians and international organizations",NA,NA,NA,NA,NA,NA,NA,Other,0,2021
1442866326473613300,1,Other,No,NA,NA,NA,NA,NA,NA,NA,NA,Negativity,The Tweet does not contain an authority reference,No,No,No,"Policies, prevention & societal and economic impact",No,"Government, politicians and international organizations",NA,NA,NA,NA,NA,NA,NA,Other,0,2021
1420642373130915800,3,Misinformation,Yes,NA,NA,NA,NA,NA,NA,NA,Misinformation is not attributed to an actor,Neutrality,The Tweet does not contain an authority reference,No,No,No,"News, information and misinformation",No,NA,NA,NA,NA,NA,NA,None,NA,Misinformation,1,2021
1303371373037981700,1,Accurate information,No,NA,NA,NA,NA,NA,NA,NA,NA,Neutrality,The Tweet does not contain an authority reference,No,No,No,"Policies, prevention & societal and economic impact",No,"Government, politicians and international organizations",NA,NA,Other major non-governmental actors,NA,NA,NA,NA,Other,0,2020
1240761178449682400,2,Other,No,NA,NA,NA,NA,NA,NA,NA,NA,Neutrality,The Tweet does not contain an authority reference,No,No,No,Existence of covid,No,NA,NA,NA,NA,NA,NA,None,NA,Other,0,2020
1468118156946387e3,1,Uncheckable claim,No,NA,NA,NA,NA,NA,NA,NA,NA,Neutrality,The Tweet does not contain an authority reference,No,No,No,Vaccination,No,NA,NA,NA,NA,NA,NA,None,NA,Other,0,2021
1348604924620386300,2,Uncheckable claim,No,NA,NA,NA,NA,NA,NA,NA,NA,Neutrality,The Tweet does not contain an authority reference,No,No,No,"Remedies for cure, treatment and prevention",No,NA,NA,NA,NA,NA,NA,NA,University or scientific organization,Other,0,2021
1337382664882561e3,3,Accurate information,Yes,NA,NA,NA,NA,NA,NA,NA,Misinformation is not attributed to an actor,Neutrality,The Tweet does not contain an authority reference,No,No,No,"News, information and misinformation",No,NA,Health services,NA,NA,NA,NA,NA,NA,Other,0,2020
1282399141776195600,1,Other,No,NA,NA,NA,NA,NA,NA,NA,NA,Positivity,The Tweet does not contain an authority reference,No,No,No,Other,No,NA,NA,NA,NA,Individuals or communities,NA,NA,NA,Other,0,2020
1425077743335710700,1,Misinformation,No,NA,NA,NA,NA,NA,NA,NA,NA,Negativity,The Tweet does not contain an authority reference,No,No,No,Existence of covid,Yes,"Government, politicians and international organizations",NA,NA,NA,NA,NA,NA,NA,Misinformation,1,2021
1296712205191336e3,4,Other,Yes,NA,NA,NA,NA,NA,"An opinion leader or individual who is not a journalist, and not a part of a government, parliament, or a political party",NA,NA,Neutrality,The Tweet does not contain an authority reference,No,No,No,"News, information and misinformation",No,NA,NA,NA,Other major non-governmental actors,NA,NA,NA,NA,Other,0,2020
1474724365262598100,2,Accurate information,No,NA,NA,NA,NA,NA,NA,NA,NA,Neutrality,The Tweet does not contain an authority reference,No,No,No,Vaccination,No,NA,NA,NA,Other major non-governmental actors,NA,NA,NA,NA,Other,0,2021
1341816714300895200,4,Accurate information,No,NA,NA,NA,NA,NA,NA,NA,NA,Neutrality,The Tweet does not contain an authority reference,No,No,No,"Policies, prevention & societal and economic impact",No,"Government, politicians and international organizations",NA,NA,NA,Individuals or communities,NA,NA,NA,Other,0,2020
1259831013540315100,3,Accurate information,No,NA,NA,NA,NA,NA,NA,NA,NA,Neutrality,The Tweet contains a non-specific authority reference,No,No,No,"Remedies for cure, treatment and prevention",No,NA,NA,NA,NA,NA,NA,NA,University or scientific organization,Other,0,2020
1260521072077783e3,3,Uncheckable claim,No,NA,NA,NA,NA,NA,NA,NA,NA,Negativity,The Tweet does not contain an authority reference,Yes,No,No,Spread and detection,No,NA,NA,NA,NA,Individuals or communities,NA,NA,NA,Other,0,2020
1265394990252990500,2,Uncheckable claim,No,NA,NA,NA,NA,NA,NA,NA,NA,Neutrality,The Tweet contains a non-specific authority reference,No,No,No,"Policies, prevention & societal and economic impact",No,NA,NA,NA,NA,NA,NA,None,NA,Other,0,2020
1272772388816597e3,3,Accurate information,No,NA,NA,NA,NA,NA,NA,NA,NA,Neutrality,The Tweet does not contain an authority reference,No,No,No,Spread and detection,No,NA,NA,NA,NA,NA,NA,None,NA,Other,0,2020
1428812471448506400,3,Misinformation,No,NA,NA,NA,NA,NA,NA,NA,NA,Neutrality,The Tweet does not contain an authority reference,No,No,No,Existence of covid,Yes,NA,NA,NA,Other major non-governmental actors,NA,NA,NA,NA,Misinformation,1,2021
1314627568449007600,4,Other,No,NA,NA,NA,NA,NA,NA,NA,NA,Positivity,The Tweet does not contain an authority reference,No,No,No,"Remedies for cure, treatment and prevention",No,NA,NA,NA,NA,NA,NA,None,NA,Other,0,2020
1240962917941510100,3,Misinformation,Yes,NA,NA,NA,NA,NA,NA,NA,Misinformation is not attributed to an actor,Negativity,The Tweet does not contain an authority reference,No,No,No,"News, information and misinformation",No,"Government, politicians and international organizations",Health services,NA,Other major non-governmental actors,NA,NA,NA,University or scientific organization,Misinformation,1,2020
1443953126961156e3,3,Misinformation,No,NA,NA,NA,NA,NA,NA,NA,NA,Neutrality,The Tweet does not contain an authority reference,No,No,No,Severity of covid,No,NA,NA,NA,NA,NA,NA,None,NA,Misinformation,1,2021
1403673389252976600,2,Accurate information,No,NA,NA,NA,NA,NA,NA,NA,NA,Neutrality,The Tweet does not contain an authority reference,No,No,No,Spread and detection,No,NA,NA,NA,NA,Individuals or communities,NA,NA,NA,Other,0,2021
1384564621475029e3,2,Other,No,NA,NA,NA,NA,NA,NA,NA,NA,Neutrality,The Tweet does not contain an authority reference,No,No,No,Symptoms or characteristics of covid,No,NA,NA,NA,NA,NA,NA,None,NA,Other,0,2021
1374374782842531800,1,Accurate information,No,NA,NA,NA,NA,NA,NA,NA,NA,Negativity,The Tweet does not contain an authority reference,No,Yes,No,"Policies, prevention & societal and economic impact",No,NA,NA,NA,NA,Individuals or communities,NA,NA,NA,Other,0,2021
1488070184187355100,1,Accurate information,Yes,NA,NA,NA,NA,NA,NA,NA,Misinformation is not attributed to an actor,Neutrality,The Tweet does not contain an authority reference,No,No,No,"News, information and misinformation",No,NA,NA,NA,Other major non-governmental actors,NA,NA,NA,NA,Other,0,2022
1449122054729519e3,2,Uncheckable claim,Yes,NA,NA,NA,A mainstream media outlet or journalist working in the mainstream media,NA,NA,NA,NA,Mixed,The Tweet does not contain an authority reference,No,No,No,"News, information and misinformation",No,NA,NA,Media,NA,NA,NA,NA,NA,Other,0,2021
1338735899941671e3,4,Misinformation,No,NA,NA,NA,NA,NA,NA,NA,NA,Neutrality,The Tweet contains a specific authority reference,No,No,No,Spread and detection,No,"Government, politicians and international organizations",NA,NA,NA,Individuals or communities,NA,NA,NA,Misinformation,1,2020
135088981001839e4,2,Unable to classify,No,NA,NA,NA,NA,NA,NA,NA,NA,Neutrality,The Tweet does not contain an authority reference,No,No,No,"Policies, prevention & societal and economic impact",No,NA,Health services,NA,Other major non-governmental actors,NA,NA,NA,NA,Other,0,2021
1345765076343660500,4,Other,No,NA,NA,NA,NA,NA,NA,NA,NA,Neutrality,The Tweet does not contain an authority reference,No,No,No,Spread and detection,No,NA,NA,NA,Other major non-governmental actors,NA,NA,NA,NA,Other,0,2021
1325440122549104600,2,Misinformation,No,NA,NA,NA,NA,NA,NA,NA,NA,Neutrality,The Tweet does not contain an authority reference,No,No,No,Severity of covid,No,NA,NA,NA,NA,NA,NA,None,NA,Misinformation,1,2020
1319429008061235200,1,Misinformation,No,NA,NA,NA,NA,NA,NA,NA,NA,Neutrality,The Tweet does not contain an authority reference,No,No,No,Existence of covid,Yes,NA,NA,Media,Other major non-governmental actors,NA,NA,NA,NA,Misinformation,1,2020
136749232854238e4,4,Misinformation,No,NA,NA,NA,NA,NA,NA,NA,NA,Negativity,The Tweet does not contain an authority reference,No,No,No,"Policies, prevention & societal and economic impact",No,NA,NA,NA,Other major non-governmental actors,NA,NA,NA,NA,Misinformation,1,2021
1485624626269020200,1,Accurate information,Yes,NA,NA,NA,NA,NA,NA,Other actor,NA,Neutrality,The Tweet does not contain an authority reference,No,No,No,"News, information and misinformation",No,NA,Health services,NA,Other major non-governmental actors,NA,NA,NA,NA,Other,0,2022
1240740720283181e3,3,Accurate information,No,NA,NA,NA,NA,NA,NA,NA,NA,Positivity,The Tweet contains a non-specific authority reference,No,No,No,Severity of covid,No,NA,NA,NA,NA,Individuals or communities,NA,NA,NA,Other,0,2020
1321415133684519e3,1,Uncheckable claim,No,NA,NA,NA,NA,NA,NA,NA,NA,Positivity,The Tweet does not contain an authority reference,No,No,No,"Remedies for cure, treatment and prevention",No,NA,NA,Media,NA,NA,NA,NA,NA,Other,0,2020
1462747450159116300,3,Other,No,NA,NA,NA,NA,NA,NA,NA,NA,Neutrality,The Tweet does not contain an authority reference,No,No,No,"Policies, prevention & societal and economic impact",No,NA,NA,NA,NA,Individuals or communities,NA,NA,NA,Other,0,2021
1240762038135160800,2,Misinformation,Yes,A Dutch politician (not seated in the Dutch cabinet),NA,NA,NA,NA,NA,NA,NA,Neutrality,The Tweet does not contain an authority reference,No,No,No,Existence of covid,Yes,"Government, politicians and international organizations",NA,NA,NA,NA,NA,NA,NA,Misinformation,1,2020
1336286893856727e3,2,Misinformation,No,NA,NA,NA,NA,NA,NA,NA,NA,Neutrality,The Tweet does not contain an authority reference,No,No,No,Vaccination,No,"Government, politicians and international organizations",Health services,Media,NA,Individuals or communities,NA,NA,NA,Misinformation,1,2020
1293108731027357700,1,Other,No,NA,NA,NA,NA,NA,NA,NA,NA,Neutrality,The Tweet does not contain an authority reference,No,No,No,Symptoms or characteristics of covid,No,NA,NA,NA,NA,NA,NA,None,NA,Other,0,2020
1258115750952386600,1,Accurate information,No,NA,NA,NA,NA,NA,NA,NA,NA,Neutrality,The Tweet does not contain an authority reference,No,No,No,"Policies, prevention & societal and economic impact",No,NA,NA,NA,NA,Individuals or communities,NA,NA,NA,Other,0,2020
1313537771198386200,3,Misinformation,Yes,NA,NA,NA,NA,NA,NA,NA,Misinformation is not attributed to an actor,Neutrality,The Tweet does not contain an authority reference,No,No,No,"News, information and misinformation",No,NA,NA,NA,NA,Individuals or communities,NA,NA,NA,Misinformation,1,2020
1240569980858568700,2,Other,Yes,NA,NA,NA,NA,NA,NA,NA,Misinformation is not attributed to an actor,Neutrality,The Tweet does not contain an authority reference,No,No,No,"News, information and misinformation",No,NA,NA,NA,Other major non-governmental actors,NA,NA,NA,NA,Other,0,2020
1386352451121471500,1,Unable to classify,Yes,NA,NA,NA,A mainstream media outlet or journalist working in the mainstream media,NA,NA,NA,NA,Negativity,The Tweet does not contain an authority reference,No,No,No,"News, information and misinformation",No,NA,NA,Media,NA,NA,NA,NA,NA,Other,0,2021
1314923324498157600,1,Other,No,NA,NA,NA,NA,NA,NA,NA,NA,Neutrality,The Tweet does not contain an authority reference,No,No,No,"Policies, prevention & societal and economic impact",No,NA,NA,NA,NA,NA,NA,None,NA,Other,0,2020
1385744539172835300,2,Accurate information,No,NA,NA,NA,NA,NA,NA,NA,NA,Neutrality,The Tweet contains a non-specific authority reference,No,No,No,Symptoms or characteristics of covid,No,NA,NA,NA,NA,Individuals or communities,NA,NA,NA,Other,0,2021
1296711170817220600,4,Accurate information,Yes,NA,NA,NA,NA,NA,"An opinion leader or individual who is not a journalist, and not a part of a government, parliament, or a political party",NA,NA,Neutrality,The Tweet does not contain an authority reference,No,No,No,"News, information and misinformation",No,NA,NA,NA,NA,Individuals or communities,NA,NA,NA,Other,0,2020
1418890542243537e3,4,Misinformation,No,NA,NA,NA,NA,NA,NA,NA,NA,Neutrality,The Tweet does not contain an authority reference,No,No,No,Vaccination,No,NA,NA,NA,NA,NA,NA,NA,University or scientific organization,Misinformation,1,2021
1468560634816e6,2,Accurate information,No,NA,NA,NA,NA,NA,NA,NA,NA,Neutrality,The Tweet does not contain an authority reference,No,No,No,Vaccination,No,NA,NA,NA,NA,Individuals or communities,NA,NA,NA,Other,0,2021
1318497491185246200,1,Accurate information,No,NA,NA,NA,NA,NA,NA,NA,NA,Neutrality,The Tweet does not contain an authority reference,No,No,No,Symptoms or characteristics of covid,No,NA,NA,NA,NA,Individuals or communities,NA,NA,NA,Other,0,2020
1351171510803824600,2,Misinformation,No,NA,NA,NA,NA,NA,NA,NA,NA,Negativity,The Tweet does not contain an authority reference,No,No,No,"Policies, prevention & societal and economic impact",No,NA,NA,NA,Other major non-governmental actors,Individuals or communities,NA,NA,NA,Misinformation,1,2021
1276427297453637600,3,Accurate information,No,NA,NA,NA,NA,NA,NA,NA,NA,Neutrality,The Tweet does not contain an authority reference,No,No,No,Symptoms or characteristics of covid,No,NA,NA,NA,NA,NA,NA,None,NA,Other,0,2020
1314840318164992e3,3,Other,No,NA,NA,NA,NA,NA,NA,NA,NA,Neutrality,The Tweet does not contain an authority reference,No,No,No,"Policies, prevention & societal and economic impact",No,NA,NA,NA,NA,NA,NA,None,NA,Other,0,2020
1476875203514876e3,4,Other,No,NA,NA,NA,NA,NA,NA,NA,NA,Neutrality,The Tweet does not contain an authority reference,No,No,No,"Policies, prevention & societal and economic impact",No,NA,NA,NA,NA,NA,NA,None,NA,Other,0,2021
1254492721890439200,1,Accurate information,No,NA,NA,NA,NA,NA,NA,NA,NA,Neutrality,The Tweet contains a specific authority reference,No,No,No,Spread and detection,No,NA,NA,NA,NA,NA,NA,NA,University or scientific organization,Other,0,2020
1318795530349252600,3,Misinformation,No,NA,NA,NA,NA,NA,NA,NA,NA,Positivity,The Tweet does not contain an authority reference,No,No,No,Existence of covid,Yes,NA,NA,NA,NA,Individuals or communities,NA,NA,NA,Misinformation,1,2020
1341340260362498e3,4,Accurate information,No,NA,NA,NA,NA,NA,NA,NA,NA,Neutrality,The Tweet does not contain an authority reference,No,No,No,"Remedies for cure, treatment and prevention",No,NA,NA,NA,NA,NA,NA,None,NA,Other,0,2020
1250820928998686700,1,Misinformation,No,NA,NA,NA,NA,NA,NA,NA,NA,Neutrality,The Tweet does not contain an authority reference,Yes,No,No,Existence of covid,Yes,NA,NA,NA,NA,Individuals or communities,NA,NA,NA,Misinformation,1,2020
1386974446666326e3,1,Accurate information,Yes,A Dutch politician (not seated in the Dutch cabinet),NA,NA,NA,NA,NA,NA,NA,Negativity,The Tweet does not contain an authority reference,Yes,No,No,"News, information and misinformation",No,"Government, politicians and international organizations",NA,NA,NA,NA,NA,NA,NA,Other,0,2021
1303419553104433200,3,Accurate information,No,NA,NA,NA,NA,NA,NA,NA,NA,Neutrality,The Tweet contains a non-specific authority reference,No,No,No,Spread and detection,No,NA,NA,NA,NA,NA,NA,NA,University or scientific organization,Other,0,2020
1247961693075968e3,4,Accurate information,No,NA,NA,NA,NA,NA,NA,NA,NA,Neutrality,The Tweet does not contain an authority reference,No,No,No,"Remedies for cure, treatment and prevention",No,NA,NA,NA,NA,NA,NA,None,NA,Other,0,2020
1388162874388975600,3,Misinformation,No,NA,NA,NA,NA,NA,NA,NA,NA,Neutrality,The Tweet does not contain an authority reference,No,No,No,"Policies, prevention & societal and economic impact",No,NA,NA,NA,NA,NA,NA,None,NA,Misinformation,1,2021
1351200802526867500,4,Accurate information,No,NA,NA,NA,NA,NA,NA,NA,NA,Neutrality,The Tweet does not contain an authority reference,No,No,No,Vaccination,No,"Government, politicians and international organizations",NA,NA,NA,NA,NA,NA,NA,Other,0,2021
1389245760105971700,4,Accurate information,No,NA,NA,NA,NA,NA,NA,NA,NA,Neutrality,The Tweet contains a specific authority reference,No,No,No,"Policies, prevention & societal and economic impact",No,NA,NA,NA,Other major non-governmental actors,NA,NA,NA,NA,Other,0,2021
1396198165288788e3,3,Accurate information,No,NA,NA,NA,NA,NA,NA,NA,NA,Negativity,The Tweet does not contain an authority reference,No,No,No,"Remedies for cure, treatment and prevention",No,NA,NA,NA,NA,Individuals or communities,NA,NA,University or scientific organization,Other,0,2021
1306841429097017300,4,Other,No,NA,NA,NA,NA,NA,NA,NA,NA,Neutrality,The Tweet does not contain an authority reference,No,No,No,Spread and detection,No,NA,NA,NA,NA,NA,NA,None,NA,Other,0,2020
1467113336257093600,1,Accurate information,No,NA,NA,NA,NA,NA,NA,NA,NA,Neutrality,The Tweet does not contain an authority reference,No,No,No,"Remedies for cure, treatment and prevention",No,NA,NA,NA,NA,NA,NA,None,NA,Other,0,2021
1321521072953503700,1,Accurate information,No,NA,NA,NA,NA,NA,NA,NA,NA,Neutrality,The Tweet does not contain an authority reference,No,No,No,Spread and detection,No,NA,NA,NA,NA,Individuals or communities,NA,NA,NA,Other,0,2020
1366121564480172e3,3,Other,No,NA,NA,NA,NA,NA,NA,NA,NA,Neutrality,The Tweet does not contain an authority reference,No,No,No,"News, information and misinformation",No,NA,NA,NA,NA,NA,NA,None,NA,Other,0,2021
1328613736643502e3,3,Uncheckable claim,No,NA,NA,NA,NA,NA,NA,NA,NA,Neutrality,The Tweet does not contain an authority reference,No,No,No,Symptoms or characteristics of covid,No,NA,NA,NA,NA,NA,NA,None,NA,Other,0,2020
1263609025087697e3,3,Accurate information,No,NA,NA,NA,NA,NA,NA,NA,NA,Neutrality,The Tweet does not contain an authority reference,No,No,No,Spread and detection,No,NA,NA,NA,NA,Individuals or communities,NA,NA,NA,Other,0,2020
1341762020744568800,1,Misinformation,Yes,NA,NA,NA,A mainstream media outlet or journalist working in the mainstream media,NA,NA,NA,NA,Neutrality,The Tweet does not contain an authority reference,No,No,No,Existence of covid,Yes,NA,NA,NA,NA,Individuals or communities,NA,NA,NA,Misinformation,1,2020
1398952286609719300,2,Uncheckable claim,No,NA,NA,NA,NA,NA,NA,NA,NA,Neutrality,The Tweet contains a specific authority reference,No,No,No,Vaccination,No,NA,NA,NA,NA,NA,NA,NA,University or scientific organization,Other,0,2021
1379702911425519600,4,Accurate information,No,NA,NA,NA,NA,NA,NA,NA,NA,Neutrality,The Tweet does not contain an authority reference,No,No,No,"News, information and misinformation",No,NA,NA,NA,NA,NA,NA,None,NA,Other,0,2021
1357388428267110400,2,Other,No,NA,NA,NA,NA,NA,NA,NA,NA,Neutrality,The Tweet does not contain an authority reference,No,No,No,Vaccination,No,NA,NA,NA,NA,NA,NA,None,NA,Other,0,2021
1240978950018543600,1,Accurate information,No,NA,NA,NA,NA,NA,NA,NA,NA,Neutrality,The Tweet does not contain an authority reference,No,No,No,Spread and detection,No,NA,NA,NA,Other major non-governmental actors,Individuals or communities,NA,NA,NA,Other,0,2020
1313525267709788200,4,Misinformation,No,NA,NA,NA,NA,NA,NA,NA,NA,Negativity,The Tweet does not contain an authority reference,Yes,No,No,Existence of covid,Yes,NA,NA,NA,NA,NA,NA,None,NA,Misinformation,1,2020
1260667152790683600,1,Accurate information,Yes,NA,NA,"A foreign politician, foreign government, international leader or international organization",NA,NA,NA,NA,NA,Neutrality,The Tweet contains a specific authority reference,No,No,No,"News, information and misinformation",No,"Government, politicians and international organizations",NA,NA,NA,NA,NA,NA,NA,Other,0,2020
1267426764265005e3,4,Other,No,NA,NA,NA,NA,NA,NA,NA,NA,Mixed,The Tweet does not contain an authority reference,No,No,No,"News, information and misinformation",Yes,NA,NA,NA,Other major non-governmental actors,NA,NA,NA,University or scientific organization,Other,0,2020
1243269997004296200,3,Accurate information,Yes,NA,NA,NA,NA,NA,NA,NA,Misinformation is not attributed to an actor,Neutrality,The Tweet contains a specific authority reference,No,No,No,"News, information and misinformation",No,NA,NA,NA,NA,NA,NA,NA,University or scientific organization,Other,0,2020
1375026713835495400,3,Other,No,NA,NA,NA,NA,NA,NA,NA,NA,Neutrality,The Tweet does not contain an authority reference,No,No,No,"Policies, prevention & societal and economic impact",No,NA,NA,NA,NA,NA,NA,None,NA,Other,0,2021
1468513781605142500,3,Uncheckable claim,Yes,NA,NA,NA,NA,NA,NA,NA,Misinformation is not attributed to an actor,Negativity,The Tweet does not contain an authority reference,Yes,No,No,"News, information and misinformation",No,NA,NA,NA,NA,Individuals or communities,NA,NA,University or scientific organization,Other,0,2021
1474794843884990500,2,Misinformation,No,NA,NA,NA,NA,NA,NA,NA,NA,Negativity,The Tweet contains a specific authority reference,Yes,No,No,Existence of covid,Yes,NA,NA,NA,Other major non-governmental actors,Individuals or communities,NA,NA,NA,Misinformation,1,2021
1368470707731103700,4,Accurate information,No,NA,NA,NA,NA,NA,NA,NA,NA,Neutrality,The Tweet contains a specific authority reference,No,No,No,"Policies, prevention & societal and economic impact",No,"Government, politicians and international organizations",NA,NA,NA,NA,NA,NA,NA,Other,0,2021
1343951233091072e3,2,Accurate information,Yes,NA,NA,NA,NA,NA,NA,NA,Misinformation is not attributed to an actor,Neutrality,The Tweet does not contain an authority reference,No,No,No,"News, information and misinformation",No,NA,Health services,NA,NA,NA,NA,NA,NA,Other,0,2020
1417381864566894600,4,Other,No,NA,NA,NA,NA,NA,NA,NA,NA,Neutrality,The Tweet does not contain an authority reference,No,No,No,Symptoms or characteristics of covid,No,NA,NA,NA,NA,NA,NA,None,NA,Other,0,2021
1277632346645241900,1,Accurate information,Yes,NA,NA,NA,NA,NA,NA,NA,Misinformation is not attributed to an actor,Neutrality,The Tweet does not contain an authority reference,No,No,No,"News, information and misinformation",No,NA,NA,Media,NA,NA,NA,NA,University or scientific organization,Other,0,2020
1302917090362392600,4,Accurate information,Yes,NA,NA,NA,NA,NA,NA,NA,Misinformation is not attributed to an actor,Neutrality,The Tweet does not contain an authority reference,No,No,No,"News, information and misinformation",No,NA,Health services,NA,NA,NA,NA,NA,NA,Other,0,2020
1242832345608175600,2,Other,No,NA,NA,NA,NA,NA,NA,NA,NA,Negativity,The Tweet does not contain an authority reference,No,Yes,No,Spread and detection,No,NA,NA,NA,NA,NA,NA,None,NA,Other,0,2020
1251448299707564e3,2,Accurate information,No,NA,NA,NA,NA,NA,NA,NA,NA,Neutrality,The Tweet does not contain an authority reference,No,No,No,Symptoms or characteristics of covid,No,NA,NA,NA,Other major non-governmental actors,Individuals or communities,NA,NA,NA,Other,0,2020
1282280752613412900,1,Accurate information,No,NA,NA,NA,NA,NA,NA,NA,NA,Neutrality,The Tweet contains a non-specific authority reference,No,No,No,"Policies, prevention & societal and economic impact",No,NA,NA,NA,NA,Individuals or communities,NA,NA,University or scientific organization,Other,0,2020
1384046122214191e3,2,Accurate information,No,NA,NA,NA,NA,NA,NA,NA,NA,Neutrality,The Tweet does not contain an authority reference,No,No,No,"Policies, prevention & societal and economic impact",No,NA,NA,NA,NA,NA,NA,None,NA,Other,0,2021
1452949767487623200,4,Other,No,NA,NA,NA,NA,NA,NA,NA,NA,Neutrality,The Tweet does not contain an authority reference,No,No,No,Vaccination,No,NA,NA,NA,NA,Individuals or communities,NA,NA,NA,Other,0,2021
1458152344798077e3,4,Other,No,NA,NA,NA,NA,NA,NA,NA,NA,Neutrality,The Tweet does not contain an authority reference,No,No,No,Other,No,"Government, politicians and international organizations",NA,NA,NA,NA,NA,NA,NA,Other,0,2021
1254517913375170600,2,Accurate information,No,NA,NA,NA,NA,NA,NA,NA,NA,Neutrality,The Tweet contains a specific authority reference,No,No,No,Spread and detection,No,NA,NA,NA,NA,NA,NA,None,NA,Other,0,2020
1262668208584233e3,3,Uncheckable claim,No,NA,NA,NA,NA,NA,NA,NA,NA,Mixed,The Tweet does not contain an authority reference,No,No,No,"Policies, prevention & societal and economic impact",No,NA,NA,NA,NA,Individuals or communities,NA,NA,NA,Other,0,2020
1234487862453821400,1,Accurate information,Yes,NA,NA,NA,NA,NA,NA,NA,Misinformation is not attributed to an actor,Neutrality,The Tweet does not contain an authority reference,No,No,No,"News, information and misinformation",No,NA,NA,NA,NA,NA,NA,None,NA,Other,0,2020
1260515889876615200,1,Accurate information,No,NA,NA,NA,NA,NA,NA,NA,NA,Positivity,The Tweet contains a non-specific authority reference,No,No,No,"Remedies for cure, treatment and prevention",No,NA,NA,NA,NA,NA,NA,NA,University or scientific organization,Other,0,2020
1318476198687789e3,1,Other,No,NA,NA,NA,NA,NA,NA,NA,NA,Neutrality,The Tweet does not contain an authority reference,No,No,No,"Policies, prevention & societal and economic impact",No,NA,NA,NA,NA,Individuals or communities,NA,NA,NA,Other,0,2020
1338859268150182e3,3,Misinformation,No,NA,NA,NA,NA,NA,NA,NA,NA,Negativity,The Tweet does not contain an authority reference,No,No,No,Vaccination,No,"Government, politicians and international organizations",NA,NA,NA,Individuals or communities,NA,NA,NA,Misinformation,1,2020
1348958000652955600,1,Misinformation,No,NA,NA,NA,NA,NA,NA,NA,NA,Negativity,The Tweet contains a non-specific authority reference,No,No,Yes,Vaccination,Yes,NA,NA,NA,NA,Individuals or communities,NA,NA,NA,Misinformation,1,2021
1416330614878339e3,4,Accurate information,Yes,NA,NA,NA,A mainstream media outlet or journalist working in the mainstream media,NA,NA,NA,NA,Neutrality,The Tweet contains a specific authority reference,No,No,No,"News, information and misinformation",No,"Government, politicians and international organizations",NA,Media,NA,Individuals or communities,NA,NA,NA,Other,0,2021
1247987627103588400,1,Accurate information,Yes,NA,NA,NA,NA,NA,NA,NA,Misinformation is not attributed to an actor,Neutrality,The Tweet does not contain an authority reference,No,No,No,"News, information and misinformation",No,NA,NA,NA,NA,NA,NA,None,NA,Other,0,2020
1339245466568028200,4,Other,Yes,A Dutch politician (not seated in the Dutch cabinet),NA,NA,NA,NA,NA,NA,NA,Neutrality,The Tweet does not contain an authority reference,No,No,No,"News, information and misinformation",No,"Government, politicians and international organizations",NA,NA,NA,NA,NA,NA,NA,Other,0,2020
1328766292082438100,3,Uncheckable claim,No,NA,NA,NA,NA,NA,NA,NA,NA,Positivity,The Tweet does not contain an authority reference,No,No,No,"Policies, prevention & societal and economic impact",No,NA,NA,NA,NA,NA,NA,None,NA,Other,0,2020
1338260795436765200,2,Misinformation,Yes,NA,NA,NA,A mainstream media outlet or journalist working in the mainstream media,NA,NA,NA,NA,Neutrality,The Tweet does not contain an authority reference,No,No,No,"News, information and misinformation",No,NA,NA,Media,NA,NA,NA,NA,NA,Misinformation,1,2020
1455911357543506e3,4,Other,No,NA,NA,NA,NA,NA,NA,NA,NA,Neutrality,The Tweet does not contain an authority reference,Yes,No,No,"Policies, prevention & societal and economic impact",No,NA,NA,NA,NA,Individuals or communities,NA,NA,NA,Other,0,2021
1293091000643199e3,2,Other,Yes,NA,NA,NA,NA,NA,NA,NA,Misinformation is not attributed to an actor,Neutrality,The Tweet does not contain an authority reference,No,No,No,"News, information and misinformation",No,NA,NA,Media,NA,Individuals or communities,NA,NA,NA,Other,0,2020
1334742993069281300,1,Accurate information,No,NA,NA,NA,NA,NA,NA,NA,NA,Negativity,The Tweet does not contain an authority reference,No,No,No,"Policies, prevention & societal and economic impact",No,"Government, politicians and international organizations",NA,NA,NA,NA,NA,NA,NA,Other,0,2020
1412146442454671400,4,Other,No,NA,NA,NA,NA,NA,NA,NA,NA,Neutrality,The Tweet does not contain an authority reference,No,No,No,"Policies, prevention & societal and economic impact",No,NA,NA,NA,NA,NA,NA,None,NA,Other,0,2021
1473276679921492e3,1,Accurate information,Yes,NA,NA,NA,NA,NA,"An opinion leader or individual who is not a journalist, and not a part of a government, parliament, or a political party",NA,NA,Negativity,The Tweet does not contain an authority reference,No,No,No,Other,No,NA,Health services,NA,NA,Individuals or communities,NA,NA,NA,Other,0,2021
1426164681123717e3,2,Misinformation,No,NA,NA,NA,NA,NA,NA,NA,NA,Neutrality,The Tweet contains a specific authority reference,No,No,No,Vaccination,No,"Government, politicians and international organizations",NA,Media,NA,NA,NA,NA,NA,Misinformation,1,2021
1329851369826750500,4,Other,No,NA,NA,NA,NA,NA,NA,NA,NA,Neutrality,The Tweet does not contain an authority reference,No,Yes,No,Vaccination,No,NA,NA,NA,NA,Individuals or communities,NA,NA,NA,Other,0,2020
1336284779122192400,1,Uncheckable claim,No,NA,NA,NA,NA,NA,NA,NA,NA,Neutrality,The Tweet does not contain an authority reference,No,No,No,Vaccination,No,NA,Health services,NA,NA,Individuals or communities,NA,NA,NA,Other,0,2020
1331746089154830300,1,Accurate information,No,NA,NA,NA,NA,NA,NA,NA,NA,Neutrality,The Tweet does not contain an authority reference,No,No,No,Vaccination,No,"Government, politicians and international organizations",NA,NA,Other major non-governmental actors,NA,NA,NA,NA,Other,0,2020
1251383404874129400,4,Other,No,NA,NA,NA,NA,NA,NA,NA,NA,Neutrality,The Tweet does not contain an authority reference,No,No,No,"Policies, prevention & societal and economic impact",No,"Government, politicians and international organizations",NA,NA,NA,Individuals or communities,NA,NA,NA,Other,0,2020
1312002038897746e3,1,Other,Yes,NA,NA,NA,NA,NA,NA,NA,Misinformation is not attributed to an actor,Neutrality,The Tweet does not contain an authority reference,No,No,No,"News, information and misinformation",No,"Government, politicians and international organizations",NA,NA,Other major non-governmental actors,NA,NA,NA,NA,Other,0,2020
1433757936942211e3,1,Uncheckable claim,No,NA,NA,NA,NA,NA,NA,NA,NA,Neutrality,The Tweet does not contain an authority reference,No,No,No,Spread and detection,No,NA,NA,NA,NA,Individuals or communities,NA,NA,NA,Other,0,2021
1477649806390661e3,1,Accurate information,Yes,NA,NA,"A foreign politician, foreign government, international leader or international organization",NA,NA,NA,NA,NA,Neutrality,The Tweet does not contain an authority reference,No,No,No,"News, information and misinformation",No,"Government, politicians and international organizations",NA,NA,NA,NA,NA,NA,NA,Other,0,2022
1240932183524741e3,2,Accurate information,Yes,NA,NA,"A foreign politician, foreign government, international leader or international organization",NA,NA,NA,NA,NA,Neutrality,The Tweet contains a specific authority reference,No,No,No,"News, information and misinformation",No,"Government, politicians and international organizations",NA,NA,NA,Individuals or communities,NA,NA,NA,Other,0,2020
1312126449495679e3,1,Misinformation,Yes,NA,NA,NA,NA,NA,NA,NA,Misinformation is not attributed to an actor,Neutrality,The Tweet does not contain an authority reference,No,No,No,"News, information and misinformation",No,"Government, politicians and international organizations",NA,NA,NA,NA,NA,NA,NA,Misinformation,1,2020
1245061786820280300,4,Other,No,NA,NA,NA,NA,NA,NA,NA,NA,Neutrality,The Tweet does not contain an authority reference,No,No,No,Other,No,NA,NA,NA,NA,NA,NA,None,NA,Other,0,2020
1338636273167249400,1,Accurate information,No,NA,NA,NA,NA,NA,NA,NA,NA,Neutrality,The Tweet does not contain an authority reference,No,No,No,"Policies, prevention & societal and economic impact",No,"Government, politicians and international organizations",NA,NA,NA,NA,NA,NA,NA,Other,0,2020
1416097657492234200,4,Other,No,NA,NA,NA,NA,NA,NA,NA,NA,Negativity,The Tweet does not contain an authority reference,No,No,No,"Policies, prevention & societal and economic impact",No,NA,NA,NA,Other major non-governmental actors,Individuals or communities,NA,NA,NA,Other,0,2021
1318589227823734800,3,Accurate information,No,NA,NA,NA,NA,NA,NA,NA,NA,Negativity,The Tweet does not contain an authority reference,No,No,No,"Policies, prevention & societal and economic impact",No,"Government, politicians and international organizations",NA,NA,Other major non-governmental actors,NA,NA,NA,NA,Other,0,2020
1315212747496403e3,2,Uncheckable claim,No,NA,NA,NA,NA,NA,NA,NA,NA,Positivity,The Tweet does not contain an authority reference,No,No,No,"Policies, prevention & societal and economic impact",No,NA,NA,NA,Other major non-governmental actors,Individuals or communities,NA,NA,NA,Other,0,2020
1240257496167714800,2,Accurate information,No,NA,NA,NA,NA,NA,NA,NA,NA,Negativity,The Tweet contains a non-specific authority reference,No,No,Yes,Severity of covid,No,NA,NA,NA,NA,Individuals or communities,NA,NA,NA,Other,0,2020
1272918885709250600,1,Other,No,NA,NA,NA,NA,NA,NA,NA,NA,Neutrality,The Tweet does not contain an authority reference,No,No,No,"Remedies for cure, treatment and prevention",No,NA,NA,NA,NA,NA,NA,None,NA,Other,0,2020
1481262329757057e3,1,Other,No,NA,NA,NA,NA,NA,NA,NA,NA,Mixed,The Tweet does not contain an authority reference,No,No,No,"Policies, prevention & societal and economic impact",No,NA,NA,NA,NA,Individuals or communities,NA,NA,NA,Other,0,2022
1354105925230071800,1,Other,No,NA,NA,NA,NA,NA,NA,NA,NA,Neutrality,The Tweet does not contain an authority reference,No,No,No,"Policies, prevention & societal and economic impact",No,NA,NA,NA,Other major non-governmental actors,Individuals or communities,NA,NA,NA,Other,0,2021
1255554957543178200,4,Suggestive misinformation,No,NA,NA,NA,NA,NA,NA,NA,NA,Neutrality,The Tweet does not contain an authority reference,No,No,No,Symptoms or characteristics of covid,No,NA,NA,NA,NA,NA,NA,None,NA,Misinformation,1,2020
1.3120389406780001e+18,1,Accurate information,No,NA,NA,NA,NA,NA,NA,NA,NA,Neutrality,The Tweet contains a non-specific authority reference,No,No,No,Existence of covid,No,NA,NA,NA,NA,Individuals or communities,NA,NA,University or scientific organization,Other,0,2020
1407810922069045200,4,Other,No,NA,NA,NA,NA,NA,NA,NA,NA,Positivity,The Tweet does not contain an authority reference,No,No,No,"Policies, prevention & societal and economic impact",No,NA,NA,NA,NA,NA,NA,None,NA,Other,0,2021
1371747576756715500,3,Suggestive misinformation,No,NA,NA,NA,NA,NA,NA,NA,NA,Neutrality,The Tweet does not contain an authority reference,No,No,No,Symptoms or characteristics of covid,No,NA,NA,NA,NA,NA,NA,None,NA,Misinformation,1,2021
1252998867945169e3,1,Other,No,NA,NA,NA,NA,NA,NA,NA,NA,Neutrality,The Tweet does not contain an authority reference,No,No,No,Other,No,"Government, politicians and international organizations",NA,NA,NA,NA,NA,NA,NA,Other,0,2020
1456666773525340200,1,Other,Yes,NA,NA,NA,NA,NA,NA,Other actor,NA,Neutrality,The Tweet does not contain an authority reference,No,No,No,"News, information and misinformation",No,NA,NA,NA,Other major non-governmental actors,NA,NA,NA,NA,Other,0,2021
1242908007970885600,2,Other,Yes,NA,NA,NA,NA,NA,NA,NA,Misinformation is not attributed to an actor,Neutrality,The Tweet does not contain an authority reference,No,No,No,"News, information and misinformation",No,NA,NA,NA,NA,NA,NA,None,NA,Other,0,2020
1325823133518065700,3,Misinformation,No,NA,NA,NA,NA,NA,NA,NA,NA,Negativity,The Tweet does not contain an authority reference,No,No,No,Spread and detection,No,"Government, politicians and international organizations",NA,NA,NA,Individuals or communities,NA,NA,NA,Misinformation,1,2020
126631354144068e4,4,Accurate information,No,NA,NA,NA,NA,NA,NA,NA,NA,Neutrality,The Tweet does not contain an authority reference,No,No,No,"Remedies for cure, treatment and prevention",No,NA,NA,NA,NA,NA,NA,None,NA,Other,0,2020
1258078207934451700,3,Misinformation,No,NA,NA,NA,NA,NA,NA,NA,NA,Negativity,The Tweet does not contain an authority reference,No,No,No,Severity of covid,No,NA,NA,Media,NA,NA,NA,NA,NA,Misinformation,1,2020
1484951758862438400,2,Accurate information,No,NA,NA,NA,NA,NA,NA,NA,NA,Neutrality,The Tweet contains a non-specific authority reference,No,No,No,Vaccination,No,NA,NA,NA,NA,Individuals or communities,NA,NA,NA,Other,0,2022
1336584436612288500,4,Accurate information,Yes,NA,NA,NA,NA,NA,NA,NA,Misinformation is not attributed to an actor,Neutrality,The Tweet does not contain an authority reference,No,No,Yes,"News, information and misinformation",No,"Government, politicians and international organizations",NA,NA,NA,NA,NA,NA,NA,Other,0,2020
1345866781307580400,3,Misinformation,No,NA,NA,NA,NA,NA,NA,NA,NA,Neutrality,The Tweet does not contain an authority reference,No,No,No,Existence of covid,Yes,NA,NA,NA,Other major non-governmental actors,NA,NA,NA,NA,Misinformation,1,2021
1367222839611375600,1,Accurate information,No,NA,NA,NA,NA,NA,NA,NA,NA,Neutrality,The Tweet does not contain an authority reference,Yes,No,No,"Policies, prevention & societal and economic impact",No,"Government, politicians and international organizations",NA,NA,NA,Individuals or communities,NA,NA,NA,Other,0,2021
1275765653115474e3,1,Accurate information,No,NA,NA,NA,NA,NA,NA,NA,NA,Neutrality,The Tweet does not contain an authority reference,No,No,No,Symptoms or characteristics of covid,No,NA,NA,NA,NA,NA,NA,None,NA,Other,0,2020
1292095744133009400,1,Accurate information,No,NA,NA,NA,NA,NA,NA,NA,NA,Neutrality,The Tweet does not contain an authority reference,No,No,No,Spread and detection,No,NA,NA,NA,Other major non-governmental actors,NA,NA,NA,University or scientific organization,Other,0,2020
1269899815766409200,1,Uncheckable claim,No,NA,NA,NA,NA,NA,NA,NA,NA,Neutrality,The Tweet does not contain an authority reference,No,No,No,Spread and detection,No,NA,NA,NA,NA,Individuals or communities,NA,NA,NA,Other,0,2020
1369932612282835e3,4,Other,Yes,NA,NA,NA,NA,NA,NA,NA,Misinformation is not attributed to an actor,Neutrality,The Tweet does not contain an authority reference,No,No,No,"News, information and misinformation",No,NA,NA,NA,Other major non-governmental actors,NA,NA,NA,NA,Other,0,2021
1478660959480823800,3,Other,No,NA,NA,NA,NA,NA,NA,NA,NA,Negativity,The Tweet does not contain an authority reference,No,No,No,"Policies, prevention & societal and economic impact",Yes,"Government, politicians and international organizations",NA,NA,Other major non-governmental actors,NA,NA,NA,NA,Other,0,2022
1311351513944555500,1,Misinformation,Yes,NA,NA,NA,A mainstream media outlet or journalist working in the mainstream media,NA,NA,NA,NA,Neutrality,The Tweet does not contain an authority reference,No,No,No,"News, information and misinformation",No,NA,NA,Media,NA,NA,NA,NA,NA,Misinformation,1,2020
1369546401785540600,4,Other,No,NA,NA,NA,NA,NA,NA,NA,NA,Neutrality,The Tweet does not contain an authority reference,No,No,No,Vaccination,No,NA,NA,NA,NA,Individuals or communities,NA,NA,NA,Other,0,2021
1439079855325331500,2,Misinformation,No,NA,NA,NA,NA,NA,NA,NA,NA,Negativity,The Tweet does not contain an authority reference,No,Yes,Yes,Vaccination,No,NA,NA,NA,NA,Individuals or communities,NA,NA,NA,Misinformation,1,2021
1435376822649241600,4,Misinformation,No,NA,NA,NA,NA,NA,NA,NA,NA,Negativity,The Tweet does not contain an authority reference,Yes,No,No,Vaccination,No,NA,NA,NA,NA,Individuals or communities,NA,NA,NA,Misinformation,1,2021
1451595071711846400,2,Uncheckable claim,No,NA,NA,NA,NA,NA,NA,NA,NA,Positivity,The Tweet does not contain an authority reference,No,Yes,No,Symptoms or characteristics of covid,No,NA,NA,NA,NA,Individuals or communities,NA,NA,NA,Other,0,2021
1255561434089619500,1,Accurate information,Yes,NA,NA,NA,NA,NA,NA,NA,Misinformation is not attributed to an actor,Neutrality,The Tweet does not contain an authority reference,No,No,No,"News, information and misinformation",No,NA,NA,NA,NA,Individuals or communities,NA,NA,NA,Other,0,2020
1264289732189720600,2,Other,No,NA,NA,NA,NA,NA,NA,NA,NA,Negativity,The Tweet does not contain an authority reference,No,No,No,"Policies, prevention & societal and economic impact",No,NA,NA,NA,NA,NA,NA,None,NA,Other,0,2020
1.3460960616019999e+18,4,Accurate information,No,NA,NA,NA,NA,NA,NA,NA,NA,Neutrality,The Tweet does not contain an authority reference,No,No,No,"Policies, prevention & societal and economic impact",No,"Government, politicians and international organizations",NA,NA,NA,NA,NA,NA,NA,Other,0,2021
1237390005317730300,2,Misinformation,No,NA,NA,NA,NA,NA,NA,NA,NA,Neutrality,The Tweet does not contain an authority reference,No,No,No,"Remedies for cure, treatment and prevention",No,"Government, politicians and international organizations",NA,NA,NA,NA,NA,NA,NA,Misinformation,1,2020
1394948222548942800,4,Misinformation,No,NA,NA,NA,NA,NA,NA,NA,NA,Neutrality,The Tweet does not contain an authority reference,No,No,No,Vaccination,No,"Government, politicians and international organizations",NA,NA,NA,NA,NA,NA,NA,Misinformation,1,2021
1345293336459014100,1,Accurate information,No,NA,NA,NA,NA,NA,NA,NA,NA,Negativity,The Tweet does not contain an authority reference,Yes,No,No,"Policies, prevention & societal and economic impact",No,NA,Health services,NA,NA,Individuals or communities,NA,NA,NA,Other,0,2021
1319656055421489200,1,Other,No,NA,NA,NA,NA,NA,NA,NA,NA,Neutrality,The Tweet does not contain an authority reference,No,No,No,"Policies, prevention & societal and economic impact",No,NA,NA,NA,NA,Individuals or communities,NA,NA,NA,Other,0,2020
1274235811177906200,3,Misinformation,No,NA,NA,NA,NA,NA,NA,NA,NA,Neutrality,The Tweet does not contain an authority reference,No,No,No,Existence of covid,Yes,"Government, politicians and international organizations",NA,NA,NA,NA,NA,NA,NA,Misinformation,1,2020
1314978486524809200,4,Other,No,NA,NA,NA,NA,NA,NA,NA,NA,Neutrality,The Tweet does not contain an authority reference,No,No,No,"Policies, prevention & societal and economic impact",No,NA,NA,NA,NA,NA,NA,None,NA,Other,0,2020
1327581149930139600,2,Uncheckable claim,No,NA,NA,NA,NA,NA,NA,NA,NA,Positivity,The Tweet does not contain an authority reference,No,No,No,Spread and detection,No,NA,NA,NA,Other major non-governmental actors,Individuals or communities,NA,NA,NA,Other,0,2020
1248216633534972e3,3,Accurate information,No,NA,NA,NA,NA,NA,NA,NA,NA,Neutrality,The Tweet contains a non-specific authority reference,No,No,No,"Policies, prevention & societal and economic impact",No,NA,NA,NA,NA,NA,NA,None,NA,Other,0,2020
1255466562959671300,2,Uncheckable claim,Yes,NA,NA,NA,NA,NA,NA,NA,Misinformation is not attributed to an actor,Neutrality,The Tweet contains a specific authority reference,No,No,No,"News, information and misinformation",No,NA,NA,Media,Other major non-governmental actors,NA,NA,NA,NA,Other,0,2020
1456636765696049200,2,Uncheckable claim,Yes,A Dutch politician (not seated in the Dutch cabinet),NA,NA,NA,NA,NA,NA,NA,Negativity,The Tweet does not contain an authority reference,No,No,No,"News, information and misinformation",No,"Government, politicians and international organizations",Health services,NA,NA,NA,NA,NA,NA,Other,0,2021
1454709508790493200,2,Misinformation,No,NA,NA,NA,NA,NA,NA,NA,NA,Neutrality,The Tweet does not contain an authority reference,No,No,No,Existence of covid,Yes,NA,NA,NA,NA,NA,NA,None,NA,Misinformation,1,2021
1251178108989968400,1,Other,No,NA,NA,NA,NA,NA,NA,NA,NA,Neutrality,The Tweet does not contain an authority reference,No,No,No,"Policies, prevention & societal and economic impact",No,NA,NA,NA,NA,Individuals or communities,NA,NA,NA,Other,0,2020
1283727226245189600,3,Accurate information,No,NA,NA,NA,NA,NA,NA,NA,NA,Neutrality,The Tweet does not contain an authority reference,No,No,No,"Policies, prevention & societal and economic impact",No,"Government, politicians and international organizations",NA,NA,NA,NA,NA,NA,NA,Other,0,2020
1399302803361878e3,1,Uncheckable claim,No,NA,NA,NA,NA,NA,NA,NA,NA,Neutrality,The Tweet does not contain an authority reference,No,No,No,Vaccination,No,NA,NA,NA,NA,NA,NA,None,NA,Other,0,2021
1369936169815969800,4,Other,No,NA,NA,NA,NA,NA,NA,NA,NA,Neutrality,The Tweet does not contain an authority reference,No,No,No,Spread and detection,No,NA,NA,NA,NA,Individuals or communities,NA,NA,NA,Other,0,2021
1.4621063706569441e+18,2,Uncheckable claim,No,NA,NA,NA,NA,NA,NA,NA,NA,Negativity,The Tweet does not contain an authority reference,Yes,No,No,Origin of covid,No,NA,NA,NA,NA,Individuals or communities,NA,NA,NA,Other,0,2021
1288373705815609300,4,Accurate information,No,NA,NA,NA,NA,NA,NA,NA,NA,Neutrality,The Tweet contains a specific authority reference,No,No,No,"Remedies for cure, treatment and prevention",No,NA,NA,NA,NA,NA,NA,None,NA,Other,0,2020
126122808284681e4,2,Uncheckable claim,No,NA,NA,NA,NA,NA,NA,NA,NA,Positivity,The Tweet does not contain an authority reference,No,No,No,Other,No,NA,NA,NA,NA,NA,NA,None,NA,Other,0,2020
1486257310838235100,4,Misinformation,No,NA,NA,NA,NA,NA,NA,NA,NA,Negativity,The Tweet does not contain an authority reference,No,No,No,Vaccination,Yes,NA,Health services,NA,NA,NA,NA,NA,NA,Misinformation,1,2022
1380525416973095e3,2,Accurate information,No,NA,NA,NA,NA,NA,NA,NA,NA,Neutrality,The Tweet does not contain an authority reference,No,No,No,Other,No,NA,NA,NA,NA,NA,NA,None,NA,Other,0,2021
1314994137364660200,2,Other,No,NA,NA,NA,NA,NA,NA,NA,NA,Neutrality,The Tweet does not contain an authority reference,No,No,No,"Policies, prevention & societal and economic impact",No,NA,NA,NA,NA,NA,NA,None,NA,Other,0,2020
1349454174623248400,4,Accurate information,No,NA,NA,NA,NA,NA,NA,NA,NA,Neutrality,The Tweet does not contain an authority reference,No,No,No,"News, information and misinformation",No,NA,NA,NA,NA,NA,NA,None,NA,Other,0,2021
1315866012605186e3,3,Accurate information,No,NA,NA,NA,NA,NA,NA,NA,NA,Neutrality,The Tweet does not contain an authority reference,No,No,No,Vaccination,No,NA,NA,NA,Other major non-governmental actors,NA,NA,NA,NA,Other,0,2020
1282197141616758800,4,Other,No,NA,NA,NA,NA,NA,NA,NA,NA,Neutrality,The Tweet does not contain an authority reference,No,No,No,Symptoms or characteristics of covid,No,NA,NA,NA,NA,NA,NA,None,NA,Other,0,2020
1295233926445830100,3,Other,No,NA,NA,NA,NA,NA,NA,NA,NA,Neutrality,The Tweet does not contain an authority reference,No,No,No,"Policies, prevention & societal and economic impact",No,NA,NA,NA,NA,NA,NA,None,NA,Other,0,2020
1314903185249759200,1,Other,No,NA,NA,NA,NA,NA,NA,NA,NA,Neutrality,The Tweet does not contain an authority reference,No,No,No,"Policies, prevention & societal and economic impact",No,NA,NA,NA,NA,NA,NA,None,NA,Other,0,2020
1315744958591250400,3,Accurate information,No,NA,NA,NA,NA,NA,NA,NA,NA,Positivity,The Tweet does not contain an authority reference,No,No,No,"Policies, prevention & societal and economic impact",No,NA,NA,NA,NA,NA,NA,None,NA,Other,0,2020
1347321626195476500,4,Accurate information,No,NA,NA,NA,NA,NA,NA,NA,NA,Neutrality,The Tweet does not contain an authority reference,No,No,No,Symptoms or characteristics of covid,No,NA,Health services,NA,NA,Individuals or communities,NA,NA,NA,Other,0,2021
1352958895929634800,4,Misinformation,No,NA,NA,NA,NA,NA,NA,NA,NA,Neutrality,The Tweet does not contain an authority reference,No,No,No,Existence of covid,Yes,"Government, politicians and international organizations",NA,NA,Other major non-governmental actors,NA,NA,NA,NA,Misinformation,1,2021
1317260336353972200,4,Other,No,NA,NA,NA,NA,NA,NA,NA,NA,Neutrality,The Tweet does not contain an authority reference,No,No,No,"Policies, prevention & societal and economic impact",No,NA,NA,NA,NA,Individuals or communities,NA,NA,NA,Other,0,2020
1462878340231188500,3,Misinformation,No,NA,NA,NA,NA,NA,NA,NA,NA,Negativity,The Tweet does not contain an authority reference,No,No,No,Spread and detection,No,NA,NA,NA,NA,Individuals or communities,NA,NA,NA,Misinformation,1,2021
1312652405725491200,4,Accurate information,No,NA,NA,NA,NA,NA,NA,NA,NA,Neutrality,The Tweet does not contain an authority reference,No,No,No,Spread and detection,No,NA,NA,NA,Other major non-governmental actors,Individuals or communities,NA,NA,NA,Other,0,2020
1.4428242469343519e+18,2,Other,Yes,NA,NA,NA,NA,NA,NA,NA,Misinformation is not attributed to an actor,Neutrality,The Tweet does not contain an authority reference,No,No,No,"News, information and misinformation",No,NA,NA,NA,NA,NA,NA,None,NA,Other,0,2021
1266624003239743500,4,Accurate information,No,NA,NA,NA,NA,NA,NA,NA,NA,Neutrality,The Tweet does not contain an authority reference,No,No,No,"Remedies for cure, treatment and prevention",No,"Government, politicians and international organizations",NA,NA,NA,NA,NA,NA,NA,Other,0,2020
1261573860354392e3,3,Accurate information,No,NA,NA,NA,NA,NA,NA,NA,NA,Negativity,The Tweet does not contain an authority reference,Yes,No,No,Other,No,"Government, politicians and international organizations",NA,NA,NA,NA,NA,NA,NA,Other,0,2020
1290246824557777e3,1,Other,No,NA,NA,NA,NA,NA,NA,NA,NA,Positivity,The Tweet does not contain an authority reference,No,No,No,Other,No,NA,NA,NA,NA,Individuals or communities,NA,NA,NA,Other,0,2020
1242162205673558e3,1,Unable to classify,No,NA,NA,NA,NA,NA,NA,NA,NA,Neutrality,The Tweet does not contain an authority reference,No,No,No,"Policies, prevention & societal and economic impact",No,NA,NA,NA,NA,Individuals or communities,NA,NA,NA,Other,0,2020
1341299236730769400,3,Misinformation,No,NA,NA,NA,NA,NA,NA,NA,NA,Negativity,The Tweet does not contain an authority reference,No,No,No,"Policies, prevention & societal and economic impact",No,NA,NA,Media,NA,NA,NA,NA,NA,Misinformation,1,2020
1470336956437516300,3,Accurate information,Yes,NA,NA,NA,NA,NA,"An opinion leader or individual who is not a journalist, and not a part of a government, parliament, or a political party",NA,NA,Neutrality,The Tweet does not contain an authority reference,No,No,No,"News, information and misinformation",No,NA,NA,NA,Other major non-governmental actors,Individuals or communities,NA,NA,NA,Other,0,2021
1438055903509586e3,2,Uncheckable claim,No,NA,NA,NA,NA,NA,NA,NA,NA,Neutrality,The Tweet does not contain an authority reference,No,No,No,"Policies, prevention & societal and economic impact",No,NA,NA,NA,NA,NA,NA,None,NA,Other,0,2021
1486612204787052500,2,Misinformation,Yes,NA,"The Dutch government, cabinet, a member of the Dutch cabinet or civil servant",NA,NA,NA,NA,NA,NA,Neutrality,The Tweet contains a specific authority reference,No,No,No,"News, information and misinformation",No,"Government, politicians and international organizations",NA,NA,NA,NA,NA,NA,University or scientific organization,Misinformation,1,2022
1360720462288928800,4,Other,No,NA,NA,NA,NA,NA,NA,NA,NA,Neutrality,The Tweet does not contain an authority reference,No,No,No,"News, information and misinformation",No,NA,Health services,NA,NA,Individuals or communities,NA,NA,NA,Other,0,2021
1295117651656810500,2,Other,No,NA,NA,NA,NA,NA,NA,NA,NA,Neutrality,The Tweet does not contain an authority reference,No,No,No,"Policies, prevention & societal and economic impact",No,NA,NA,NA,NA,NA,NA,None,NA,Other,0,2020
1408069801117773800,1,Accurate information,Yes,NA,NA,NA,NA,NA,NA,NA,Misinformation is not attributed to an actor,Negativity,The Tweet does not contain an authority reference,No,Yes,No,"News, information and misinformation",No,NA,NA,Media,NA,NA,NA,NA,NA,Other,0,2021
1483499545862590500,3,Other,No,NA,NA,NA,NA,NA,NA,NA,NA,Negativity,The Tweet does not contain an authority reference,Yes,No,No,Vaccination,No,NA,NA,NA,NA,Individuals or communities,NA,NA,NA,Other,0,2022
1248614573856272400,1,Accurate information,No,NA,NA,NA,NA,NA,NA,NA,NA,Positivity,The Tweet does not contain an authority reference,No,No,No,"Policies, prevention & societal and economic impact",No,"Government, politicians and international organizations",NA,NA,NA,NA,NA,NA,NA,Other,0,2020
1336799952299757600,1,Misinformation,No,NA,NA,NA,NA,NA,NA,NA,NA,Neutrality,The Tweet does not contain an authority reference,No,No,Yes,Existence of covid,Yes,"Government, politicians and international organizations",NA,NA,Other major non-governmental actors,NA,NA,NA,NA,Misinformation,1,2020
1.3148904365033759e+18,4,Suggestive misinformation,No,NA,NA,NA,NA,NA,NA,NA,NA,Neutrality,The Tweet does not contain an authority reference,No,No,No,Existence of covid,Yes,NA,NA,NA,NA,NA,NA,None,NA,Misinformation,1,2020
1392771310888104e3,4,Other,No,NA,NA,NA,NA,NA,NA,NA,NA,Neutrality,The Tweet does not contain an authority reference,No,No,No,"Policies, prevention & societal and economic impact",No,"Government, politicians and international organizations",NA,NA,NA,NA,NA,NA,NA,Other,0,2021
1434119798389104600,4,Misinformation,No,NA,NA,NA,NA,NA,NA,NA,NA,Negativity,The Tweet does not contain an authority reference,Yes,No,No,"News, information and misinformation",No,"Government, politicians and international organizations",NA,NA,NA,NA,NA,NA,NA,Misinformation,1,2021
1469359877734776800,4,Unable to classify,No,NA,NA,NA,NA,NA,NA,NA,NA,Negativity,The Tweet does not contain an authority reference,Yes,No,No,Existence of covid,Yes,NA,NA,NA,NA,Individuals or communities,NA,NA,NA,Other,0,2021
1391686991612424200,3,Uncheckable claim,No,NA,NA,NA,NA,NA,NA,NA,NA,Neutrality,The Tweet does not contain an authority reference,No,No,No,Spread and detection,No,NA,NA,NA,NA,Individuals or communities,NA,NA,NA,Other,0,2021
1314806783584632800,2,Other,No,NA,NA,NA,NA,NA,NA,NA,NA,Neutrality,The Tweet does not contain an authority reference,No,No,No,"Policies, prevention & societal and economic impact",No,NA,NA,NA,NA,NA,NA,None,NA,Other,0,2020
1442142035205443600,1,Misinformation,No,NA,NA,NA,NA,NA,NA,NA,NA,Negativity,The Tweet contains a non-specific authority reference,No,No,Yes,Vaccination,No,NA,NA,NA,NA,Individuals or communities,NA,NA,University or scientific organization,Misinformation,1,2021
1236251661099810800,3,Uncheckable claim,No,NA,NA,NA,NA,NA,NA,NA,NA,Neutrality,The Tweet does not contain an authority reference,No,No,No,"Remedies for cure, treatment and prevention",No,NA,NA,Media,Other major non-governmental actors,NA,NA,NA,NA,Other,0,2020
1458718122492452900,4,Other,No,NA,NA,NA,NA,NA,NA,NA,NA,Negativity,The Tweet does not contain an authority reference,No,No,No,"Policies, prevention & societal and economic impact",Yes,NA,NA,NA,NA,Individuals or communities,NA,NA,NA,Other,0,2021
1241436489185210400,3,Accurate information,No,NA,NA,NA,NA,NA,NA,NA,NA,Neutrality,The Tweet does not contain an authority reference,No,No,No,"Remedies for cure, treatment and prevention",No,NA,NA,NA,NA,NA,NA,None,NA,Other,0,2020
1240196238290583600,2,Other,Yes,NA,NA,NA,NA,NA,NA,NA,Misinformation is not attributed to an actor,Negativity,The Tweet does not contain an authority reference,No,No,No,"News, information and misinformation",No,NA,NA,Media,NA,NA,NA,NA,NA,Other,0,2020
1443245994490089500,4,Other,No,NA,NA,NA,NA,NA,NA,NA,NA,Neutrality,The Tweet does not contain an authority reference,No,No,No,Existence of covid,Yes,"Government, politicians and international organizations",NA,NA,NA,NA,NA,NA,NA,Other,0,2021
1249767107463655400,3,Suggestive misinformation,No,NA,NA,NA,NA,NA,NA,NA,NA,Neutrality,The Tweet does not contain an authority reference,No,No,No,"Policies, prevention & societal and economic impact",No,"Government, politicians and international organizations",NA,NA,NA,Individuals or communities,NA,NA,NA,Misinformation,1,2020
1457419507912302600,3,Other,No,NA,NA,NA,NA,NA,NA,NA,NA,Neutrality,The Tweet does not contain an authority reference,No,No,No,Vaccination,No,NA,NA,NA,NA,NA,NA,None,NA,Other,0,2021
1275039189319458800,4,Accurate information,Yes,NA,NA,NA,NA,NA,NA,NA,Misinformation is not attributed to an actor,Neutrality,The Tweet does not contain an authority reference,No,No,No,Spread and detection,No,NA,NA,NA,Other major non-governmental actors,NA,NA,NA,NA,Other,0,2020
1314940389061734400,2,Other,No,NA,NA,NA,NA,NA,NA,NA,NA,Neutrality,The Tweet does not contain an authority reference,No,No,No,"Policies, prevention & societal and economic impact",No,NA,NA,NA,NA,NA,NA,None,NA,Other,0,2020
1254835258098438100,4,Accurate information,No,NA,NA,NA,NA,NA,NA,NA,NA,Neutrality,The Tweet does not contain an authority reference,No,No,No,"News, information and misinformation",No,NA,NA,NA,NA,NA,NA,None,NA,Other,0,2020
1319909380389806e3,1,Other,No,NA,NA,NA,NA,NA,NA,NA,NA,Neutrality,The Tweet does not contain an authority reference,No,No,No,"Policies, prevention & societal and economic impact",No,NA,NA,NA,NA,Individuals or communities,NA,NA,NA,Other,0,2020
1466223790300479500,1,Accurate information,Yes,NA,NA,NA,NA,NA,NA,NA,Misinformation is not attributed to an actor,Neutrality,The Tweet does not contain an authority reference,No,No,No,"Policies, prevention & societal and economic impact",No,"Government, politicians and international organizations",Health services,NA,NA,NA,NA,NA,NA,Other,0,2021
1477761363938353200,3,Uncheckable claim,No,NA,NA,NA,NA,NA,NA,NA,NA,Negativity,The Tweet does not contain an authority reference,No,No,No,Vaccination,No,NA,NA,NA,NA,Individuals or communities,NA,NA,NA,Other,0,2022
1350064943052304400,3,Misinformation,No,NA,NA,NA,NA,NA,NA,NA,NA,Neutrality,The Tweet contains a non-specific authority reference,No,No,No,"Remedies for cure, treatment and prevention",No,NA,NA,Media,NA,NA,NA,NA,NA,Misinformation,1,2021
1357002156927246300,3,Accurate information,No,NA,NA,NA,NA,NA,NA,NA,NA,Positivity,The Tweet does not contain an authority reference,No,No,No,Spread and detection,No,NA,NA,NA,NA,NA,NA,None,NA,Other,0,2021
1295250877591232500,4,Other,No,NA,NA,NA,NA,NA,NA,NA,NA,Neutrality,The Tweet does not contain an authority reference,No,No,No,"Policies, prevention & societal and economic impact",No,NA,NA,NA,NA,NA,NA,None,NA,Other,0,2020
1240282455950725e3,3,Other,No,NA,NA,NA,NA,NA,NA,NA,NA,Neutrality,The Tweet does not contain an authority reference,No,No,No,"Policies, prevention & societal and economic impact",No,"Government, politicians and international organizations",NA,NA,NA,NA,NA,NA,NA,Other,0,2020
1284224825003835400,4,Misinformation,No,NA,NA,NA,NA,NA,NA,NA,NA,Neutrality,The Tweet contains a non-specific authority reference,No,No,No,"Policies, prevention & societal and economic impact",No,NA,NA,NA,Other major non-governmental actors,NA,NA,NA,NA,Misinformation,1,2020
1371034446699376600,3,Uncheckable claim,No,NA,NA,NA,NA,NA,NA,NA,NA,Mixed,The Tweet does not contain an authority reference,No,No,No,Spread and detection,No,NA,NA,NA,NA,NA,NA,None,NA,Other,0,2021
1295950321441738800,3,Other,No,NA,NA,NA,NA,NA,NA,NA,NA,Neutrality,The Tweet does not contain an authority reference,No,No,No,"Policies, prevention & societal and economic impact",No,NA,NA,NA,NA,NA,NA,None,NA,Other,0,2020
1369002024436719600,1,Misinformation,No,NA,NA,NA,NA,NA,NA,NA,NA,Negativity,The Tweet does not contain an authority reference,No,No,Yes,"Policies, prevention & societal and economic impact",Yes,NA,NA,NA,NA,Individuals or communities,NA,NA,NA,Misinformation,1,2021
1402450050593198e3,1,Misinformation,No,NA,NA,NA,NA,NA,NA,NA,NA,Neutrality,The Tweet does not contain an authority reference,No,No,No,Vaccination,No,NA,Health services,NA,NA,Individuals or communities,NA,NA,NA,Misinformation,1,2021
1455066579050406e3,4,Accurate information,Yes,NA,NA,NA,NA,NA,"An opinion leader or individual who is not a journalist, and not a part of a government, parliament, or a political party",NA,NA,Neutrality,The Tweet does not contain an authority reference,No,No,No,"News, information and misinformation",No,NA,Health services,NA,Other major non-governmental actors,Individuals or communities,NA,NA,NA,Other,0,2021
1479787118171988e3,1,Uncheckable claim,No,NA,NA,NA,NA,NA,NA,NA,NA,Neutrality,The Tweet does not contain an authority reference,No,No,No,Symptoms or characteristics of covid,No,NA,NA,NA,NA,Individuals or communities,NA,NA,NA,Other,0,2022
1379015795737559e3,3,Misinformation,Yes,NA,NA,NA,A mainstream media outlet or journalist working in the mainstream media,NA,NA,NA,NA,Negativity,The Tweet does not contain an authority reference,No,No,No,"News, information and misinformation",No,"Government, politicians and international organizations",NA,Media,NA,Individuals or communities,NA,NA,NA,Misinformation,1,2021
1454036648367362e3,2,Misinformation,No,NA,NA,NA,NA,NA,NA,NA,NA,Negativity,The Tweet does not contain an authority reference,No,No,No,Vaccination,No,"Government, politicians and international organizations",NA,NA,NA,NA,NA,NA,NA,Misinformation,1,2021
1314900054659027e3,1,Other,No,NA,NA,NA,NA,NA,NA,NA,NA,Neutrality,The Tweet does not contain an authority reference,No,No,No,"Policies, prevention & societal and economic impact",No,NA,NA,NA,NA,NA,NA,None,NA,Other,0,2020
1331917039439655e3,4,Other,No,NA,NA,NA,NA,NA,NA,NA,NA,Neutrality,The Tweet does not contain an authority reference,No,No,No,"Policies, prevention & societal and economic impact",No,NA,NA,NA,NA,Individuals or communities,NA,NA,NA,Other,0,2020
1315544562694262800,1,Accurate information,No,NA,NA,NA,NA,NA,NA,NA,NA,Neutrality,The Tweet does not contain an authority reference,No,No,No,"Remedies for cure, treatment and prevention",No,NA,NA,NA,NA,Individuals or communities,NA,NA,NA,Other,0,2020
1425699092039028700,3,Accurate information,No,NA,NA,NA,NA,NA,NA,NA,NA,Neutrality,The Tweet does not contain an authority reference,No,No,No,"Remedies for cure, treatment and prevention",No,NA,NA,NA,NA,NA,NA,None,NA,Other,0,2021
1459877322115502e3,4,Other,No,NA,NA,NA,NA,NA,NA,NA,NA,Neutrality,The Tweet does not contain an authority reference,No,No,No,"Policies, prevention & societal and economic impact",No,NA,NA,NA,NA,Individuals or communities,NA,NA,NA,Other,0,2021
1349662271442710500,4,Accurate information,Yes,NA,NA,NA,NA,NA,NA,NA,Misinformation is not attributed to an actor,Neutrality,The Tweet does not contain an authority reference,No,No,No,"News, information and misinformation",No,"Government, politicians and international organizations",NA,NA,NA,NA,NA,NA,NA,Other,0,2021
1234732256230543400,1,Accurate information,No,NA,NA,NA,NA,NA,NA,NA,NA,Neutrality,The Tweet does not contain an authority reference,No,No,No,"Policies, prevention & societal and economic impact",No,NA,NA,NA,NA,NA,NA,None,NA,Other,0,2020
1295391240641544200,1,Other,No,NA,NA,NA,NA,NA,NA,NA,NA,Neutrality,The Tweet does not contain an authority reference,No,No,No,"News, information and misinformation",No,NA,NA,NA,NA,NA,NA,None,NA,Other,0,2020
138182159889485e4,2,Other,No,NA,NA,NA,NA,NA,NA,NA,NA,Negativity,The Tweet does not contain an authority reference,No,No,No,"News, information and misinformation",No,NA,NA,Media,NA,Individuals or communities,NA,NA,NA,Other,0,2021
1338854566167675e3,1,Other,No,NA,NA,NA,NA,NA,NA,NA,NA,Mixed,The Tweet does not contain an authority reference,No,No,Yes,"Policies, prevention & societal and economic impact",No,NA,NA,NA,NA,NA,NA,None,NA,Other,0,2020
1376877677324476400,3,Uncheckable claim,No,NA,NA,NA,NA,NA,NA,NA,NA,Negativity,The Tweet does not contain an authority reference,No,No,Yes,"Policies, prevention & societal and economic impact",No,"Government, politicians and international organizations",NA,NA,NA,Individuals or communities,NA,NA,NA,Other,0,2021
1295914651277033500,4,Accurate information,No,NA,NA,NA,NA,NA,NA,NA,NA,Neutrality,The Tweet does not contain an authority reference,No,No,No,"Remedies for cure, treatment and prevention",No,NA,NA,NA,NA,NA,NA,None,NA,Other,0,2020
1261969068187218e3,4,Accurate information,No,NA,NA,NA,NA,NA,NA,NA,NA,Neutrality,The Tweet does not contain an authority reference,No,No,No,"Policies, prevention & societal and economic impact",No,NA,NA,NA,NA,Individuals or communities,NA,NA,NA,Other,0,2020
1295864022408089600,4,Other,Yes,NA,NA,NA,NA,NA,NA,NA,Misinformation is not attributed to an actor,Neutrality,The Tweet does not contain an authority reference,No,No,No,"News, information and misinformation",No,NA,NA,NA,NA,NA,NA,None,NA,Other,0,2020
1459879518915764200,2,Uncheckable claim,No,NA,NA,NA,NA,NA,NA,NA,NA,Neutrality,The Tweet does not contain an authority reference,No,No,No,Spread and detection,No,NA,NA,NA,NA,NA,NA,None,NA,Other,0,2021
1321147077523636200,2,Uncheckable claim,No,NA,NA,NA,NA,NA,NA,NA,NA,Neutrality,The Tweet does not contain an authority reference,No,No,No,"Policies, prevention & societal and economic impact",No,NA,NA,NA,NA,NA,NA,None,NA,Other,0,2020
1368049901683245e3,4,Other,No,NA,NA,NA,NA,NA,NA,NA,NA,Neutrality,The Tweet does not contain an authority reference,No,No,No,Symptoms or characteristics of covid,No,NA,Health services,NA,NA,NA,NA,NA,NA,Other,0,2021
1295294796265816e3,1,Other,No,NA,NA,NA,NA,NA,NA,NA,NA,Neutrality,The Tweet does not contain an authority reference,No,No,No,"Policies, prevention & societal and economic impact",No,NA,NA,NA,NA,Individuals or communities,NA,NA,NA,Other,0,2020
1285578535969501200,4,Accurate information,No,NA,NA,NA,NA,NA,NA,NA,NA,Neutrality,The Tweet contains a non-specific authority reference,No,No,No,"Policies, prevention & societal and economic impact",No,NA,NA,Media,NA,NA,NA,NA,NA,Other,0,2020
1267504321647739e3,3,Accurate information,No,NA,NA,NA,NA,NA,NA,NA,NA,Neutrality,The Tweet does not contain an authority reference,No,No,No,Symptoms or characteristics of covid,No,NA,NA,NA,NA,Individuals or communities,NA,NA,NA,Other,0,2020
1288791468698742800,4,Accurate information,No,NA,NA,NA,NA,NA,NA,NA,NA,Neutrality,The Tweet does not contain an authority reference,No,No,No,"Remedies for cure, treatment and prevention",No,NA,NA,NA,NA,NA,NA,None,NA,Other,0,2020
1423756303982284800,2,Misinformation,No,NA,NA,NA,NA,NA,NA,NA,NA,Positivity,The Tweet does not contain an authority reference,No,No,No,Existence of covid,Yes,NA,NA,NA,Other major non-governmental actors,NA,NA,NA,NA,Misinformation,1,2021
1289442025201311700,4,Accurate information,Yes,NA,NA,NA,NA,NA,NA,NA,Misinformation is not attributed to an actor,Neutrality,The Tweet does not contain an authority reference,No,No,No,"News, information and misinformation",No,NA,NA,NA,NA,NA,NA,NA,University or scientific organization,Other,0,2020
1270430869908488200,2,Accurate information,No,NA,NA,NA,NA,NA,NA,NA,NA,Negativity,The Tweet does not contain an authority reference,No,No,No,Spread and detection,No,"Government, politicians and international organizations",NA,NA,NA,Individuals or communities,NA,NA,NA,Other,0,2020
1275471630697930800,3,Misinformation,Yes,A Dutch politician (not seated in the Dutch cabinet),NA,NA,NA,NA,NA,NA,NA,Neutrality,The Tweet does not contain an authority reference,No,No,No,"News, information and misinformation",No,"Government, politicians and international organizations",NA,NA,NA,NA,NA,NA,NA,Misinformation,1,2020
1265416606391337e3,1,Misinformation,No,NA,NA,NA,NA,NA,NA,NA,NA,Neutrality,The Tweet contains a non-specific authority reference,No,No,No,Existence of covid,Yes,NA,Health services,NA,NA,NA,NA,NA,NA,Misinformation,1,2020
1486976705512226800,2,Accurate information,Yes,NA,NA,NA,NA,NA,"An opinion leader or individual who is not a journalist, and not a part of a government, parliament, or a political party",NA,NA,Negativity,The Tweet does not contain an authority reference,No,No,No,"News, information and misinformation",No,NA,NA,NA,Other major non-governmental actors,Individuals or communities,NA,NA,NA,Other,0,2022
1320804496738537500,1,Misinformation,Yes,NA,NA,NA,NA,NA,NA,NA,Misinformation is not attributed to an actor,Neutrality,The Tweet does not contain an authority reference,No,No,No,Existence of covid,Yes,NA,NA,NA,NA,NA,NA,None,NA,Misinformation,1,2020
1277277505511207e3,1,Misinformation,No,NA,NA,NA,NA,NA,NA,NA,NA,Neutrality,The Tweet does not contain an authority reference,No,No,No,Severity of covid,No,NA,NA,NA,NA,NA,NA,None,NA,Misinformation,1,2020
1296693945372737500,1,Accurate information,Yes,NA,NA,NA,NA,NA,"An opinion leader or individual who is not a journalist, and not a part of a government, parliament, or a political party",NA,NA,Neutrality,The Tweet does not contain an authority reference,Yes,No,No,"News, information and misinformation",No,NA,NA,NA,NA,Individuals or communities,NA,NA,NA,Other,0,2020
1273299492352245800,4,Other,No,NA,NA,NA,NA,NA,NA,NA,NA,Neutrality,The Tweet does not contain an authority reference,Yes,No,No,"Policies, prevention & societal and economic impact",No,NA,NA,NA,Other major non-governmental actors,NA,NA,NA,NA,Other,0,2020
1315281471196799e3,4,Other,No,NA,NA,NA,NA,NA,NA,NA,NA,Neutrality,The Tweet does not contain an authority reference,No,No,No,"Policies, prevention & societal and economic impact",No,NA,NA,NA,NA,NA,NA,None,NA,Other,0,2020
136020709567778e4,4,Other,No,NA,NA,NA,NA,NA,NA,NA,NA,Neutrality,The Tweet does not contain an authority reference,No,No,No,Other,No,NA,NA,NA,NA,NA,NA,None,NA,Other,0,2021
1269849838021152800,4,Other,No,NA,NA,NA,NA,NA,NA,NA,NA,Neutrality,The Tweet does not contain an authority reference,No,No,No,Existence of covid,No,NA,NA,NA,NA,Individuals or communities,NA,NA,NA,Other,0,2020
1307693074076913700,3,Other,No,NA,NA,NA,NA,NA,NA,NA,NA,Neutrality,The Tweet does not contain an authority reference,No,No,No,Vaccination,No,"Government, politicians and international organizations",NA,NA,NA,NA,NA,NA,NA,Other,0,2020
1234482898323038200,4,Accurate information,Yes,NA,NA,NA,NA,NA,NA,NA,Misinformation is not attributed to an actor,Neutrality,The Tweet does not contain an authority reference,No,No,Yes,"News, information and misinformation",No,"Government, politicians and international organizations",NA,Media,NA,NA,NA,NA,NA,Other,0,2020
1455552500979929e3,4,Other,No,NA,NA,NA,NA,NA,NA,NA,NA,Neutrality,The Tweet does not contain an authority reference,No,No,No,"Policies, prevention & societal and economic impact",No,NA,NA,NA,NA,NA,NA,None,NA,Other,0,2021
1315052671989055500,2,Other,No,NA,NA,NA,NA,NA,NA,NA,NA,Negativity,The Tweet does not contain an authority reference,No,No,No,"Policies, prevention & societal and economic impact",No,NA,NA,NA,NA,NA,NA,None,NA,Other,0,2020
1411424840016347100,2,Other,No,NA,NA,NA,NA,NA,NA,NA,NA,Neutrality,The Tweet does not contain an authority reference,No,No,No,Vaccination,No,NA,NA,NA,NA,NA,NA,None,NA,Other,0,2021
1248605418412068900,1,Accurate information,Yes,NA,NA,NA,NA,NA,"An opinion leader or individual who is not a journalist, and not a part of a government, parliament, or a political party",NA,NA,Neutrality,The Tweet contains a specific authority reference,No,No,Yes,"News, information and misinformation",No,"Government, politicians and international organizations",NA,NA,Other major non-governmental actors,NA,NA,NA,NA,Other,0,2020
1368485823474204700,2,Uncheckable claim,No,NA,NA,NA,NA,NA,NA,NA,NA,Mixed,The Tweet does not contain an authority reference,No,No,No,"Policies, prevention & societal and economic impact",No,NA,NA,NA,NA,NA,NA,NA,University or scientific organization,Other,0,2021
1356504976386908200,2,Unable to classify,No,NA,NA,NA,NA,NA,NA,NA,NA,Neutrality,The Tweet does not contain an authority reference,No,No,No,"Policies, prevention & societal and economic impact",No,NA,NA,NA,Other major non-governmental actors,NA,NA,NA,NA,Other,0,2021
1338060963266908200,2,Other,No,NA,NA,NA,NA,NA,NA,NA,NA,Negativity,The Tweet does not contain an authority reference,No,No,No,"Policies, prevention & societal and economic impact",No,NA,NA,NA,NA,NA,NA,None,NA,Other,0,2020
1341343982689906700,2,Accurate information,No,NA,NA,NA,NA,NA,NA,NA,NA,Positivity,The Tweet contains a non-specific authority reference,No,No,No,"Remedies for cure, treatment and prevention",No,NA,NA,NA,NA,NA,NA,NA,University or scientific organization,Other,0,2020
1385204612773421e3,3,Misinformation,Yes,NA,NA,NA,NA,NA,NA,NA,Misinformation is not attributed to an actor,Neutrality,The Tweet does not contain an authority reference,No,No,No,Vaccination,No,NA,NA,NA,NA,Individuals or communities,NA,NA,NA,Misinformation,1,2021
1364293904175145e3,3,Misinformation,No,NA,NA,NA,NA,NA,NA,NA,NA,Neutrality,The Tweet contains a specific authority reference,No,No,No,Spread and detection,No,"Government, politicians and international organizations",NA,Media,NA,Individuals or communities,NA,NA,NA,Misinformation,1,2021
1463875517438906400,1,Accurate information,No,NA,NA,NA,NA,NA,NA,NA,NA,Neutrality,The Tweet does not contain an authority reference,No,No,No,Spread and detection,No,NA,NA,NA,NA,Individuals or communities,NA,NA,NA,Other,0,2021
1409066910512201700,1,Unable to classify,No,NA,NA,NA,NA,NA,NA,NA,NA,Negativity,The Tweet does not contain an authority reference,No,No,No,Other,No,NA,NA,NA,NA,NA,NA,None,NA,Other,0,2021
1239948927786537e3,2,Uncheckable claim,Yes,NA,NA,NA,NA,NA,NA,NA,Misinformation is not attributed to an actor,Negativity,The Tweet does not contain an authority reference,No,No,No,"News, information and misinformation",No,"Government, politicians and international organizations",Health services,NA,Other major non-governmental actors,NA,NA,NA,NA,Other,0,2020
125247869365547e4,4,Accurate information,Yes,NA,NA,NA,NA,NA,NA,NA,Misinformation is not attributed to an actor,Neutrality,The Tweet does not contain an authority reference,No,No,Yes,"News, information and misinformation",No,"Government, politicians and international organizations",NA,NA,NA,NA,NA,NA,NA,Other,0,2020
1255866193644335e3,1,Other,No,NA,NA,NA,NA,NA,NA,NA,NA,Neutrality,The Tweet does not contain an authority reference,No,No,No,"News, information and misinformation",No,NA,NA,NA,Other major non-governmental actors,NA,NA,NA,NA,Other,0,2020
1304492446110355500,4,Accurate information,No,NA,NA,NA,NA,NA,NA,NA,NA,Neutrality,The Tweet does not contain an authority reference,No,No,No,Symptoms or characteristics of covid,No,NA,NA,NA,Other major non-governmental actors,NA,NA,NA,NA,Other,0,2020
1316693891207303200,2,Uncheckable claim,No,NA,NA,NA,NA,NA,NA,NA,NA,Neutrality,The Tweet does not contain an authority reference,No,No,No,Spread and detection,No,NA,NA,NA,NA,NA,NA,None,NA,Other,0,2020
1447137526809088e3,3,Other,No,NA,NA,NA,NA,NA,NA,NA,NA,Mixed,The Tweet does not contain an authority reference,No,No,No,"Policies, prevention & societal and economic impact",No,NA,NA,NA,NA,NA,NA,None,NA,Other,0,2021
1235649586343141400,3,Suggestive misinformation,No,NA,NA,NA,NA,NA,NA,NA,NA,Neutrality,The Tweet does not contain an authority reference,No,No,No,"Remedies for cure, treatment and prevention",No,NA,NA,NA,NA,NA,NA,None,NA,Misinformation,1,2020
1254289383781433300,3,Other,No,NA,NA,NA,NA,NA,NA,NA,NA,Neutrality,The Tweet does not contain an authority reference,No,No,No,Other,No,NA,NA,NA,NA,NA,NA,None,NA,Other,0,2020
1318443736658043e3,2,Other,No,NA,NA,NA,NA,NA,NA,NA,NA,Neutrality,The Tweet does not contain an authority reference,No,No,No,"Policies, prevention & societal and economic impact",No,NA,NA,NA,NA,NA,NA,None,NA,Other,0,2020
1337351665733804e3,4,Other,Yes,NA,NA,NA,NA,NA,NA,NA,Misinformation is not attributed to an actor,Neutrality,The Tweet does not contain an authority reference,No,No,No,"News, information and misinformation",No,NA,Health services,NA,NA,NA,NA,NA,NA,Other,0,2020
1424646237911924700,4,Unable to classify,No,NA,NA,NA,NA,NA,NA,NA,NA,Neutrality,The Tweet does not contain an authority reference,No,No,Yes,"Policies, prevention & societal and economic impact",No,"Government, politicians and international organizations",NA,NA,NA,NA,NA,NA,NA,Other,0,2021
1286660414734864400,3,Accurate information,No,NA,NA,NA,NA,NA,NA,NA,NA,Negativity,The Tweet does not contain an authority reference,No,No,No,Spread and detection,No,NA,NA,NA,Other major non-governmental actors,Individuals or communities,NA,NA,NA,Other,0,2020
1354190656130986e3,1,Misinformation,Yes,NA,NA,"A foreign politician, foreign government, international leader or international organization",NA,NA,NA,NA,NA,Neutrality,The Tweet does not contain an authority reference,Yes,No,Yes,"News, information and misinformation",No,"Government, politicians and international organizations",NA,NA,NA,Individuals or communities,NA,NA,NA,Misinformation,1,2021
1240259666371903500,2,Accurate information,Yes,NA,NA,"A foreign politician, foreign government, international leader or international organization",NA,NA,NA,NA,NA,Neutrality,The Tweet does not contain an authority reference,No,No,No,"News, information and misinformation",No,"Government, politicians and international organizations",NA,NA,NA,NA,NA,NA,NA,Other,0,2020
1344537927796330500,1,Accurate information,Yes,NA,NA,NA,NA,NA,NA,Other actor,NA,Negativity,The Tweet does not contain an authority reference,No,Yes,No,"News, information and misinformation",No,NA,NA,NA,Other major non-governmental actors,Individuals or communities,NA,NA,NA,Other,0,2020
1481518530302554e3,2,Accurate information,No,NA,NA,NA,NA,NA,NA,NA,NA,Neutrality,The Tweet does not contain an authority reference,No,No,No,Spread and detection,No,"Government, politicians and international organizations",NA,NA,NA,NA,NA,NA,NA,Other,0,2022
1427874134843875300,2,Suggestive misinformation,Yes,NA,NA,NA,NA,An alternative media outlet or journalist working in alternative media,NA,NA,NA,Neutrality,The Tweet contains a non-specific authority reference,No,No,No,"News, information and misinformation",No,NA,NA,Media,Other major non-governmental actors,NA,NA,NA,NA,Misinformation,1,2021
1471375779766456300,3,Misinformation,No,NA,NA,NA,NA,NA,NA,NA,NA,Negativity,The Tweet does not contain an authority reference,Yes,No,No,"Policies, prevention & societal and economic impact",No,"Government, politicians and international organizations",NA,NA,NA,NA,NA,NA,NA,Misinformation,1,2021
1260827315803652e3,3,Accurate information,No,NA,NA,NA,NA,NA,NA,NA,NA,Neutrality,The Tweet does not contain an authority reference,No,No,No,Other,No,NA,NA,NA,Other major non-governmental actors,Individuals or communities,NA,NA,NA,Other,0,2020
1475845231232929800,2,Uncheckable claim,No,NA,NA,NA,NA,NA,NA,NA,NA,Positivity,The Tweet does not contain an authority reference,No,No,No,Symptoms or characteristics of covid,No,NA,NA,NA,Other major non-governmental actors,NA,NA,NA,NA,Other,0,2021
1466105015748239400,1,Other,No,NA,NA,NA,NA,NA,NA,NA,NA,Positivity,The Tweet does not contain an authority reference,No,No,No,"Policies, prevention & societal and economic impact",No,"Government, politicians and international organizations",NA,Media,NA,NA,NA,NA,NA,Other,0,2021
1295314773865828400,4,Other,No,NA,NA,NA,NA,NA,NA,NA,NA,Neutrality,The Tweet does not contain an authority reference,No,No,No,"Policies, prevention & societal and economic impact",No,NA,NA,NA,NA,NA,NA,None,NA,Other,0,2020
1321532955198656500,1,Misinformation,No,NA,NA,NA,NA,NA,NA,NA,NA,Neutrality,The Tweet does not contain an authority reference,No,No,No,"Policies, prevention & societal and economic impact",No,NA,NA,NA,NA,Individuals or communities,NA,NA,NA,Misinformation,1,2020
1368650851712131e3,3,Uncheckable claim,No,NA,NA,NA,NA,NA,NA,NA,NA,Neutrality,The Tweet does not contain an authority reference,No,No,No,Symptoms or characteristics of covid,No,NA,NA,NA,NA,NA,NA,None,NA,Other,0,2021
1347452347216244700,4,Misinformation,No,NA,NA,NA,NA,NA,NA,NA,NA,Neutrality,The Tweet does not contain an authority reference,No,No,No,Existence of covid,Yes,"Government, politicians and international organizations",NA,NA,NA,NA,NA,NA,NA,Misinformation,1,2021
1336623998155837400,4,Other,No,NA,NA,NA,NA,NA,NA,NA,NA,Neutrality,The Tweet does not contain an authority reference,No,No,No,"Remedies for cure, treatment and prevention",No,NA,NA,NA,NA,NA,NA,None,NA,Other,0,2020
1375104907360014300,4,Accurate information,No,NA,NA,NA,NA,NA,NA,NA,NA,Neutrality,The Tweet does not contain an authority reference,No,No,No,Spread and detection,No,NA,NA,NA,NA,Individuals or communities,NA,NA,NA,Other,0,2021
1336744917448740900,1,Other,No,NA,NA,NA,NA,NA,NA,NA,NA,Neutrality,The Tweet does not contain an authority reference,No,No,No,"Policies, prevention & societal and economic impact",No,"Government, politicians and international organizations",NA,NA,Other major non-governmental actors,NA,NA,NA,NA,Other,0,2020
1348221875894235100,4,Other,No,NA,NA,NA,NA,NA,NA,NA,NA,Neutrality,The Tweet does not contain an authority reference,No,No,No,Vaccination,No,NA,NA,NA,NA,Individuals or communities,NA,NA,NA,Other,0,2021
1410990754424668200,3,Misinformation,No,NA,NA,NA,NA,NA,NA,NA,NA,Negativity,The Tweet does not contain an authority reference,No,No,Yes,Vaccination,No,"Government, politicians and international organizations",NA,NA,NA,NA,NA,NA,NA,Misinformation,1,2021
1400476737998307300,4,Other,No,NA,NA,NA,NA,NA,NA,NA,NA,Neutrality,The Tweet does not contain an authority reference,No,No,No,"Policies, prevention & societal and economic impact",No,NA,NA,NA,NA,NA,NA,None,NA,Other,0,2021
1236252425222316e3,1,Uncheckable claim,No,NA,NA,NA,NA,NA,NA,NA,NA,Neutrality,The Tweet does not contain an authority reference,No,No,No,"Remedies for cure, treatment and prevention",No,NA,NA,Media,NA,NA,NA,NA,University or scientific organization,Other,0,2020
1421729223203594200,1,Suggestive misinformation,Yes,NA,NA,NA,A mainstream media outlet or journalist working in the mainstream media,NA,NA,NA,NA,Negativity,The Tweet does not contain an authority reference,No,No,No,Vaccination,No,NA,NA,NA,NA,Individuals or communities,NA,NA,NA,Misinformation,1,2021
1314911886044016600,2,Other,No,NA,NA,NA,NA,NA,NA,NA,NA,Neutrality,The Tweet does not contain an authority reference,No,No,No,"Policies, prevention & societal and economic impact",No,NA,NA,NA,NA,NA,NA,None,NA,Other,0,2020
1285685872466305e3,4,Accurate information,Yes,NA,NA,NA,NA,NA,NA,NA,Misinformation is not attributed to an actor,Neutrality,The Tweet does not contain an authority reference,No,No,No,"Policies, prevention & societal and economic impact",No,NA,NA,NA,Other major non-governmental actors,NA,NA,NA,NA,Other,0,2020
1319528054893535200,4,Misinformation,No,NA,NA,NA,NA,NA,NA,NA,NA,Neutrality,The Tweet does not contain an authority reference,No,No,No,Existence of covid,Yes,NA,NA,NA,NA,NA,NA,None,NA,Misinformation,1,2020
1314824929339211800,3,Other,No,NA,NA,NA,NA,NA,NA,NA,NA,Neutrality,The Tweet does not contain an authority reference,No,No,No,"Policies, prevention & societal and economic impact",No,NA,NA,NA,NA,NA,NA,None,NA,Other,0,2020
1477617176827805700,2,Other,Yes,A Dutch politician (not seated in the Dutch cabinet),NA,NA,NA,NA,"An opinion leader or individual who is not a journalist, and not a part of a government, parliament, or a political party",NA,NA,Negativity,The Tweet does not contain an authority reference,No,No,Yes,"News, information and misinformation",No,"Government, politicians and international organizations",NA,NA,Other major non-governmental actors,NA,NA,NA,NA,Other,0,2022
1462115474012094500,3,Unable to classify,No,NA,NA,NA,NA,NA,NA,NA,NA,Negativity,The Tweet does not contain an authority reference,No,No,Yes,Existence of covid,No,NA,NA,NA,NA,Individuals or communities,NA,NA,NA,Other,0,2021
1438482500930744300,3,Uncheckable claim,No,NA,NA,NA,NA,NA,NA,NA,NA,Negativity,The Tweet contains a non-specific authority reference,No,No,No,Vaccination,No,NA,NA,NA,NA,Individuals or communities,NA,NA,NA,Other,0,2021
1239622393519386600,3,Other,No,NA,NA,NA,NA,NA,NA,NA,NA,Mixed,The Tweet does not contain an authority reference,No,No,No,"Policies, prevention & societal and economic impact",No,NA,NA,NA,NA,Individuals or communities,NA,NA,NA,Other,0,2020
1321397666174193700,3,Accurate information,No,NA,NA,NA,NA,NA,NA,NA,NA,Neutrality,The Tweet contains a non-specific authority reference,No,No,No,"Remedies for cure, treatment and prevention",No,NA,NA,NA,NA,NA,NA,NA,University or scientific organization,Other,0,2020
1421839117202206700,1,Uncheckable claim,No,NA,NA,NA,NA,NA,NA,NA,NA,Neutrality,The Tweet does not contain an authority reference,No,No,No,Spread and detection,No,NA,NA,NA,NA,NA,NA,None,NA,Other,0,2021
1335797065276739600,4,Accurate information,No,NA,NA,NA,NA,NA,NA,NA,NA,Neutrality,The Tweet does not contain an authority reference,No,No,No,"News, information and misinformation",No,NA,NA,NA,NA,NA,NA,None,NA,Other,0,2020
1347933656145391600,4,Accurate information,No,NA,NA,NA,NA,NA,NA,NA,NA,Neutrality,The Tweet does not contain an authority reference,No,No,No,Spread and detection,No,NA,NA,NA,Other major non-governmental actors,Individuals or communities,NA,NA,NA,Other,0,2021
1251709629001871400,2,Accurate information,Yes,NA,NA,NA,NA,NA,"An opinion leader or individual who is not a journalist, and not a part of a government, parliament, or a political party",NA,NA,Neutrality,The Tweet contains a specific authority reference,No,No,Yes,"News, information and misinformation",No,"Government, politicians and international organizations",NA,NA,Other major non-governmental actors,NA,NA,NA,NA,Other,0,2020
1450458286281592800,4,Other,No,NA,NA,NA,NA,NA,NA,NA,NA,Neutrality,The Tweet does not contain an authority reference,No,No,No,"Policies, prevention & societal and economic impact",No,"Government, politicians and international organizations",Health services,NA,NA,NA,NA,NA,NA,Other,0,2021
1275477394317549600,4,Other,No,NA,NA,NA,NA,NA,NA,NA,NA,Neutrality,The Tweet does not contain an authority reference,No,No,No,Spread and detection,No,NA,NA,NA,NA,NA,NA,None,NA,Other,0,2020
1389287147975413800,1,Uncheckable claim,No,NA,NA,NA,NA,NA,NA,NA,NA,Mixed,The Tweet does not contain an authority reference,No,No,No,"Policies, prevention & societal and economic impact",No,NA,NA,NA,NA,Individuals or communities,NA,NA,NA,Other,0,2021
1451580683604930600,3,Uncheckable claim,No,NA,NA,NA,NA,NA,NA,NA,NA,Neutrality,The Tweet contains a non-specific authority reference,No,No,No,Severity of covid,No,NA,NA,NA,NA,NA,NA,None,NA,Other,0,2021
1468327589836169200,3,Uncheckable claim,No,NA,NA,NA,NA,NA,NA,NA,NA,Neutrality,The Tweet does not contain an authority reference,No,No,No,Spread and detection,No,NA,NA,NA,Other major non-governmental actors,NA,NA,NA,NA,Other,0,2021
1477615798931832800,2,Other,Yes,NA,NA,NA,NA,NA,NA,NA,Misinformation is not attributed to an actor,Mixed,The Tweet does not contain an authority reference,No,No,No,"News, information and misinformation",No,NA,NA,NA,NA,NA,NA,None,NA,Other,0,2022
1480341049977495600,2,Other,No,NA,NA,NA,NA,NA,NA,NA,NA,Neutrality,The Tweet does not contain an authority reference,No,No,No,"Policies, prevention & societal and economic impact",No,"Government, politicians and international organizations",NA,NA,NA,Individuals or communities,NA,NA,NA,Other,0,2022
1315234332022206500,2,Other,No,NA,NA,NA,NA,NA,NA,NA,NA,Neutrality,The Tweet does not contain an authority reference,Yes,No,No,"Policies, prevention & societal and economic impact",No,NA,NA,NA,NA,NA,NA,None,NA,Other,0,2020
1446080231937302500,3,Uncheckable claim,No,NA,NA,NA,NA,NA,NA,NA,NA,Negativity,The Tweet does not contain an authority reference,No,No,No,Other,No,"Government, politicians and international organizations",NA,NA,NA,Individuals or communities,NA,NA,NA,Other,0,2021
1285142036044058600,3,Accurate information,Yes,NA,NA,NA,NA,NA,NA,NA,Misinformation is not attributed to an actor,Neutrality,The Tweet does not contain an authority reference,No,No,No,"News, information and misinformation",No,NA,NA,NA,Other major non-governmental actors,NA,NA,NA,NA,Other,0,2020
1432953138802315300,4,Uncheckable claim,Yes,NA,NA,NA,A mainstream media outlet or journalist working in the mainstream media,NA,NA,NA,NA,Neutrality,The Tweet contains a specific authority reference,No,No,No,"Policies, prevention & societal and economic impact",No,"Government, politicians and international organizations",NA,NA,NA,Individuals or communities,NA,NA,NA,Other,0,2021
1290880880601444400,4,Accurate information,No,NA,NA,NA,NA,NA,NA,NA,NA,Neutrality,The Tweet does not contain an authority reference,No,No,No,Spread and detection,No,"Government, politicians and international organizations",NA,NA,NA,Individuals or communities,NA,NA,NA,Other,0,2020
1471955642793566200,3,Accurate information,Yes,NA,NA,NA,NA,NA,NA,NA,Misinformation is not attributed to an actor,Neutrality,The Tweet does not contain an authority reference,No,No,No,"Policies, prevention & societal and economic impact",No,NA,NA,NA,NA,NA,NA,None,NA,Other,0,2021
1265247824603734e3,3,Accurate information,Yes,NA,NA,NA,NA,NA,NA,NA,Misinformation is not attributed to an actor,Neutrality,The Tweet does not contain an authority reference,No,No,No,"News, information and misinformation",No,NA,NA,Media,NA,Individuals or communities,NA,NA,NA,Other,0,2020
1241321183255158800,2,Accurate information,No,NA,NA,NA,NA,NA,NA,NA,NA,Neutrality,The Tweet does not contain an authority reference,No,No,No,"Remedies for cure, treatment and prevention",No,NA,NA,NA,NA,NA,NA,None,NA,Other,0,2020
1296728207576772600,1,Misinformation,Yes,NA,NA,NA,A mainstream media outlet or journalist working in the mainstream media,NA,NA,Other actor,NA,Neutrality,The Tweet does not contain an authority reference,Yes,No,No,"News, information and misinformation",No,NA,NA,Media,NA,Individuals or communities,NA,NA,NA,Misinformation,1,2020
1322550244031254500,1,Accurate information,No,NA,NA,NA,NA,NA,NA,NA,NA,Neutrality,The Tweet does not contain an authority reference,No,No,No,Spread and detection,No,NA,Health services,NA,NA,NA,NA,NA,NA,Other,0,2020
1414334650932150300,1,Other,No,NA,NA,NA,NA,NA,NA,NA,NA,Neutrality,The Tweet does not contain an authority reference,No,No,No,Vaccination,No,NA,NA,NA,NA,NA,NA,None,NA,Other,0,2021
1445650523491692500,1,Misinformation,No,NA,NA,NA,NA,NA,NA,NA,NA,Neutrality,The Tweet does not contain an authority reference,No,No,No,Symptoms or characteristics of covid,No,NA,NA,NA,NA,NA,NA,None,NA,Misinformation,1,2021
1245075450264780800,1,Other,No,NA,NA,NA,NA,NA,NA,NA,NA,Negativity,The Tweet does not contain an authority reference,No,No,No,"Policies, prevention & societal and economic impact",No,NA,NA,NA,Other major non-governmental actors,NA,NA,NA,NA,Other,0,2020
1373071750251036700,2,Misinformation,No,NA,NA,NA,NA,NA,NA,NA,NA,Neutrality,The Tweet does not contain an authority reference,No,No,No,"Policies, prevention & societal and economic impact",No,NA,NA,NA,NA,NA,NA,None,NA,Misinformation,1,2021
1248701108777779200,1,Accurate information,No,NA,NA,NA,NA,NA,NA,NA,NA,Neutrality,The Tweet contains a specific authority reference,No,No,No,"Policies, prevention & societal and economic impact",No,NA,NA,NA,NA,NA,NA,NA,University or scientific organization,Other,0,2020
1241339833320124400,1,Accurate information,Yes,NA,NA,NA,NA,NA,NA,NA,Misinformation is not attributed to an actor,Neutrality,The Tweet does not contain an authority reference,No,No,No,"News, information and misinformation",No,NA,NA,Media,NA,Individuals or communities,NA,NA,NA,Other,0,2020
1240651719236890600,1,Misinformation,No,NA,NA,NA,NA,NA,NA,NA,NA,Neutrality,The Tweet does not contain an authority reference,No,No,No,Existence of covid,Yes,NA,NA,NA,NA,NA,NA,None,NA,Misinformation,1,2020
1431902124208763e3,4,Accurate information,No,NA,NA,NA,NA,NA,NA,NA,NA,Positivity,The Tweet does not contain an authority reference,No,No,No,Vaccination,No,NA,NA,NA,NA,NA,NA,None,NA,Other,0,2021
1251480800664735700,2,Misinformation,No,NA,NA,NA,NA,NA,NA,NA,NA,Neutrality,The Tweet does not contain an authority reference,No,No,No,"Policies, prevention & societal and economic impact",No,"Government, politicians and international organizations",NA,NA,NA,Individuals or communities,NA,NA,NA,Misinformation,1,2020
1362448062002659300,2,Misinformation,No,NA,NA,NA,NA,NA,NA,NA,NA,Mixed,The Tweet contains a specific authority reference,No,No,No,"Remedies for cure, treatment and prevention",No,"Government, politicians and international organizations",Health services,NA,NA,NA,NA,NA,NA,Misinformation,1,2021
1369451106250748e3,2,Misinformation,No,NA,NA,NA,NA,NA,NA,NA,NA,Neutrality,The Tweet does not contain an authority reference,No,No,No,Origin of covid,Yes,NA,NA,NA,NA,NA,NA,None,NA,Misinformation,1,2021
1321444887380873200,3,Other,No,NA,NA,NA,NA,NA,NA,NA,NA,Neutrality,The Tweet does not contain an authority reference,No,No,No,"Policies, prevention & societal and economic impact",No,NA,NA,NA,NA,NA,NA,None,NA,Other,0,2020
1314505017689342e3,2,Accurate information,No,NA,NA,NA,NA,NA,NA,NA,NA,Neutrality,The Tweet does not contain an authority reference,No,No,No,"Policies, prevention & societal and economic impact",No,NA,NA,NA,Other major non-governmental actors,NA,NA,NA,NA,Other,0,2020
1385117557787701200,2,Misinformation,No,NA,NA,NA,NA,NA,NA,NA,NA,Neutrality,The Tweet contains a non-specific authority reference,No,No,No,Severity of covid,No,NA,NA,NA,Other major non-governmental actors,NA,NA,NA,NA,Misinformation,1,2021
1433290886440435700,1,Accurate information,Yes,NA,NA,NA,NA,NA,NA,NA,Misinformation is not attributed to an actor,Neutrality,The Tweet does not contain an authority reference,No,No,No,Vaccination,No,NA,NA,NA,NA,Individuals or communities,NA,NA,NA,Other,0,2021
1.3384510492632801e+18,4,Other,No,NA,NA,NA,NA,NA,NA,NA,NA,Negativity,The Tweet does not contain an authority reference,No,No,No,"Policies, prevention & societal and economic impact",No,NA,NA,NA,Other major non-governmental actors,Individuals or communities,NA,NA,NA,Other,0,2020
1284060687346655200,2,Accurate information,No,NA,NA,NA,NA,NA,NA,NA,NA,Neutrality,The Tweet does not contain an authority reference,No,No,No,"Policies, prevention & societal and economic impact",No,NA,NA,NA,Other major non-governmental actors,NA,NA,NA,NA,Other,0,2020
1331129998258942e3,4,Other,No,NA,NA,NA,NA,NA,NA,NA,NA,Neutrality,The Tweet does not contain an authority reference,No,No,No,Vaccination,No,NA,NA,NA,NA,NA,NA,None,NA,Other,0,2020
1248845260194812e3,4,Accurate information,No,NA,NA,NA,NA,NA,NA,NA,NA,Neutrality,The Tweet contains a specific authority reference,No,No,No,Spread and detection,No,"Government, politicians and international organizations",NA,NA,NA,NA,NA,NA,NA,Other,0,2020
1367701420800106500,2,Accurate information,No,NA,NA,NA,NA,NA,NA,NA,NA,Neutrality,The Tweet contains a non-specific authority reference,No,No,No,"Remedies for cure, treatment and prevention",No,NA,NA,NA,NA,NA,NA,None,NA,Other,0,2021
1315670503022112800,4,Other,No,NA,NA,NA,NA,NA,NA,NA,NA,Neutrality,The Tweet does not contain an authority reference,No,No,No,"Policies, prevention & societal and economic impact",No,NA,NA,NA,NA,NA,NA,None,NA,Other,0,2020
1265945915073818600,4,Accurate information,No,NA,NA,NA,NA,NA,NA,NA,NA,Neutrality,The Tweet does not contain an authority reference,No,No,No,Symptoms or characteristics of covid,No,"Government, politicians and international organizations",NA,NA,NA,Individuals or communities,NA,NA,NA,Other,0,2020
1341373841935888400,2,Other,No,NA,NA,NA,NA,NA,NA,NA,NA,Neutrality,The Tweet does not contain an authority reference,No,No,No,Vaccination,No,NA,NA,NA,NA,NA,NA,None,NA,Other,0,2020
1252693329302769700,3,Misinformation,No,NA,NA,NA,NA,NA,NA,NA,NA,Negativity,The Tweet does not contain an authority reference,Yes,No,Yes,Existence of covid,Yes,"Government, politicians and international organizations",NA,NA,NA,Individuals or communities,NA,NA,NA,Misinformation,1,2020
1308719021370617900,3,Unable to classify,No,NA,NA,NA,NA,NA,NA,NA,NA,Neutrality,The Tweet does not contain an authority reference,No,No,Yes,Existence of covid,No,NA,NA,NA,NA,Individuals or communities,NA,NA,NA,Other,0,2020
1481726907012075500,2,Misinformation,No,NA,NA,NA,NA,NA,NA,NA,NA,Neutrality,The Tweet contains a non-specific authority reference,No,No,No,Vaccination,No,"Government, politicians and international organizations",NA,NA,NA,NA,NA,NA,NA,Misinformation,1,2022
1248638319220662300,4,Other,No,NA,NA,NA,NA,NA,NA,NA,NA,Neutrality,The Tweet does not contain an authority reference,No,No,No,"Policies, prevention & societal and economic impact",No,"Government, politicians and international organizations",NA,NA,NA,NA,NA,NA,NA,Other,0,2020
1312804961588252700,1,Misinformation,No,NA,NA,NA,NA,NA,NA,NA,NA,Positivity,The Tweet contains a specific authority reference,No,No,No,"Remedies for cure, treatment and prevention",Yes,"Government, politicians and international organizations",NA,NA,NA,NA,NA,NA,NA,Misinformation,1,2020
1253312215152832500,1,Other,Yes,NA,NA,NA,NA,NA,NA,NA,Misinformation is not attributed to an actor,Negativity,The Tweet does not contain an authority reference,No,No,No,Spread and detection,No,NA,NA,NA,NA,NA,NA,None,NA,Other,0,2020
1405199440508604400,3,Unable to classify,No,NA,NA,NA,NA,NA,NA,NA,NA,Positivity,The Tweet does not contain an authority reference,No,No,No,"Remedies for cure, treatment and prevention",No,NA,NA,NA,NA,NA,NA,None,NA,Other,0,2021
1415278393185157e3,1,Misinformation,Yes,NA,NA,NA,A mainstream media outlet or journalist working in the mainstream media,NA,NA,NA,NA,Neutrality,The Tweet does not contain an authority reference,No,No,No,"News, information and misinformation",No,NA,NA,Media,NA,NA,NA,NA,NA,Misinformation,1,2021
1418785620256768e3,2,Misinformation,No,NA,NA,NA,NA,NA,NA,NA,NA,Neutrality,The Tweet contains a specific authority reference,No,No,No,Vaccination,No,"Government, politicians and international organizations",NA,NA,NA,NA,NA,NA,NA,Misinformation,1,2021
1347569888722784300,2,Accurate information,No,NA,NA,NA,NA,NA,NA,NA,NA,Neutrality,The Tweet does not contain an authority reference,No,No,No,"Remedies for cure, treatment and prevention",No,NA,NA,NA,NA,Individuals or communities,NA,NA,NA,Other,0,2021
1441281437949255700,1,Misinformation,No,NA,NA,NA,NA,NA,NA,NA,NA,Negativity,The Tweet does not contain an authority reference,No,No,Yes,Vaccination,No,NA,NA,NA,NA,Individuals or communities,NA,NA,NA,Misinformation,1,2021
1409567114730541e3,4,Misinformation,Yes,NA,NA,NA,NA,NA,NA,NA,Misinformation is not attributed to an actor,Neutrality,The Tweet does not contain an authority reference,No,No,No,Origin of covid,No,"Government, politicians and international organizations",NA,NA,Other major non-governmental actors,NA,NA,NA,NA,Misinformation,1,2021
1314828488730435600,1,Other,No,NA,NA,NA,NA,NA,NA,NA,NA,Neutrality,The Tweet does not contain an authority reference,No,No,No,"Policies, prevention & societal and economic impact",No,NA,NA,NA,NA,NA,NA,None,NA,Other,0,2020
1414253146893918200,3,Other,No,NA,NA,NA,NA,NA,NA,NA,NA,Neutrality,The Tweet does not contain an authority reference,No,No,No,"Policies, prevention & societal and economic impact",No,"Government, politicians and international organizations",NA,NA,Other major non-governmental actors,Individuals or communities,NA,NA,NA,Other,0,2021
1486625038099005400,4,Other,No,NA,NA,NA,NA,NA,NA,NA,NA,Mixed,The Tweet does not contain an authority reference,No,No,No,Vaccination,No,NA,NA,Media,NA,NA,NA,NA,NA,Other,0,2022
1335336098445340700,3,Misinformation,No,NA,NA,NA,NA,NA,NA,NA,NA,Neutrality,The Tweet does not contain an authority reference,No,No,No,"Remedies for cure, treatment and prevention",No,NA,NA,NA,NA,NA,NA,None,NA,Misinformation,1,2020
1252966743603122200,4,Accurate information,No,NA,NA,NA,NA,NA,NA,NA,NA,Neutrality,The Tweet does not contain an authority reference,No,No,No,"Policies, prevention & societal and economic impact",No,NA,Health services,NA,NA,Individuals or communities,NA,NA,NA,Other,0,2020
1413021879108087800,2,Uncheckable claim,No,NA,NA,NA,NA,NA,NA,NA,NA,Neutrality,The Tweet does not contain an authority reference,No,No,No,Vaccination,No,NA,NA,NA,NA,NA,NA,None,NA,Other,0,2021
1459616195401982e3,2,Misinformation,Yes,A Dutch politician (not seated in the Dutch cabinet),NA,NA,NA,NA,NA,NA,NA,Negativity,The Tweet does not contain an authority reference,No,No,No,"News, information and misinformation",No,"Government, politicians and international organizations",NA,NA,NA,NA,NA,NA,NA,Misinformation,1,2021
1456616068882047e3,1,Misinformation,Yes,NA,"The Dutch government, cabinet, a member of the Dutch cabinet or civil servant",NA,NA,NA,NA,NA,NA,Negativity,The Tweet does not contain an authority reference,No,Yes,No,"News, information and misinformation",No,"Government, politicians and international organizations",NA,NA,NA,NA,NA,NA,NA,Misinformation,1,2021
1347573031447613400,2,Accurate information,No,NA,NA,NA,NA,NA,NA,NA,NA,Neutrality,The Tweet does not contain an authority reference,No,No,No,Symptoms or characteristics of covid,No,NA,NA,NA,NA,Individuals or communities,NA,NA,NA,Other,0,2021
1274815878878638e3,1,Uncheckable claim,No,NA,NA,NA,NA,NA,NA,NA,NA,Neutrality,The Tweet does not contain an authority reference,No,No,No,Spread and detection,No,NA,NA,NA,NA,Individuals or communities,NA,NA,NA,Other,0,2020
1295751280770666500,1,Other,No,NA,NA,NA,NA,NA,NA,NA,NA,Neutrality,The Tweet does not contain an authority reference,No,No,No,"Policies, prevention & societal and economic impact",No,NA,NA,NA,NA,NA,NA,None,NA,Other,0,2020
1327279472501026800,2,Unable to classify,No,NA,NA,NA,NA,NA,NA,NA,NA,Neutrality,The Tweet does not contain an authority reference,No,No,No,Existence of covid,Yes,NA,NA,NA,NA,NA,NA,None,NA,Other,0,2020
1408343619614953500,2,Misinformation,No,NA,NA,NA,NA,NA,NA,NA,NA,Neutrality,The Tweet contains a non-specific authority reference,No,No,No,Vaccination,No,NA,NA,Media,NA,NA,NA,NA,NA,Misinformation,1,2021
1485188194777849900,3,Other,No,NA,NA,NA,NA,NA,NA,NA,NA,Negativity,The Tweet does not contain an authority reference,Yes,Yes,No,"Policies, prevention & societal and economic impact",No,NA,NA,NA,Other major non-governmental actors,Individuals or communities,NA,NA,NA,Other,0,2022
1.2529133277617439e+18,1,Other,No,NA,NA,NA,NA,NA,NA,NA,NA,Neutrality,The Tweet does not contain an authority reference,No,No,No,Other,No,NA,NA,NA,NA,Individuals or communities,NA,NA,NA,Other,0,2020
1421200597206904800,1,Misinformation,No,NA,NA,NA,NA,NA,NA,NA,NA,Neutrality,The Tweet does not contain an authority reference,No,No,No,Existence of covid,Yes,NA,NA,NA,NA,NA,NA,None,NA,Misinformation,1,2021
1395868809064484900,2,Misinformation,No,NA,NA,NA,NA,NA,NA,NA,NA,Neutrality,The Tweet does not contain an authority reference,No,No,No,Vaccination,No,NA,NA,NA,NA,NA,NA,None,NA,Misinformation,1,2021
1345835304062754800,1,Other,No,NA,NA,NA,NA,NA,NA,NA,NA,Negativity,The Tweet does not contain an authority reference,Yes,No,Yes,"Policies, prevention & societal and economic impact",No,NA,NA,NA,NA,Individuals or communities,NA,NA,NA,Other,0,2021
1339107655852363800,1,Accurate information,No,NA,NA,NA,NA,NA,NA,NA,NA,Negativity,The Tweet does not contain an authority reference,No,No,Yes,"Policies, prevention & societal and economic impact",No,"Government, politicians and international organizations",NA,NA,NA,NA,NA,NA,NA,Other,0,2020
1286579962099781600,3,Uncheckable claim,No,NA,NA,NA,NA,NA,NA,NA,NA,Neutrality,The Tweet does not contain an authority reference,No,No,No,"Policies, prevention & societal and economic impact",No,NA,NA,NA,NA,Individuals or communities,NA,NA,NA,Other,0,2020
1470413853016174600,3,Uncheckable claim,Yes,NA,NA,NA,NA,NA,NA,NA,Misinformation is not attributed to an actor,Neutrality,The Tweet does not contain an authority reference,No,No,No,"News, information and misinformation",No,NA,NA,NA,NA,NA,NA,None,NA,Other,0,2021
1331275652780224500,4,Misinformation,No,NA,NA,NA,NA,NA,NA,NA,NA,Neutrality,The Tweet contains a non-specific authority reference,No,No,No,Severity of covid,No,"Government, politicians and international organizations",NA,NA,NA,Individuals or communities,NA,NA,NA,Misinformation,1,2020
1248244485240193e3,2,Uncheckable claim,No,NA,NA,NA,NA,NA,NA,NA,NA,Neutrality,The Tweet does not contain an authority reference,No,No,No,Spread and detection,No,NA,NA,NA,NA,NA,NA,NA,University or scientific organization,Other,0,2020
1382367656393728e3,4,Other,No,NA,NA,NA,NA,NA,NA,NA,NA,Positivity,The Tweet does not contain an authority reference,No,No,No,Symptoms or characteristics of covid,No,NA,NA,NA,NA,NA,NA,None,NA,Other,0,2021
131814851933363e4,2,Accurate information,Yes,NA,NA,NA,NA,An alternative media outlet or journalist working in alternative media,NA,NA,NA,Negativity,The Tweet does not contain an authority reference,No,No,Yes,"News, information and misinformation",No,NA,NA,Media,NA,Individuals or communities,NA,NA,NA,Other,0,2020
1436043233948209200,3,Unable to classify,Yes,NA,NA,NA,A mainstream media outlet or journalist working in the mainstream media,NA,NA,Other actor,NA,Neutrality,The Tweet does not contain an authority reference,No,No,No,"News, information and misinformation",No,NA,Health services,Media,NA,NA,NA,NA,NA,Other,0,2021
1433725130857984e3,2,Misinformation,No,NA,NA,NA,NA,NA,NA,NA,NA,Neutrality,The Tweet does not contain an authority reference,No,No,No,Origin of covid,Yes,NA,NA,NA,NA,NA,NA,None,NA,Misinformation,1,2021
1240376506402119700,2,Uncheckable claim,No,NA,NA,NA,NA,NA,NA,NA,NA,Neutrality,The Tweet does not contain an authority reference,No,No,No,"Policies, prevention & societal and economic impact",No,NA,NA,NA,NA,NA,NA,None,NA,Other,0,2020
1367580801404141600,1,Uncheckable claim,Yes,NA,NA,NA,NA,NA,"An opinion leader or individual who is not a journalist, and not a part of a government, parliament, or a political party",NA,NA,Neutrality,The Tweet does not contain an authority reference,No,No,No,"News, information and misinformation",No,NA,NA,NA,Other major non-governmental actors,Individuals or communities,NA,NA,NA,Other,0,2021
1303414561622630400,2,Accurate information,No,NA,NA,NA,NA,NA,NA,NA,NA,Neutrality,The Tweet does not contain an authority reference,No,No,No,Spread and detection,No,"Government, politicians and international organizations",NA,NA,NA,Individuals or communities,NA,NA,NA,Other,0,2020
1368176224271544300,3,Misinformation,No,NA,NA,NA,NA,NA,NA,NA,NA,Neutrality,The Tweet does not contain an authority reference,No,No,No,"Policies, prevention & societal and economic impact",No,"Government, politicians and international organizations",NA,NA,NA,Individuals or communities,NA,NA,NA,Misinformation,1,2021
1468674334554263600,1,Uncheckable claim,No,NA,NA,NA,NA,NA,NA,NA,NA,Neutrality,The Tweet contains a specific authority reference,No,No,No,"Policies, prevention & societal and economic impact",No,NA,NA,NA,NA,Individuals or communities,NA,NA,NA,Other,0,2021
1466342870684741600,2,Accurate information,No,NA,NA,NA,NA,NA,NA,NA,NA,Neutrality,The Tweet does not contain an authority reference,No,No,No,Vaccination,No,NA,NA,NA,NA,NA,NA,None,NA,Other,0,2021
1475371734379503600,3,Other,Yes,NA,NA,NA,NA,NA,NA,Other actor,NA,Neutrality,The Tweet does not contain an authority reference,No,No,No,"News, information and misinformation",No,NA,NA,NA,NA,Individuals or communities,NA,NA,NA,Other,0,2021
1305568831272779800,4,Misinformation,No,NA,NA,NA,NA,NA,NA,NA,NA,Neutrality,The Tweet does not contain an authority reference,No,No,No,"News, information and misinformation",No,"Government, politicians and international organizations",NA,NA,Other major non-governmental actors,Individuals or communities,NA,NA,NA,Misinformation,1,2020
1297062203905e6,3,Accurate information,No,NA,NA,NA,NA,NA,NA,NA,NA,Neutrality,The Tweet does not contain an authority reference,No,No,No,"News, information and misinformation",No,NA,NA,Media,NA,NA,NA,NA,NA,Other,0,2020
1462150199988609e3,1,Uncheckable claim,No,NA,NA,NA,NA,NA,NA,NA,NA,Neutrality,The Tweet does not contain an authority reference,No,No,No,Vaccination,No,NA,Health services,NA,NA,NA,NA,NA,NA,Other,0,2021
1.3182562899196641e+18,3,Accurate information,No,NA,NA,NA,NA,NA,NA,NA,NA,Positivity,The Tweet does not contain an authority reference,No,No,No,Spread and detection,No,"Government, politicians and international organizations",NA,NA,NA,NA,NA,NA,NA,Other,0,2020
1337707044011434e3,4,Other,No,NA,NA,NA,NA,NA,NA,NA,NA,Neutrality,The Tweet does not contain an authority reference,No,No,No,Severity of covid,No,NA,NA,NA,NA,NA,NA,None,NA,Other,0,2020
1384200229730226200,4,Accurate information,No,NA,NA,NA,NA,NA,NA,NA,NA,Neutrality,The Tweet does not contain an authority reference,No,No,No,"Remedies for cure, treatment and prevention",No,NA,NA,Media,NA,Individuals or communities,NA,NA,NA,Other,0,2021
1477410823106703400,3,Accurate information,Yes,NA,NA,NA,NA,NA,NA,NA,Misinformation is not attributed to an actor,Neutrality,The Tweet does not contain an authority reference,No,No,No,"News, information and misinformation",No,NA,NA,NA,NA,NA,NA,None,NA,Other,0,2022
1487951274519806e3,2,Accurate information,Yes,NA,NA,NA,NA,NA,NA,NA,Misinformation is not attributed to an actor,Neutrality,The Tweet does not contain an authority reference,No,No,No,"Policies, prevention & societal and economic impact",No,NA,NA,NA,Other major non-governmental actors,NA,NA,NA,NA,Other,0,2022
1267436592823767e3,1,Other,No,NA,NA,NA,NA,NA,NA,NA,NA,Neutrality,The Tweet does not contain an authority reference,No,No,No,Symptoms or characteristics of covid,No,NA,NA,NA,NA,NA,NA,None,NA,Other,0,2020
1459785482187980800,4,Unable to classify,No,NA,NA,NA,NA,NA,NA,NA,NA,Neutrality,The Tweet does not contain an authority reference,No,No,No,Other,No,"Government, politicians and international organizations",NA,NA,NA,NA,NA,NA,NA,Other,0,2021
1466816500703105e3,2,Misinformation,No,NA,NA,NA,NA,NA,NA,NA,NA,Neutrality,The Tweet does not contain an authority reference,No,No,No,Vaccination,No,NA,NA,NA,NA,NA,NA,None,NA,Misinformation,1,2021
1240351999679434800,4,Other,No,NA,NA,NA,NA,NA,NA,NA,NA,Neutrality,The Tweet does not contain an authority reference,No,No,No,Spread and detection,No,"Government, politicians and international organizations",NA,NA,NA,NA,NA,NA,NA,Other,0,2020
1293766247440621600,1,Accurate information,Yes,NA,NA,NA,NA,NA,NA,NA,Misinformation is not attributed to an actor,Neutrality,The Tweet does not contain an authority reference,No,No,No,"News, information and misinformation",No,NA,NA,Media,NA,Individuals or communities,NA,NA,NA,Other,0,2020
1236915267281784800,2,Misinformation,No,NA,NA,NA,NA,NA,NA,NA,NA,Positivity,The Tweet does not contain an authority reference,No,No,No,Severity of covid,No,NA,NA,NA,NA,Individuals or communities,NA,NA,NA,Misinformation,1,2020
1304539529009934300,1,Misinformation,No,NA,NA,NA,NA,NA,NA,NA,NA,Neutrality,The Tweet does not contain an authority reference,No,No,No,"Remedies for cure, treatment and prevention",No,NA,Health services,Media,NA,Individuals or communities,NA,NA,NA,Misinformation,1,2020
1276597161149583400,3,Accurate information,No,NA,NA,NA,NA,NA,NA,NA,NA,Neutrality,The Tweet does not contain an authority reference,No,No,No,Vaccination,No,"Government, politicians and international organizations",NA,NA,NA,NA,NA,NA,NA,Other,0,2020
1249236703145005e3,3,Other,No,NA,NA,NA,NA,NA,NA,NA,NA,Positivity,The Tweet does not contain an authority reference,No,No,No,Other,No,NA,NA,NA,NA,NA,NA,None,NA,Other,0,2020
1354341373772783600,2,Uncheckable claim,No,NA,NA,NA,NA,NA,NA,NA,NA,Neutrality,The Tweet does not contain an authority reference,No,No,No,"Policies, prevention & societal and economic impact",No,"Government, politicians and international organizations",NA,NA,NA,NA,NA,NA,NA,Other,0,2021
1349262153996525600,1,Accurate information,No,NA,NA,NA,NA,NA,NA,NA,NA,Neutrality,The Tweet does not contain an authority reference,No,No,No,Symptoms or characteristics of covid,No,NA,NA,NA,NA,NA,NA,NA,University or scientific organization,Other,0,2021
1335878522569711600,2,Uncheckable claim,No,NA,NA,NA,NA,NA,NA,NA,NA,Negativity,The Tweet does not contain an authority reference,No,No,No,Spread and detection,No,NA,NA,NA,Other major non-governmental actors,Individuals or communities,NA,NA,NA,Other,0,2020
1295120978566160400,4,Other,No,NA,NA,NA,NA,NA,NA,NA,NA,Neutrality,The Tweet does not contain an authority reference,No,No,No,"Policies, prevention & societal and economic impact",No,NA,NA,NA,NA,NA,NA,None,NA,Other,0,2020
1332206755582013400,1,Accurate information,No,NA,NA,NA,NA,NA,NA,NA,NA,Neutrality,The Tweet does not contain an authority reference,No,No,No,Vaccination,No,"Government, politicians and international organizations",NA,NA,Other major non-governmental actors,NA,NA,NA,NA,Other,0,2020
1296707095656648700,1,Accurate information,Yes,NA,NA,NA,NA,NA,"An opinion leader or individual who is not a journalist, and not a part of a government, parliament, or a political party",NA,NA,Neutrality,The Tweet does not contain an authority reference,No,No,No,"News, information and misinformation",No,NA,NA,NA,NA,Individuals or communities,NA,NA,NA,Other,0,2020
1467090192930541600,2,Misinformation,No,NA,NA,NA,NA,NA,NA,NA,NA,Negativity,The Tweet contains a non-specific authority reference,No,No,Yes,Vaccination,No,NA,Health services,NA,NA,NA,NA,NA,NA,Misinformation,1,2021
1249215793222557700,3,Other,No,NA,NA,NA,NA,NA,NA,NA,NA,Positivity,The Tweet does not contain an authority reference,No,No,No,"Policies, prevention & societal and economic impact",No,NA,NA,NA,NA,NA,NA,None,NA,Other,0,2020
1423662912762220500,4,Accurate information,No,NA,NA,NA,NA,NA,NA,NA,NA,Neutrality,The Tweet contains a non-specific authority reference,No,No,No,Spread and detection,No,NA,NA,NA,NA,NA,NA,NA,University or scientific organization,Other,0,2021
1338228960891723800,4,Accurate information,Yes,NA,NA,NA,NA,NA,NA,NA,Misinformation is not attributed to an actor,Neutrality,The Tweet contains a non-specific authority reference,No,No,No,"Policies, prevention & societal and economic impact",No,"Government, politicians and international organizations",NA,NA,NA,NA,NA,NA,NA,Other,0,2020
1484810788128923600,2,Uncheckable claim,No,NA,NA,NA,NA,NA,NA,NA,NA,Negativity,The Tweet does not contain an authority reference,No,No,No,"Policies, prevention & societal and economic impact",No,NA,NA,NA,NA,NA,NA,None,NA,Other,0,2022
1234611037455949800,3,Accurate information,Yes,NA,NA,NA,NA,NA,NA,NA,Misinformation is not attributed to an actor,Neutrality,The Tweet does not contain an authority reference,No,No,No,"News, information and misinformation",No,NA,NA,NA,NA,NA,NA,None,NA,Other,0,2020
1488069635484303400,1,Accurate information,Yes,NA,NA,NA,NA,NA,NA,NA,Misinformation is not attributed to an actor,Neutrality,The Tweet does not contain an authority reference,No,No,No,"News, information and misinformation",No,NA,NA,NA,Other major non-governmental actors,NA,NA,NA,NA,Other,0,2022
1363770161740861400,4,Misinformation,No,NA,NA,NA,NA,NA,NA,NA,NA,Neutrality,The Tweet does not contain an authority reference,No,No,No,Severity of covid,Yes,"Government, politicians and international organizations",NA,NA,NA,NA,NA,NA,NA,Misinformation,1,2021
1458065459421585400,1,Misinformation,No,NA,NA,NA,NA,NA,NA,NA,NA,Neutrality,The Tweet contains a non-specific authority reference,No,No,No,Existence of covid,Yes,NA,NA,NA,NA,Individuals or communities,NA,NA,NA,Misinformation,1,2021
1462426341844955100,2,Uncheckable claim,No,NA,NA,NA,NA,NA,NA,NA,NA,Neutrality,The Tweet contains a specific authority reference,No,No,No,"News, information and misinformation",No,NA,NA,Media,NA,Individuals or communities,NA,NA,NA,Other,0,2021
1270672787372486700,3,Accurate information,Yes,NA,NA,NA,NA,NA,NA,NA,Misinformation is not attributed to an actor,Neutrality,The Tweet does not contain an authority reference,No,No,No,"News, information and misinformation",No,"Government, politicians and international organizations",NA,NA,Other major non-governmental actors,NA,NA,NA,NA,Other,0,2020
1295268548563087400,4,Other,No,NA,NA,NA,NA,NA,NA,NA,NA,Positivity,The Tweet does not contain an authority reference,No,No,No,"Policies, prevention & societal and economic impact",No,NA,NA,NA,NA,Individuals or communities,NA,NA,NA,Other,0,2020
1331916807595233300,3,Accurate information,No,NA,NA,NA,NA,NA,NA,NA,NA,Positivity,The Tweet does not contain an authority reference,No,No,No,Vaccination,No,NA,NA,NA,NA,NA,NA,None,NA,Other,0,2020
1336740676608913400,4,Misinformation,Yes,NA,"The Dutch government, cabinet, a member of the Dutch cabinet or civil servant",NA,NA,NA,NA,NA,NA,Neutrality,The Tweet does not contain an authority reference,No,No,No,"News, information and misinformation",No,"Government, politicians and international organizations",NA,NA,NA,NA,NA,NA,NA,Misinformation,1,2020
1440207832654049300,2,Other,No,NA,NA,NA,NA,NA,NA,NA,NA,Neutrality,The Tweet does not contain an authority reference,No,No,No,Symptoms or characteristics of covid,No,NA,NA,NA,NA,NA,NA,None,NA,Other,0,2021
1268501793782337500,1,Accurate information,No,NA,NA,NA,NA,NA,NA,NA,NA,Neutrality,The Tweet does not contain an authority reference,No,No,No,"Policies, prevention & societal and economic impact",No,"Government, politicians and international organizations",NA,NA,Other major non-governmental actors,NA,NA,NA,NA,Other,0,2020
1292558917923471400,4,Other,No,NA,NA,NA,NA,NA,NA,NA,NA,Neutrality,The Tweet does not contain an authority reference,No,No,No,"Policies, prevention & societal and economic impact",No,NA,NA,NA,NA,NA,NA,None,NA,Other,0,2020
1241022755119804400,2,Accurate information,Yes,NA,NA,NA,NA,NA,NA,NA,Misinformation is not attributed to an actor,Positivity,The Tweet does not contain an authority reference,No,No,No,"News, information and misinformation",No,NA,NA,Media,NA,NA,NA,NA,NA,Other,0,2020
1240728585385775e3,4,Suggestive misinformation,No,NA,NA,NA,NA,NA,NA,NA,NA,Negativity,The Tweet does not contain an authority reference,No,No,No,Severity of covid,No,NA,NA,NA,NA,NA,NA,NA,University or scientific organization,Misinformation,1,2020
1348378071678791700,4,Other,No,NA,NA,NA,NA,NA,NA,NA,NA,Negativity,The Tweet does not contain an authority reference,No,No,No,Other,No,"Government, politicians and international organizations",NA,NA,NA,NA,NA,NA,NA,Other,0,2021
1255469379644543e3,1,Other,No,NA,NA,NA,NA,NA,NA,NA,NA,Neutrality,The Tweet does not contain an authority reference,No,No,No,"Policies, prevention & societal and economic impact",No,"Government, politicians and international organizations",NA,Media,Other major non-governmental actors,NA,NA,NA,NA,Other,0,2020
1487432179919597600,4,Other,Yes,NA,NA,NA,NA,NA,NA,Other actor,NA,Negativity,The Tweet does not contain an authority reference,No,Yes,No,"News, information and misinformation",No,NA,NA,Media,NA,NA,NA,NA,NA,Other,0,2022
1306570269683843e3,1,Misinformation,No,NA,NA,NA,NA,NA,NA,NA,NA,Neutrality,The Tweet does not contain an authority reference,No,No,No,Existence of covid,Yes,NA,NA,NA,NA,Individuals or communities,NA,NA,NA,Misinformation,1,2020
1295462972505182200,1,Other,No,NA,NA,NA,NA,NA,NA,NA,NA,Neutrality,The Tweet does not contain an authority reference,No,No,No,"Policies, prevention & societal and economic impact",No,NA,NA,NA,NA,NA,NA,None,NA,Other,0,2020
1355640105562730500,4,Misinformation,No,NA,NA,NA,NA,NA,NA,NA,NA,Neutrality,The Tweet does not contain an authority reference,No,No,No,Existence of covid,Yes,NA,NA,NA,NA,NA,NA,None,NA,Misinformation,1,2021
1289590089505558500,3,Uncheckable claim,No,NA,NA,NA,NA,NA,NA,NA,NA,Negativity,The Tweet does not contain an authority reference,No,No,No,Other,No,NA,NA,NA,NA,NA,NA,None,NA,Other,0,2020
1344615549569884200,2,Misinformation,No,NA,NA,NA,NA,NA,NA,NA,NA,Neutrality,The Tweet does not contain an authority reference,No,No,No,Existence of covid,Yes,"Government, politicians and international organizations",NA,NA,NA,NA,NA,NA,NA,Misinformation,1,2020
1252476953887727600,4,Accurate information,Yes,NA,NA,NA,NA,NA,"An opinion leader or individual who is not a journalist, and not a part of a government, parliament, or a political party",NA,NA,Neutrality,The Tweet does not contain an authority reference,No,No,Yes,"News, information and misinformation",No,"Government, politicians and international organizations",NA,NA,NA,Individuals or communities,NA,NA,NA,Other,0,2020
1481389441516294100,2,Unable to classify,No,NA,NA,NA,NA,NA,NA,NA,NA,Neutrality,The Tweet does not contain an authority reference,No,No,No,Other,No,NA,NA,NA,NA,NA,NA,None,NA,Other,0,2022
1380090825368027100,2,Other,Yes,NA,NA,NA,NA,NA,NA,NA,Misinformation is not attributed to an actor,Neutrality,The Tweet does not contain an authority reference,No,No,No,"News, information and misinformation",No,NA,NA,NA,NA,NA,NA,None,NA,Other,0,2021
1420646653309096e3,4,Other,No,NA,NA,NA,NA,NA,NA,NA,NA,Positivity,The Tweet does not contain an authority reference,Yes,No,No,"News, information and misinformation",No,NA,NA,NA,NA,Individuals or communities,NA,NA,NA,Other,0,2021
1357273219892449300,3,Accurate information,No,NA,NA,NA,NA,NA,NA,NA,NA,Neutrality,The Tweet does not contain an authority reference,No,No,No,"Policies, prevention & societal and economic impact",No,"Government, politicians and international organizations",Health services,NA,NA,NA,NA,NA,NA,Other,0,2021
1323324083820376e3,1,Accurate information,No,NA,NA,NA,NA,NA,NA,NA,NA,Neutrality,The Tweet does not contain an authority reference,No,No,No,"Remedies for cure, treatment and prevention",No,NA,NA,NA,NA,NA,NA,NA,University or scientific organization,Other,0,2020
1317167761337032700,3,Other,No,NA,NA,NA,NA,NA,NA,NA,NA,Neutrality,The Tweet does not contain an authority reference,No,No,No,Spread and detection,No,NA,NA,NA,NA,NA,NA,None,NA,Other,0,2020
1477551313357525e3,4,Accurate information,No,NA,NA,NA,NA,NA,NA,NA,NA,Neutrality,The Tweet does not contain an authority reference,No,No,No,"Remedies for cure, treatment and prevention",No,NA,NA,NA,NA,Individuals or communities,NA,NA,NA,Other,0,2022
1251071508031713300,4,Accurate information,No,NA,NA,NA,NA,NA,NA,NA,NA,Neutrality,The Tweet does not contain an authority reference,No,No,No,"News, information and misinformation",No,"Government, politicians and international organizations",NA,NA,NA,Individuals or communities,NA,NA,NA,Other,0,2020
1369384048821481500,4,Other,No,NA,NA,NA,NA,NA,NA,NA,NA,Neutrality,The Tweet does not contain an authority reference,No,No,No,"Policies, prevention & societal and economic impact",No,"Government, politicians and international organizations",NA,NA,NA,Individuals or communities,NA,NA,NA,Other,0,2021
1255700817300070400,1,Misinformation,Yes,NA,NA,NA,A mainstream media outlet or journalist working in the mainstream media,An alternative media outlet or journalist working in alternative media,NA,NA,NA,Negativity,The Tweet contains a specific authority reference,No,No,Yes,"News, information and misinformation",No,NA,NA,Media,NA,Individuals or communities,NA,NA,NA,Misinformation,1,2020
1414998769897255e3,4,Other,No,NA,NA,NA,NA,NA,NA,NA,NA,Positivity,The Tweet does not contain an authority reference,No,No,No,"Remedies for cure, treatment and prevention",No,NA,NA,NA,NA,NA,NA,None,NA,Other,0,2021
1322173546655846400,3,Uncheckable claim,No,NA,NA,NA,NA,NA,NA,NA,NA,Positivity,The Tweet does not contain an authority reference,No,No,No,Spread and detection,No,NA,NA,NA,NA,NA,NA,None,NA,Other,0,2020
1381194216164970500,4,Other,No,NA,NA,NA,NA,NA,NA,NA,NA,Neutrality,The Tweet does not contain an authority reference,No,No,No,"Policies, prevention & societal and economic impact",No,NA,NA,NA,NA,NA,NA,None,NA,Other,0,2021
1483015557930705e3,2,Uncheckable claim,No,NA,NA,NA,NA,NA,NA,NA,NA,Mixed,The Tweet does not contain an authority reference,No,No,No,Vaccination,No,NA,NA,NA,NA,NA,NA,None,NA,Other,0,2022
1270619955470520300,1,Other,No,NA,NA,NA,NA,NA,NA,NA,NA,Negativity,The Tweet does not contain an authority reference,No,No,Yes,Other,No,NA,NA,NA,NA,NA,NA,None,NA,Other,0,2020
1320791765893419e3,4,Uncheckable claim,No,NA,NA,NA,NA,NA,NA,NA,NA,Neutrality,The Tweet does not contain an authority reference,No,No,No,Spread and detection,No,NA,NA,NA,Other major non-governmental actors,NA,NA,NA,NA,Other,0,2020
1296718046690775e3,3,Accurate information,Yes,NA,NA,NA,NA,NA,"An opinion leader or individual who is not a journalist, and not a part of a government, parliament, or a political party",NA,NA,Neutrality,The Tweet does not contain an authority reference,No,No,No,"News, information and misinformation",No,NA,NA,NA,NA,Individuals or communities,NA,NA,NA,Other,0,2020
1413177195141476400,2,Suggestive misinformation,Yes,NA,"The Dutch government, cabinet, a member of the Dutch cabinet or civil servant",NA,NA,NA,NA,NA,NA,Neutrality,The Tweet does not contain an authority reference,No,No,No,"News, information and misinformation",No,"Government, politicians and international organizations",NA,NA,Other major non-governmental actors,NA,NA,NA,NA,Misinformation,1,2021
1425121256161128400,4,Other,No,NA,NA,NA,NA,NA,NA,NA,NA,Neutrality,The Tweet does not contain an authority reference,No,No,No,Spread and detection,No,NA,NA,NA,NA,Individuals or communities,NA,NA,NA,Other,0,2021
1483779479818453e3,4,Other,No,NA,NA,NA,NA,NA,NA,NA,NA,Neutrality,The Tweet does not contain an authority reference,No,No,No,Severity of covid,No,NA,NA,NA,NA,NA,NA,None,NA,Other,0,2022
1248206530039681e3,1,Accurate information,No,NA,NA,NA,NA,NA,NA,NA,NA,Neutrality,The Tweet does not contain an authority reference,No,No,No,"Policies, prevention & societal and economic impact",No,"Government, politicians and international organizations",NA,NA,NA,NA,NA,NA,NA,Other,0,2020
1422886377172131800,3,Other,Yes,NA,NA,NA,NA,NA,NA,NA,Misinformation is not attributed to an actor,Neutrality,The Tweet does not contain an authority reference,No,Yes,No,"News, information and misinformation",No,NA,NA,NA,NA,NA,NA,None,NA,Other,0,2021
1235152443555618800,2,Accurate information,Yes,NA,NA,NA,NA,NA,NA,NA,Misinformation is not attributed to an actor,Neutrality,The Tweet contains a specific authority reference,No,No,No,"News, information and misinformation",No,NA,NA,NA,Other major non-governmental actors,NA,NA,NA,NA,Other,0,2020
148802983991543e4,1,Accurate information,Yes,NA,NA,NA,NA,NA,NA,NA,Misinformation is not attributed to an actor,Neutrality,The Tweet does not contain an authority reference,No,No,No,"News, information and misinformation",No,NA,NA,Media,Other major non-governmental actors,NA,NA,NA,NA,Other,0,2022
1273301000024215600,4,Unable to classify,No,NA,NA,NA,NA,NA,NA,NA,NA,Neutrality,The Tweet does not contain an authority reference,No,No,No,"Policies, prevention & societal and economic impact",No,"Government, politicians and international organizations",NA,NA,NA,NA,NA,NA,University or scientific organization,Other,0,2020
1355906697890562e3,2,Other,No,NA,NA,NA,NA,NA,NA,NA,NA,Neutrality,The Tweet does not contain an authority reference,No,No,No,Symptoms or characteristics of covid,No,NA,NA,NA,NA,NA,NA,None,NA,Other,0,2021
1248729997566599200,4,Accurate information,No,NA,NA,NA,NA,NA,NA,NA,NA,Neutrality,The Tweet does not contain an authority reference,No,No,No,"Policies, prevention & societal and economic impact",No,NA,NA,NA,NA,Individuals or communities,NA,NA,NA,Other,0,2020
1343837168037347300,4,Accurate information,No,NA,NA,NA,NA,NA,NA,NA,NA,Neutrality,The Tweet contains a specific authority reference,No,No,No,Spread and detection,No,"Government, politicians and international organizations",NA,NA,NA,NA,NA,NA,NA,Other,0,2020
1461436136249831400,4,Other,Yes,NA,NA,NA,NA,NA,"An opinion leader or individual who is not a journalist, and not a part of a government, parliament, or a political party",NA,NA,Neutrality,The Tweet does not contain an authority reference,No,No,No,"News, information and misinformation",No,NA,NA,NA,NA,Individuals or communities,NA,NA,NA,Other,0,2021
1249384825896788e3,3,Misinformation,Yes,NA,NA,NA,NA,NA,NA,NA,Misinformation is not attributed to an actor,Negativity,The Tweet does not contain an authority reference,No,No,No,"News, information and misinformation",No,NA,NA,NA,NA,Individuals or communities,NA,NA,NA,Misinformation,1,2020
1325810030294274e3,3,Accurate information,No,NA,NA,NA,NA,NA,NA,NA,NA,Neutrality,The Tweet does not contain an authority reference,No,No,No,"Remedies for cure, treatment and prevention",No,NA,Health services,NA,NA,NA,NA,NA,NA,Other,0,2020
134873161296452e4,2,Unable to classify,No,NA,NA,NA,NA,NA,NA,NA,NA,Negativity,The Tweet does not contain an authority reference,No,No,No,Vaccination,No,NA,NA,Media,NA,NA,NA,NA,NA,Other,0,2021
1319986148828119e3,2,Misinformation,Yes,NA,"The Dutch government, cabinet, a member of the Dutch cabinet or civil servant",NA,NA,NA,NA,NA,NA,Negativity,The Tweet does not contain an authority reference,Yes,No,No,"News, information and misinformation",No,"Government, politicians and international organizations",NA,Media,Other major non-governmental actors,Individuals or communities,NA,NA,NA,Misinformation,1,2020
138188727889365e4,2,Misinformation,No,NA,NA,NA,NA,NA,NA,NA,NA,Neutrality,The Tweet does not contain an authority reference,No,No,No,Existence of covid,Yes,NA,NA,NA,NA,NA,NA,None,NA,Misinformation,1,2021
1375533985728712700,3,Other,No,NA,NA,NA,NA,NA,NA,NA,NA,Negativity,The Tweet does not contain an authority reference,Yes,No,No,"Policies, prevention & societal and economic impact",No,NA,NA,NA,NA,NA,NA,None,NA,Other,0,2021
1251620620007346200,2,Uncheckable claim,No,NA,NA,NA,NA,NA,NA,NA,NA,Neutrality,The Tweet does not contain an authority reference,No,No,No,"Policies, prevention & societal and economic impact",No,NA,NA,Media,NA,Individuals or communities,NA,NA,NA,Other,0,2020
1377928490457129e3,2,Accurate information,No,NA,NA,NA,NA,NA,NA,NA,NA,Neutrality,The Tweet does not contain an authority reference,No,No,No,"Policies, prevention & societal and economic impact",No,"Government, politicians and international organizations",NA,NA,NA,NA,NA,NA,NA,Other,0,2021
1321844421164470300,2,Uncheckable claim,No,NA,NA,NA,NA,NA,NA,NA,NA,Positivity,The Tweet contains a specific authority reference,No,No,No,"Policies, prevention & societal and economic impact",No,NA,NA,NA,NA,Individuals or communities,NA,NA,NA,Other,0,2020
1308386857290530800,2,Accurate information,No,NA,NA,NA,NA,NA,NA,NA,NA,Neutrality,The Tweet does not contain an authority reference,No,No,No,Spread and detection,No,NA,NA,NA,NA,NA,NA,None,NA,Other,0,2020
1300906936066543600,4,Accurate information,No,NA,NA,NA,NA,NA,NA,NA,NA,Neutrality,The Tweet does not contain an authority reference,No,No,No,"Remedies for cure, treatment and prevention",No,NA,NA,NA,NA,Individuals or communities,NA,NA,NA,Other,0,2020
1382285558521733e3,3,Misinformation,No,NA,NA,NA,NA,NA,NA,NA,NA,Neutrality,The Tweet contains a non-specific authority reference,No,No,No,"Remedies for cure, treatment and prevention",No,NA,NA,NA,NA,Individuals or communities,NA,NA,NA,Misinformation,1,2021
1347547182640078800,4,Accurate information,No,NA,NA,NA,NA,NA,NA,NA,NA,Neutrality,The Tweet does not contain an authority reference,No,No,No,Existence of covid,Yes,NA,NA,NA,NA,NA,NA,None,NA,Other,0,2021
1326702805843914800,4,Accurate information,No,NA,NA,NA,NA,NA,NA,NA,NA,Neutrality,The Tweet does not contain an authority reference,No,No,No,Spread and detection,No,NA,Health services,NA,NA,NA,NA,NA,NA,Other,0,2020
1291638387968020500,1,Uncheckable claim,No,NA,NA,NA,NA,NA,NA,NA,NA,Neutrality,The Tweet does not contain an authority reference,No,No,No,"Policies, prevention & societal and economic impact",No,"Government, politicians and international organizations",NA,NA,NA,NA,NA,NA,NA,Other,0,2020
1262998825398153200,3,Accurate information,No,NA,NA,NA,NA,NA,NA,NA,NA,Neutrality,The Tweet does not contain an authority reference,No,No,No,Spread and detection,No,NA,NA,NA,Other major non-governmental actors,Individuals or communities,NA,NA,NA,Other,0,2020
1244618283577413600,1,Accurate information,No,NA,NA,NA,NA,NA,NA,NA,NA,Neutrality,The Tweet does not contain an authority reference,No,No,No,"Remedies for cure, treatment and prevention",No,"Government, politicians and international organizations",NA,Media,NA,NA,NA,NA,NA,Other,0,2020
1272170631069606e3,3,Misinformation,No,NA,NA,NA,NA,NA,NA,NA,NA,Negativity,The Tweet does not contain an authority reference,Yes,No,No,Vaccination,No,NA,NA,NA,NA,NA,NA,None,NA,Misinformation,1,2020
1309782294723473400,4,Accurate information,No,NA,NA,NA,NA,NA,NA,NA,NA,Neutrality,The Tweet does not contain an authority reference,No,No,No,Symptoms or characteristics of covid,Yes,NA,NA,NA,NA,Individuals or communities,NA,NA,NA,Other,0,2020
1261712223686340600,3,Misinformation,No,NA,NA,NA,NA,NA,NA,NA,NA,Positivity,The Tweet does not contain an authority reference,No,No,No,Existence of covid,Yes,"Government, politicians and international organizations",NA,NA,NA,NA,NA,NA,NA,Misinformation,1,2020
1363782207060529200,3,Misinformation,No,NA,NA,NA,NA,NA,NA,NA,NA,Neutrality,The Tweet does not contain an authority reference,No,No,No,"Policies, prevention & societal and economic impact",No,"Government, politicians and international organizations",NA,NA,NA,NA,NA,NA,NA,Misinformation,1,2021
1352894729860624400,1,Unable to classify,No,NA,NA,NA,NA,NA,NA,NA,NA,Neutrality,The Tweet does not contain an authority reference,No,No,No,Other,No,NA,NA,NA,NA,NA,NA,None,NA,Other,0,2021
1235680502973153300,4,Other,No,NA,NA,NA,NA,NA,NA,NA,NA,Neutrality,The Tweet does not contain an authority reference,No,No,No,Symptoms or characteristics of covid,No,NA,NA,NA,NA,Individuals or communities,NA,NA,NA,Other,0,2020
1295250090530148400,2,Other,No,NA,NA,NA,NA,NA,NA,NA,NA,Neutrality,The Tweet does not contain an authority reference,No,No,No,"Policies, prevention & societal and economic impact",No,NA,NA,NA,NA,NA,NA,None,NA,Other,0,2020
1295118622352908300,2,Other,No,NA,NA,NA,NA,NA,NA,NA,NA,Neutrality,The Tweet does not contain an authority reference,No,No,No,"Policies, prevention & societal and economic impact",No,NA,NA,NA,NA,NA,NA,None,NA,Other,0,2020
1414971800421871600,3,Uncheckable claim,No,NA,NA,NA,NA,NA,NA,NA,NA,Negativity,The Tweet does not contain an authority reference,No,No,No,Spread and detection,No,"Government, politicians and international organizations",NA,NA,NA,Individuals or communities,NA,NA,NA,Other,0,2021
1343850406556954600,1,Other,No,NA,NA,NA,NA,NA,NA,NA,NA,Negativity,The Tweet does not contain an authority reference,Yes,No,No,"Policies, prevention & societal and economic impact",No,NA,NA,NA,NA,Individuals or communities,NA,NA,NA,Other,0,2020
1356248349259788300,4,Other,No,NA,NA,NA,NA,NA,NA,NA,NA,Neutrality,The Tweet does not contain an authority reference,No,No,No,Existence of covid,Yes,NA,NA,NA,NA,NA,NA,None,NA,Other,0,2021
1304070191475830800,3,Misinformation,No,NA,NA,NA,NA,NA,NA,NA,NA,Negativity,The Tweet does not contain an authority reference,No,No,No,Spread and detection,No,NA,NA,NA,NA,Individuals or communities,NA,NA,NA,Misinformation,1,2020
1479378338477191200,3,Misinformation,Yes,NA,NA,NA,A mainstream media outlet or journalist working in the mainstream media,NA,NA,NA,NA,Negativity,The Tweet does not contain an authority reference,Yes,No,Yes,"News, information and misinformation",No,NA,NA,Media,NA,Individuals or communities,NA,NA,NA,Misinformation,1,2022
1394194114615386e3,1,Accurate information,Yes,NA,NA,NA,NA,NA,NA,NA,Misinformation is not attributed to an actor,Neutrality,The Tweet does not contain an authority reference,No,No,No,"News, information and misinformation",No,"Government, politicians and international organizations",NA,NA,NA,Individuals or communities,NA,NA,NA,Other,0,2021
1321878355147411500,4,Other,No,NA,NA,NA,NA,NA,NA,NA,NA,Neutrality,The Tweet does not contain an authority reference,No,No,No,"Policies, prevention & societal and economic impact",No,NA,NA,NA,NA,NA,NA,None,NA,Other,0,2020
1242766928898293800,4,Other,No,NA,NA,NA,NA,NA,NA,NA,NA,Neutrality,The Tweet does not contain an authority reference,No,No,No,Symptoms or characteristics of covid,No,NA,NA,NA,NA,NA,NA,None,NA,Other,0,2020
1318537763197718500,3,Other,No,NA,NA,NA,NA,NA,NA,NA,NA,Negativity,The Tweet contains a non-specific authority reference,No,No,No,"Policies, prevention & societal and economic impact",No,"Government, politicians and international organizations",NA,NA,NA,NA,NA,NA,NA,Other,0,2020
1251067873893781500,1,Accurate information,No,NA,NA,NA,NA,NA,NA,NA,NA,Neutrality,The Tweet contains a non-specific authority reference,Yes,No,No,"Remedies for cure, treatment and prevention",No,NA,NA,NA,NA,Individuals or communities,NA,NA,NA,Other,0,2020
1255630963364769800,2,Accurate information,No,NA,NA,NA,NA,NA,NA,NA,NA,Neutrality,The Tweet does not contain an authority reference,No,No,No,"Remedies for cure, treatment and prevention",No,NA,NA,NA,NA,NA,NA,None,NA,Other,0,2020
1468916809684459500,1,Accurate information,No,NA,NA,NA,NA,NA,NA,NA,NA,Neutrality,The Tweet does not contain an authority reference,No,No,No,"Remedies for cure, treatment and prevention",No,NA,Health services,Media,NA,NA,NA,NA,NA,Other,0,2021
1484608539805028400,4,Other,No,NA,NA,NA,NA,NA,NA,NA,NA,Mixed,The Tweet does not contain an authority reference,No,No,No,Symptoms or characteristics of covid,No,NA,NA,NA,NA,Individuals or communities,NA,NA,NA,Other,0,2022
1316318656708702200,1,Other,No,NA,NA,NA,NA,NA,NA,NA,NA,Neutrality,The Tweet does not contain an authority reference,No,No,No,"Policies, prevention & societal and economic impact",No,NA,NA,NA,NA,NA,NA,None,NA,Other,0,2020
1333725350321397800,2,Misinformation,No,NA,NA,NA,NA,NA,NA,NA,NA,Neutrality,The Tweet does not contain an authority reference,No,No,No,"Policies, prevention & societal and economic impact",No,"Government, politicians and international organizations",NA,NA,NA,NA,NA,NA,NA,Misinformation,1,2020
125469191999898e4,2,Other,No,NA,NA,NA,NA,NA,NA,NA,NA,Neutrality,The Tweet does not contain an authority reference,No,No,No,"Policies, prevention & societal and economic impact",No,NA,NA,NA,NA,NA,NA,None,NA,Other,0,2020
1.3529471750142239e+18,4,Uncheckable claim,Yes,NA,NA,NA,NA,NA,NA,Other actor,NA,Negativity,The Tweet does not contain an authority reference,Yes,No,No,"News, information and misinformation",No,NA,NA,Media,NA,NA,NA,NA,NA,Other,0,2021
1302204311750037500,3,Uncheckable claim,No,NA,NA,NA,NA,NA,NA,NA,NA,Negativity,The Tweet does not contain an authority reference,No,No,No,"Policies, prevention & societal and economic impact",No,NA,NA,NA,NA,Individuals or communities,NA,NA,NA,Other,0,2020
1263729881084498e3,4,Other,No,NA,NA,NA,NA,NA,NA,NA,NA,Neutrality,The Tweet does not contain an authority reference,No,No,No,Spread and detection,No,NA,Health services,NA,NA,Individuals or communities,NA,NA,NA,Other,0,2020
1260142357774827500,1,Accurate information,No,NA,NA,NA,NA,NA,NA,NA,NA,Neutrality,The Tweet does not contain an authority reference,No,No,No,Vaccination,No,NA,NA,NA,NA,Individuals or communities,NA,NA,NA,Other,0,2020
1247584644620583e3,4,Accurate information,No,NA,NA,NA,NA,NA,NA,NA,NA,Neutrality,The Tweet contains a specific authority reference,No,No,No,"Remedies for cure, treatment and prevention",No,NA,NA,NA,Other major non-governmental actors,NA,NA,NA,University or scientific organization,Other,0,2020
1262643410428625e3,4,Other,No,NA,NA,NA,NA,NA,NA,NA,NA,Positivity,The Tweet does not contain an authority reference,No,No,No,"News, information and misinformation",No,NA,NA,NA,NA,NA,NA,NA,University or scientific organization,Other,0,2020
1.4293517207447839e+18,4,Misinformation,No,NA,NA,NA,NA,NA,NA,NA,NA,Neutrality,The Tweet does not contain an authority reference,No,No,No,Vaccination,No,NA,NA,NA,NA,NA,NA,None,NA,Misinformation,1,2021
1455574020716388400,2,Other,No,NA,NA,NA,NA,NA,NA,NA,NA,Neutrality,The Tweet does not contain an authority reference,Yes,No,No,"Policies, prevention & societal and economic impact",No,NA,NA,NA,NA,NA,NA,None,NA,Other,0,2021
1470818959066869800,4,Misinformation,No,NA,NA,NA,NA,NA,NA,NA,NA,Neutrality,The Tweet does not contain an authority reference,No,No,No,Spread and detection,No,NA,NA,NA,NA,Individuals or communities,NA,NA,NA,Misinformation,1,2021
1294188424631652400,2,Misinformation,No,NA,NA,NA,NA,NA,NA,NA,NA,Neutrality,The Tweet contains a specific authority reference,No,No,No,Spread and detection,No,NA,Health services,NA,NA,NA,NA,NA,NA,Misinformation,1,2020
1329002967408791600,3,Uncheckable claim,No,NA,NA,NA,NA,NA,NA,NA,NA,Neutrality,The Tweet does not contain an authority reference,No,No,No,"Remedies for cure, treatment and prevention",No,NA,NA,Media,NA,Individuals or communities,NA,NA,NA,Other,0,2020
1242412035297738800,2,Suggestive misinformation,No,NA,NA,NA,NA,NA,NA,NA,NA,Negativity,The Tweet does not contain an authority reference,No,No,No,Existence of covid,Yes,NA,NA,NA,Other major non-governmental actors,Individuals or communities,NA,NA,NA,Misinformation,1,2020
1325815137585016800,4,Other,No,NA,NA,NA,NA,NA,NA,NA,NA,Neutrality,The Tweet does not contain an authority reference,No,No,No,"Policies, prevention & societal and economic impact",No,NA,NA,NA,NA,NA,NA,None,NA,Other,0,2020
1295827518478528500,2,Other,No,NA,NA,NA,NA,NA,NA,NA,NA,Neutrality,The Tweet does not contain an authority reference,No,No,No,"Policies, prevention & societal and economic impact",No,NA,NA,NA,NA,NA,NA,None,NA,Other,0,2020
1250915629865021400,4,Accurate information,Yes,NA,NA,NA,NA,NA,"An opinion leader or individual who is not a journalist, and not a part of a government, parliament, or a political party",NA,NA,Neutrality,The Tweet does not contain an authority reference,No,No,No,"News, information and misinformation",No,NA,NA,Media,NA,Individuals or communities,NA,NA,NA,Other,0,2020
1295378681293082600,2,Other,No,NA,NA,NA,NA,NA,NA,NA,NA,Neutrality,The Tweet does not contain an authority reference,No,No,No,"Policies, prevention & societal and economic impact",No,NA,NA,NA,NA,NA,NA,None,NA,Other,0,2020
1295419890321563600,4,Other,No,NA,NA,NA,NA,NA,NA,NA,NA,Neutrality,The Tweet does not contain an authority reference,No,No,No,"Policies, prevention & societal and economic impact",No,NA,NA,NA,NA,NA,NA,None,NA,Other,0,2020
1362466642077352e3,4,Other,No,NA,NA,NA,NA,NA,NA,NA,NA,Neutrality,The Tweet contains a specific authority reference,No,No,No,Spread and detection,No,"Government, politicians and international organizations",NA,NA,NA,NA,NA,NA,NA,Other,0,2021
1418880664955506700,3,Misinformation,No,NA,NA,NA,NA,NA,NA,NA,NA,Neutrality,The Tweet does not contain an authority reference,No,No,No,Vaccination,No,NA,NA,NA,NA,NA,NA,NA,University or scientific organization,Misinformation,1,2021
1360319508704034800,3,Misinformation,No,NA,NA,NA,NA,NA,NA,NA,NA,Neutrality,The Tweet does not contain an authority reference,No,No,No,Spread and detection,No,"Government, politicians and international organizations",NA,NA,Other major non-governmental actors,NA,NA,NA,NA,Misinformation,1,2021
1342406134003601400,3,Accurate information,No,NA,NA,NA,NA,NA,NA,NA,NA,Neutrality,The Tweet does not contain an authority reference,No,No,No,Spread and detection,No,NA,NA,NA,NA,NA,NA,None,NA,Other,0,2020
1242434312278085600,1,Misinformation,No,NA,NA,NA,NA,NA,NA,NA,NA,Neutrality,The Tweet does not contain an authority reference,No,No,No,Spread and detection,No,"Government, politicians and international organizations",NA,NA,NA,NA,NA,NA,NA,Misinformation,1,2020
1368891862354956300,4,Other,Yes,A Dutch politician (not seated in the Dutch cabinet),NA,NA,NA,NA,NA,NA,NA,Neutrality,The Tweet does not contain an authority reference,No,No,No,Vaccination,No,"Government, politicians and international organizations",NA,NA,NA,NA,NA,NA,NA,Other,0,2021
1295406549658214400,1,Other,No,NA,NA,NA,NA,NA,NA,NA,NA,Neutrality,The Tweet does not contain an authority reference,No,No,No,"Policies, prevention & societal and economic impact",No,NA,NA,NA,NA,NA,NA,None,NA,Other,0,2020
1325079634761961500,1,Other,No,NA,NA,NA,NA,NA,NA,NA,NA,Neutrality,The Tweet does not contain an authority reference,No,No,No,"Policies, prevention & societal and economic impact",No,NA,NA,NA,NA,NA,NA,None,NA,Other,0,2020
1317787479626449e3,1,Other,No,NA,NA,NA,NA,NA,NA,NA,NA,Neutrality,The Tweet does not contain an authority reference,No,No,No,"Policies, prevention & societal and economic impact",No,NA,NA,NA,NA,NA,NA,None,NA,Other,0,2020
1420925205753499600,3,Accurate information,Yes,NA,NA,NA,NA,NA,NA,NA,Misinformation is not attributed to an actor,Neutrality,The Tweet contains a specific authority reference,No,No,No,"News, information and misinformation",No,"Government, politicians and international organizations",NA,NA,Other major non-governmental actors,NA,NA,NA,NA,Other,0,2021
1247222326325923800,1,Misinformation,No,NA,NA,NA,NA,NA,NA,NA,NA,Negativity,The Tweet does not contain an authority reference,No,No,Yes,Existence of covid,Yes,NA,NA,NA,NA,NA,NA,None,NA,Misinformation,1,2020
1442964812753891300,2,Accurate information,Yes,NA,NA,NA,NA,An alternative media outlet or journalist working in alternative media,NA,NA,NA,Mixed,The Tweet does not contain an authority reference,No,No,No,"News, information and misinformation",No,NA,NA,Media,Other major non-governmental actors,NA,NA,NA,NA,Other,0,2021
1246345469137170400,1,Other,No,NA,NA,NA,NA,NA,NA,NA,NA,Neutrality,The Tweet does not contain an authority reference,No,No,No,"Policies, prevention & societal and economic impact",No,"Government, politicians and international organizations",NA,NA,NA,NA,NA,NA,NA,Other,0,2020
1326221373707051e3,2,Uncheckable claim,No,NA,NA,NA,NA,NA,NA,NA,NA,Negativity,The Tweet does not contain an authority reference,No,No,No,"Policies, prevention & societal and economic impact",No,NA,Health services,NA,Other major non-governmental actors,NA,NA,NA,NA,Other,0,2020
1349069394710708200,3,Accurate information,No,NA,NA,NA,NA,NA,NA,NA,NA,Neutrality,The Tweet does not contain an authority reference,No,No,No,"Policies, prevention & societal and economic impact",No,NA,NA,NA,NA,NA,NA,None,NA,Other,0,2021
1317424233459449900,2,Accurate information,No,NA,NA,NA,NA,NA,NA,NA,NA,Positivity,The Tweet does not contain an authority reference,No,Yes,No,"Remedies for cure, treatment and prevention",No,NA,NA,NA,Other major non-governmental actors,Individuals or communities,NA,NA,NA,Other,0,2020
1346182633039e6,2,Uncheckable claim,No,NA,NA,NA,NA,NA,NA,NA,NA,Positivity,The Tweet does not contain an authority reference,No,No,No,"Policies, prevention & societal and economic impact",No,NA,NA,NA,NA,Individuals or communities,NA,NA,NA,Other,0,2021
1458413859983745e3,3,Uncheckable claim,No,NA,NA,NA,NA,NA,NA,NA,NA,Neutrality,The Tweet does not contain an authority reference,No,No,No,Vaccination,No,NA,NA,NA,NA,Individuals or communities,NA,NA,NA,Other,0,2021
1456941120181657600,1,Other,No,NA,NA,NA,NA,NA,NA,NA,NA,Neutrality,The Tweet does not contain an authority reference,No,No,No,"Policies, prevention & societal and economic impact",No,NA,NA,NA,NA,NA,NA,None,NA,Other,0,2021
1383332616795877400,2,Misinformation,No,NA,NA,NA,NA,NA,NA,NA,NA,Neutrality,The Tweet does not contain an authority reference,No,No,No,"Policies, prevention & societal and economic impact",No,NA,NA,NA,NA,NA,NA,None,NA,Misinformation,1,2021
1337289255924732e3,4,Accurate information,Yes,NA,NA,NA,NA,NA,NA,NA,Misinformation is not attributed to an actor,Neutrality,The Tweet does not contain an authority reference,No,No,No,"News, information and misinformation",No,NA,Health services,NA,NA,NA,NA,NA,NA,Other,0,2020
1317362359552409600,4,Other,No,NA,NA,NA,NA,NA,NA,NA,NA,Neutrality,The Tweet does not contain an authority reference,No,No,No,"Policies, prevention & societal and economic impact",No,"Government, politicians and international organizations",NA,NA,NA,Individuals or communities,NA,NA,NA,Other,0,2020
1486092310957940700,4,Misinformation,No,NA,NA,NA,NA,NA,NA,NA,NA,Negativity,The Tweet does not contain an authority reference,No,No,No,"Policies, prevention & societal and economic impact",No,"Government, politicians and international organizations",NA,NA,NA,Individuals or communities,NA,NA,NA,Misinformation,1,2022
1255438928884174800,1,Other,No,NA,NA,NA,NA,NA,NA,NA,NA,Neutrality,The Tweet does not contain an authority reference,No,No,No,"Policies, prevention & societal and economic impact",No,"Government, politicians and international organizations",NA,Media,Other major non-governmental actors,NA,NA,NA,NA,Other,0,2020
1242524251049115600,3,Accurate information,No,NA,NA,NA,NA,NA,NA,NA,NA,Neutrality,The Tweet does not contain an authority reference,No,No,No,"Policies, prevention & societal and economic impact",No,"Government, politicians and international organizations",NA,NA,NA,Individuals or communities,NA,NA,NA,Other,0,2020
1296794998583758800,4,Accurate information,Yes,NA,NA,NA,NA,NA,"An opinion leader or individual who is not a journalist, and not a part of a government, parliament, or a political party",NA,NA,Neutrality,The Tweet does not contain an authority reference,No,No,No,"News, information and misinformation",No,NA,NA,NA,NA,Individuals or communities,NA,NA,NA,Other,0,2020
1278465966599438300,1,Other,No,NA,NA,NA,NA,NA,NA,NA,NA,Negativity,The Tweet does not contain an authority reference,No,No,No,"Policies, prevention & societal and economic impact",No,NA,NA,NA,NA,NA,NA,None,NA,Other,0,2020
1282279842080338e3,3,Accurate information,No,NA,NA,NA,NA,NA,NA,NA,NA,Positivity,The Tweet does not contain an authority reference,No,No,No,"Remedies for cure, treatment and prevention",No,NA,NA,NA,NA,NA,NA,None,NA,Other,0,2020
1245069103724933e3,4,Accurate information,Yes,NA,NA,NA,NA,NA,NA,NA,Misinformation is not attributed to an actor,Neutrality,The Tweet does not contain an authority reference,No,No,No,"News, information and misinformation",No,NA,NA,Media,NA,Individuals or communities,NA,NA,NA,Other,0,2020
1478421407319183400,2,Misinformation,No,NA,NA,NA,NA,NA,NA,NA,NA,Neutrality,The Tweet contains a specific authority reference,No,No,Yes,Vaccination,No,NA,Health services,NA,NA,NA,NA,NA,NA,Misinformation,1,2022
1452998216732061700,3,Accurate information,No,NA,NA,NA,NA,NA,NA,NA,NA,Neutrality,The Tweet does not contain an authority reference,No,No,No,"Policies, prevention & societal and economic impact",No,NA,NA,NA,NA,NA,NA,None,NA,Other,0,2021
1295225128465379300,4,Other,No,NA,NA,NA,NA,NA,NA,NA,NA,Neutrality,The Tweet does not contain an authority reference,No,No,No,"Policies, prevention & societal and economic impact",No,NA,NA,NA,NA,NA,NA,None,NA,Other,0,2020
1397142978104340500,4,Other,No,NA,NA,NA,NA,NA,NA,NA,NA,Neutrality,The Tweet does not contain an authority reference,No,No,No,Existence of covid,Yes,NA,NA,NA,NA,NA,NA,None,NA,Other,0,2021
1382987575380545500,4,Accurate information,No,NA,NA,NA,NA,NA,NA,NA,NA,Neutrality,The Tweet does not contain an authority reference,No,No,No,"Policies, prevention & societal and economic impact",No,"Government, politicians and international organizations",NA,NA,NA,Individuals or communities,NA,NA,NA,Other,0,2021
1295376879973740500,1,Other,No,NA,NA,NA,NA,NA,NA,NA,NA,Neutrality,The Tweet does not contain an authority reference,No,No,No,"Policies, prevention & societal and economic impact",No,NA,NA,NA,NA,Individuals or communities,NA,NA,NA,Other,0,2020
1329438631971475500,4,Other,No,NA,NA,NA,NA,NA,NA,NA,NA,Neutrality,The Tweet does not contain an authority reference,No,No,No,"Policies, prevention & societal and economic impact",No,NA,NA,NA,NA,NA,NA,None,NA,Other,0,2020
1277310468080664600,2,Uncheckable claim,No,NA,NA,NA,NA,NA,NA,NA,NA,Mixed,The Tweet does not contain an authority reference,No,No,No,"Policies, prevention & societal and economic impact",No,NA,NA,NA,NA,NA,NA,None,NA,Other,0,2020
1338739449975480300,3,Misinformation,No,NA,NA,NA,NA,NA,NA,NA,NA,Neutrality,The Tweet does not contain an authority reference,No,No,No,"Remedies for cure, treatment and prevention",No,NA,NA,NA,Other major non-governmental actors,NA,NA,NA,NA,Misinformation,1,2020
1397505177540653e3,1,Accurate information,No,NA,NA,NA,NA,NA,NA,NA,NA,Neutrality,The Tweet does not contain an authority reference,No,No,No,Spread and detection,No,NA,NA,NA,Other major non-governmental actors,NA,NA,NA,NA,Other,0,2021
1284860470244061200,4,Other,No,NA,NA,NA,NA,NA,NA,NA,NA,Positivity,The Tweet does not contain an authority reference,No,No,No,"Policies, prevention & societal and economic impact",No,NA,NA,NA,NA,Individuals or communities,NA,NA,NA,Other,0,2020
1267003097517363200,4,Other,No,NA,NA,NA,NA,NA,NA,NA,NA,Neutrality,The Tweet does not contain an authority reference,No,No,No,"Policies, prevention & societal and economic impact",No,NA,NA,NA,NA,NA,NA,None,NA,Other,0,2020
1374867400248733700,1,Misinformation,No,NA,NA,NA,NA,NA,NA,NA,NA,Neutrality,The Tweet does not contain an authority reference,No,No,No,Existence of covid,Yes,NA,NA,NA,NA,NA,NA,None,NA,Misinformation,1,2021
1376058503819899e3,1,Misinformation,No,NA,NA,NA,NA,NA,NA,NA,NA,Neutrality,The Tweet contains a specific authority reference,No,No,No,Symptoms or characteristics of covid,No,"Government, politicians and international organizations",NA,NA,NA,Individuals or communities,NA,NA,NA,Misinformation,1,2021
1298898364604522500,3,Accurate information,No,NA,NA,NA,NA,NA,NA,NA,NA,Neutrality,The Tweet does not contain an authority reference,No,No,No,Symptoms or characteristics of covid,No,NA,NA,NA,NA,NA,NA,NA,University or scientific organization,Other,0,2020
1246680079276613600,4,Other,No,NA,NA,NA,NA,NA,NA,NA,NA,Neutrality,The Tweet does not contain an authority reference,No,No,No,"Policies, prevention & societal and economic impact",No,NA,NA,NA,NA,NA,NA,None,NA,Other,0,2020
1417276393335967700,4,Other,No,NA,NA,NA,NA,NA,NA,NA,NA,Negativity,The Tweet does not contain an authority reference,Yes,No,No,"News, information and misinformation",No,"Government, politicians and international organizations",NA,NA,NA,NA,NA,NA,NA,Other,0,2021
1300735017337983e3,3,Accurate information,No,NA,NA,NA,NA,NA,NA,NA,NA,Neutrality,The Tweet does not contain an authority reference,No,No,No,Vaccination,No,NA,Health services,NA,NA,NA,NA,NA,NA,Other,0,2020
1306668041346965500,2,Misinformation,Yes,NA,"The Dutch government, cabinet, a member of the Dutch cabinet or civil servant",NA,NA,NA,NA,NA,NA,Neutrality,The Tweet does not contain an authority reference,No,No,No,"News, information and misinformation",No,"Government, politicians and international organizations",NA,NA,NA,NA,NA,NA,NA,Misinformation,1,2020
1248640559658553300,2,Uncheckable claim,No,NA,NA,NA,NA,NA,NA,NA,NA,Negativity,The Tweet does not contain an authority reference,No,No,No,Spread and detection,No,NA,NA,NA,Other major non-governmental actors,Individuals or communities,NA,NA,NA,Other,0,2020
1367136346440106e3,4,Other,No,NA,NA,NA,NA,NA,NA,NA,NA,Neutrality,The Tweet does not contain an authority reference,No,No,No,"Remedies for cure, treatment and prevention",No,NA,NA,NA,NA,NA,NA,None,NA,Other,0,2021
1336731765155762200,2,Other,No,NA,NA,NA,NA,NA,NA,NA,NA,Neutrality,The Tweet does not contain an authority reference,No,No,Yes,Vaccination,No,NA,NA,NA,NA,NA,NA,None,NA,Other,0,2020
1300125162067513300,2,Other,No,NA,NA,NA,NA,NA,NA,NA,NA,Positivity,The Tweet does not contain an authority reference,No,No,No,Vaccination,No,NA,NA,NA,NA,NA,NA,None,NA,Other,0,2020
1427726404045639700,2,Uncheckable claim,No,NA,NA,NA,NA,NA,NA,NA,NA,Neutrality,The Tweet does not contain an authority reference,No,No,No,"Policies, prevention & societal and economic impact",No,NA,NA,NA,Other major non-governmental actors,Individuals or communities,NA,NA,NA,Other,0,2021
1295823490084483e3,2,Other,No,NA,NA,NA,NA,NA,NA,NA,NA,Neutrality,The Tweet does not contain an authority reference,No,No,No,"Policies, prevention & societal and economic impact",No,NA,NA,NA,NA,NA,NA,None,NA,Other,0,2020
1292150015163596800,4,Accurate information,Yes,NA,NA,NA,A mainstream media outlet or journalist working in the mainstream media,NA,NA,NA,NA,Neutrality,The Tweet does not contain an authority reference,No,No,No,"News, information and misinformation",No,NA,NA,Media,NA,NA,NA,NA,NA,Other,0,2020
1337416085730168800,3,Unable to classify,No,NA,NA,NA,NA,NA,NA,NA,NA,Neutrality,The Tweet does not contain an authority reference,No,No,No,"Policies, prevention & societal and economic impact",No,NA,NA,NA,NA,NA,NA,None,NA,Other,0,2020
1253947683024371700,4,Misinformation,Yes,NA,NA,NA,NA,NA,NA,NA,Misinformation is not attributed to an actor,Negativity,The Tweet does not contain an authority reference,No,No,Yes,"News, information and misinformation",No,NA,NA,NA,Other major non-governmental actors,NA,NA,NA,NA,Misinformation,1,2020
1265210311797280800,3,Accurate information,No,NA,NA,NA,NA,NA,NA,NA,NA,Positivity,The Tweet does not contain an authority reference,No,No,No,Vaccination,No,"Government, politicians and international organizations",NA,Media,NA,Individuals or communities,NA,NA,NA,Other,0,2020
1463426440213319700,1,Other,Yes,NA,NA,NA,NA,NA,NA,NA,Misinformation is not attributed to an actor,Neutrality,The Tweet does not contain an authority reference,No,No,No,Other,No,NA,NA,NA,NA,NA,NA,None,NA,Other,0,2021
1420644410870706200,3,Misinformation,Yes,NA,NA,NA,NA,NA,NA,NA,Misinformation is not attributed to an actor,Neutrality,The Tweet does not contain an authority reference,No,No,No,Vaccination,No,NA,NA,NA,NA,NA,NA,None,NA,Misinformation,1,2021
1367399967485284400,4,Misinformation,No,NA,NA,NA,NA,NA,NA,NA,NA,Neutrality,The Tweet does not contain an authority reference,No,No,No,Existence of covid,Yes,NA,Health services,NA,NA,Individuals or communities,NA,NA,NA,Misinformation,1,2021
1281179272258957300,4,Other,No,NA,NA,NA,NA,NA,NA,NA,NA,Neutrality,The Tweet does not contain an authority reference,No,No,No,"Policies, prevention & societal and economic impact",No,NA,NA,NA,NA,NA,NA,None,NA,Other,0,2020
1432366131399086e3,4,Other,No,NA,NA,NA,NA,NA,NA,NA,NA,Neutrality,The Tweet does not contain an authority reference,No,No,No,"Policies, prevention & societal and economic impact",No,NA,NA,NA,Other major non-governmental actors,Individuals or communities,NA,NA,NA,Other,0,2021
1264229915848855600,4,Other,No,NA,NA,NA,NA,NA,NA,NA,NA,Neutrality,The Tweet does not contain an authority reference,No,Yes,No,"Remedies for cure, treatment and prevention",No,NA,NA,NA,NA,NA,NA,None,NA,Other,0,2020
1331875143895961600,3,Misinformation,No,NA,NA,NA,NA,NA,NA,NA,NA,Positivity,The Tweet does not contain an authority reference,No,No,No,"Policies, prevention & societal and economic impact",No,"Government, politicians and international organizations",NA,NA,Other major non-governmental actors,NA,NA,NA,NA,Misinformation,1,2020
1262657529731e6,1,Other,No,NA,NA,NA,NA,NA,NA,NA,NA,Neutrality,The Tweet does not contain an authority reference,No,No,No,Other,No,NA,NA,NA,NA,NA,NA,None,NA,Other,0,2020
1343550781241364500,3,Misinformation,No,NA,NA,NA,NA,NA,NA,NA,NA,Positivity,The Tweet does not contain an authority reference,Yes,No,No,"Remedies for cure, treatment and prevention",No,NA,NA,NA,NA,Individuals or communities,NA,NA,NA,Misinformation,1,2020
1357348836243570700,4,Other,No,NA,NA,NA,NA,NA,NA,NA,NA,Neutrality,The Tweet does not contain an authority reference,No,No,No,Symptoms or characteristics of covid,No,NA,NA,NA,NA,Individuals or communities,NA,NA,NA,Other,0,2021
1243842808932438e3,1,Other,Yes,NA,NA,NA,NA,NA,NA,NA,Misinformation is not attributed to an actor,Positivity,The Tweet does not contain an authority reference,No,Yes,No,"News, information and misinformation",No,NA,NA,Media,NA,NA,NA,NA,NA,Other,0,2020
1305836595266945e3,3,Accurate information,No,NA,NA,NA,NA,NA,NA,NA,NA,Neutrality,The Tweet does not contain an authority reference,No,No,No,Spread and detection,No,NA,NA,NA,Other major non-governmental actors,NA,NA,NA,NA,Other,0,2020
1357050471668670500,4,Accurate information,No,NA,NA,NA,NA,NA,NA,NA,NA,Neutrality,The Tweet does not contain an authority reference,No,No,No,"Policies, prevention & societal and economic impact",No,"Government, politicians and international organizations",NA,NA,Other major non-governmental actors,NA,NA,NA,NA,Other,0,2021
1484546224225067e3,4,Other,No,NA,NA,NA,NA,NA,NA,NA,NA,Neutrality,The Tweet does not contain an authority reference,No,No,No,Spread and detection,No,"Government, politicians and international organizations",NA,NA,Other major non-governmental actors,Individuals or communities,NA,NA,NA,Other,0,2022
1350924568467267600,2,Uncheckable claim,No,NA,NA,NA,NA,NA,NA,NA,NA,Positivity,The Tweet does not contain an authority reference,No,No,No,"Policies, prevention & societal and economic impact",No,NA,NA,NA,Other major non-governmental actors,Individuals or communities,NA,NA,NA,Other,0,2021
1477553557989691400,4,Other,No,NA,NA,NA,NA,NA,NA,NA,NA,Neutrality,The Tweet does not contain an authority reference,No,No,No,Severity of covid,No,NA,NA,NA,NA,NA,NA,None,NA,Other,0,2022
1319231675834994700,3,Uncheckable claim,No,NA,NA,NA,NA,NA,NA,NA,NA,Mixed,The Tweet does not contain an authority reference,No,No,No,Spread and detection,No,NA,Health services,NA,NA,NA,NA,NA,NA,Other,0,2020
1413091873372127200,2,Accurate information,No,NA,NA,NA,NA,NA,NA,NA,NA,Negativity,The Tweet does not contain an authority reference,No,No,No,Symptoms or characteristics of covid,No,NA,NA,NA,NA,Individuals or communities,NA,NA,NA,Other,0,2021
1366046353965670400,1,Uncheckable claim,No,NA,NA,NA,NA,NA,NA,NA,NA,Neutrality,The Tweet does not contain an authority reference,No,No,No,"Remedies for cure, treatment and prevention",No,NA,NA,NA,NA,NA,NA,None,NA,Other,0,2021
1391987380769464300,4,Misinformation,No,NA,NA,NA,NA,NA,NA,NA,NA,Neutrality,The Tweet does not contain an authority reference,No,No,No,"Policies, prevention & societal and economic impact",No,NA,NA,NA,NA,NA,NA,None,NA,Misinformation,1,2021
1278620301262233600,1,Misinformation,No,NA,NA,NA,NA,NA,NA,NA,NA,Neutrality,The Tweet contains a non-specific authority reference,No,No,No,"Policies, prevention & societal and economic impact",Yes,NA,NA,NA,NA,NA,NA,None,NA,Misinformation,1,2020
1277135922413424600,1,Accurate information,Yes,NA,NA,NA,NA,NA,NA,Other actor,NA,Neutrality,The Tweet does not contain an authority reference,No,No,No,"News, information and misinformation",No,NA,NA,NA,Other major non-governmental actors,NA,NA,NA,NA,Other,0,2020
1252705173438451700,2,Uncheckable claim,No,NA,NA,NA,NA,NA,NA,NA,NA,Negativity,The Tweet does not contain an authority reference,Yes,No,No,"Remedies for cure, treatment and prevention",No,NA,Health services,NA,Other major non-governmental actors,Individuals or communities,NA,NA,NA,Other,0,2020
1387907535848542200,4,Other,No,NA,NA,NA,NA,NA,NA,NA,NA,Neutrality,The Tweet does not contain an authority reference,No,No,No,"News, information and misinformation",No,NA,NA,NA,NA,NA,NA,None,NA,Other,0,2021
1349244058837909500,1,Misinformation,Yes,NA,NA,NA,NA,NA,NA,Other actor,NA,Neutrality,The Tweet does not contain an authority reference,No,No,No,"News, information and misinformation",No,NA,NA,Media,Other major non-governmental actors,NA,NA,NA,NA,Misinformation,1,2021
1295357912106389500,1,Other,No,NA,NA,NA,NA,NA,NA,NA,NA,Neutrality,The Tweet does not contain an authority reference,No,No,No,"Policies, prevention & societal and economic impact",No,NA,NA,NA,NA,NA,NA,None,NA,Other,0,2020
1343312377752805400,4,Other,No,NA,NA,NA,NA,NA,NA,NA,NA,Negativity,The Tweet contains a non-specific authority reference,No,Yes,No,Symptoms or characteristics of covid,No,NA,NA,NA,NA,NA,NA,None,NA,Other,0,2020
1.3569455611743519e+18,4,Accurate information,No,NA,NA,NA,NA,NA,NA,NA,NA,Neutrality,The Tweet does not contain an authority reference,No,No,No,"Policies, prevention & societal and economic impact",No,"Government, politicians and international organizations",Health services,NA,NA,NA,NA,NA,NA,Other,0,2021
1482039283728924700,1,Misinformation,No,NA,NA,NA,NA,NA,NA,NA,NA,Neutrality,The Tweet does not contain an authority reference,No,No,No,"Policies, prevention & societal and economic impact",No,NA,NA,NA,NA,Individuals or communities,NA,NA,NA,Misinformation,1,2022
1240752517396430800,2,Other,No,NA,NA,NA,NA,NA,NA,NA,NA,Neutrality,The Tweet does not contain an authority reference,No,No,No,"Policies, prevention & societal and economic impact",No,"Government, politicians and international organizations",NA,NA,NA,NA,NA,NA,NA,Other,0,2020
1332312404659724300,2,Other,No,NA,NA,NA,NA,NA,NA,NA,NA,Positivity,The Tweet does not contain an authority reference,No,No,No,"Policies, prevention & societal and economic impact",No,NA,NA,NA,NA,NA,NA,None,NA,Other,0,2020
1296743458393161700,3,Accurate information,Yes,NA,NA,NA,NA,NA,NA,Other actor,NA,Neutrality,The Tweet does not contain an authority reference,No,No,No,"News, information and misinformation",No,NA,NA,NA,NA,Individuals or communities,NA,NA,NA,Other,0,2020
1377231352169386e3,2,Misinformation,No,NA,NA,NA,NA,NA,NA,NA,NA,Negativity,The Tweet does not contain an authority reference,No,No,No,"Policies, prevention & societal and economic impact",No,NA,NA,NA,NA,NA,NA,None,NA,Misinformation,1,2021
1374398081383366700,3,Accurate information,No,NA,NA,NA,NA,NA,NA,NA,NA,Neutrality,The Tweet contains a non-specific authority reference,No,No,No,Symptoms or characteristics of covid,No,NA,NA,NA,NA,NA,NA,None,NA,Other,0,2021
1308748214481420300,4,Other,No,NA,NA,NA,NA,NA,NA,NA,NA,Neutrality,The Tweet does not contain an authority reference,No,No,No,"Policies, prevention & societal and economic impact",No,NA,NA,NA,Other major non-governmental actors,Individuals or communities,NA,NA,NA,Other,0,2020
1323375589474988e3,2,Other,No,NA,NA,NA,NA,NA,NA,NA,NA,Neutrality,The Tweet does not contain an authority reference,No,No,No,"Remedies for cure, treatment and prevention",No,NA,NA,NA,NA,NA,NA,None,NA,Other,0,2020
1454341834415775700,2,Misinformation,No,NA,NA,NA,NA,NA,NA,NA,NA,Negativity,The Tweet does not contain an authority reference,No,No,No,Vaccination,No,NA,NA,NA,NA,NA,NA,None,NA,Misinformation,1,2021
1321364608158965800,4,Accurate information,No,NA,NA,NA,NA,NA,NA,NA,NA,Neutrality,The Tweet does not contain an authority reference,No,No,No,"Remedies for cure, treatment and prevention",No,NA,NA,NA,Other major non-governmental actors,NA,NA,NA,NA,Other,0,2020
1464507955542466600,3,Accurate information,No,NA,NA,NA,NA,NA,NA,NA,NA,Neutrality,The Tweet does not contain an authority reference,No,No,No,Spread and detection,No,NA,NA,NA,Other major non-governmental actors,NA,NA,NA,NA,Other,0,2021
1257033618964299800,2,Accurate information,No,NA,NA,NA,NA,NA,NA,NA,NA,Neutrality,The Tweet does not contain an authority reference,No,No,No,"Policies, prevention & societal and economic impact",No,"Government, politicians and international organizations",NA,NA,NA,NA,NA,NA,NA,Other,0,2020
1237386308152e6,1,Uncheckable claim,No,NA,NA,NA,NA,NA,NA,NA,NA,Neutrality,The Tweet does not contain an authority reference,No,No,No,Spread and detection,No,"Government, politicians and international organizations",NA,NA,NA,Individuals or communities,NA,NA,NA,Other,0,2020
1303751364766576600,2,Accurate information,Yes,NA,NA,"A foreign politician, foreign government, international leader or international organization",NA,NA,NA,NA,NA,Neutrality,The Tweet does not contain an authority reference,No,No,No,Severity of covid,No,"Government, politicians and international organizations",NA,NA,NA,Individuals or communities,NA,NA,NA,Other,0,2020
1386375044297805800,2,Misinformation,No,NA,NA,NA,NA,NA,NA,NA,NA,Neutrality,The Tweet contains a non-specific authority reference,No,No,No,"Remedies for cure, treatment and prevention",No,NA,NA,NA,NA,Individuals or communities,NA,NA,NA,Misinformation,1,2021
1326582187987234800,4,Other,No,NA,NA,NA,NA,NA,NA,NA,NA,Neutrality,The Tweet does not contain an authority reference,No,No,No,"Policies, prevention & societal and economic impact",No,NA,NA,NA,NA,Individuals or communities,NA,NA,NA,Other,0,2020
1359116229852749800,2,Uncheckable claim,No,NA,NA,NA,NA,NA,NA,NA,NA,Neutrality,The Tweet does not contain an authority reference,No,No,No,"Policies, prevention & societal and economic impact",No,NA,NA,NA,NA,NA,NA,None,NA,Other,0,2021
1303383644392878e3,1,Misinformation,No,NA,NA,NA,NA,NA,NA,NA,NA,Negativity,The Tweet does not contain an authority reference,No,No,Yes,Existence of covid,Yes,NA,NA,NA,NA,Individuals or communities,NA,NA,NA,Misinformation,1,2020
1407890654978531300,2,Misinformation,Yes,NA,NA,NA,NA,NA,NA,NA,Misinformation is not attributed to an actor,Neutrality,The Tweet does not contain an authority reference,No,No,No,"News, information and misinformation",No,NA,NA,NA,NA,Individuals or communities,NA,NA,NA,Misinformation,1,2021
1295253004841554e3,1,Other,No,NA,NA,NA,NA,NA,NA,NA,NA,Neutrality,The Tweet does not contain an authority reference,No,No,No,"Policies, prevention & societal and economic impact",No,NA,NA,NA,NA,NA,NA,None,NA,Other,0,2020
142611041033225e4,3,Accurate information,No,NA,NA,NA,NA,NA,NA,NA,NA,Negativity,The Tweet does not contain an authority reference,No,No,No,"Policies, prevention & societal and economic impact",No,NA,NA,NA,NA,NA,NA,None,NA,Other,0,2021
1340217361446649900,3,Uncheckable claim,No,NA,NA,NA,NA,NA,NA,NA,NA,Positivity,The Tweet contains a specific authority reference,No,No,No,"Policies, prevention & societal and economic impact",No,NA,NA,NA,NA,Individuals or communities,NA,NA,NA,Other,0,2020
1382731384037474300,2,Misinformation,No,NA,NA,NA,NA,NA,NA,NA,NA,Neutrality,The Tweet does not contain an authority reference,No,No,No,Origin of covid,No,"Government, politicians and international organizations",NA,NA,NA,NA,NA,NA,NA,Misinformation,1,2021
1283467226100772900,2,Accurate information,No,NA,NA,NA,NA,NA,NA,NA,NA,Neutrality,The Tweet does not contain an authority reference,No,No,No,Spread and detection,No,NA,NA,NA,NA,NA,NA,None,NA,Other,0,2020
1293263360918728700,2,Misinformation,No,NA,NA,NA,NA,NA,NA,NA,NA,Negativity,The Tweet does not contain an authority reference,No,Yes,No,"Policies, prevention & societal and economic impact",No,NA,NA,NA,NA,NA,NA,None,NA,Misinformation,1,2020
1412055219870081e3,4,Other,No,NA,NA,NA,NA,NA,NA,NA,NA,Neutrality,The Tweet does not contain an authority reference,No,No,No,Severity of covid,No,NA,NA,NA,NA,NA,NA,None,NA,Other,0,2021
1436678417483718700,4,Accurate information,No,NA,NA,NA,NA,NA,NA,NA,NA,Neutrality,The Tweet contains a specific authority reference,No,No,No,Vaccination,No,NA,NA,NA,NA,Individuals or communities,NA,NA,NA,Other,0,2021
1322099314852847600,4,Other,No,NA,NA,NA,NA,NA,NA,NA,NA,Neutrality,The Tweet does not contain an authority reference,No,No,No,Symptoms or characteristics of covid,No,NA,NA,NA,NA,Individuals or communities,NA,NA,NA,Other,0,2020
1475047525514100700,1,Uncheckable claim,No,NA,NA,NA,NA,NA,NA,NA,NA,Negativity,The Tweet does not contain an authority reference,No,No,Yes,Spread and detection,No,"Government, politicians and international organizations",NA,NA,NA,NA,NA,NA,NA,Other,0,2021
1253039702715793400,4,Other,No,NA,NA,NA,NA,NA,NA,NA,NA,Neutrality,The Tweet does not contain an authority reference,No,No,No,Other,No,NA,NA,NA,NA,Individuals or communities,NA,NA,NA,Other,0,2020
1474332934194843600,1,Accurate information,No,NA,NA,NA,NA,NA,NA,NA,NA,Negativity,The Tweet does not contain an authority reference,No,No,No,Vaccination,No,NA,NA,NA,NA,Individuals or communities,NA,NA,NA,Other,0,2021
1288105962226585600,1,Uncheckable claim,No,NA,NA,NA,NA,NA,NA,NA,NA,Positivity,The Tweet does not contain an authority reference,No,No,No,"Policies, prevention & societal and economic impact",No,"Government, politicians and international organizations",NA,NA,NA,NA,NA,NA,NA,Other,0,2020
1316420006243176400,4,Other,No,NA,NA,NA,NA,NA,NA,NA,NA,Neutrality,The Tweet does not contain an authority reference,No,No,No,"Policies, prevention & societal and economic impact",No,NA,NA,NA,NA,NA,NA,None,NA,Other,0,2020
1408011842832814e3,4,Misinformation,No,NA,NA,NA,NA,NA,NA,NA,NA,Neutrality,The Tweet does not contain an authority reference,No,No,No,Vaccination,No,NA,NA,NA,NA,Individuals or communities,NA,NA,NA,Misinformation,1,2021
1348538400412983300,3,Misinformation,Yes,NA,"The Dutch government, cabinet, a member of the Dutch cabinet or civil servant",NA,NA,NA,NA,NA,NA,Negativity,The Tweet does not contain an authority reference,No,No,No,"News, information and misinformation",No,"Government, politicians and international organizations",NA,Media,NA,NA,NA,NA,NA,Misinformation,1,2021
1435978291794567200,1,Other,No,NA,NA,NA,NA,NA,NA,NA,NA,Neutrality,The Tweet does not contain an authority reference,No,No,No,"Policies, prevention & societal and economic impact",No,"Government, politicians and international organizations",NA,NA,NA,NA,NA,NA,NA,Other,0,2021
1240882954970284e3,1,Unable to classify,No,NA,NA,NA,NA,NA,NA,NA,NA,Mixed,The Tweet does not contain an authority reference,No,No,No,Other,No,NA,NA,NA,NA,NA,NA,None,NA,Other,0,2020
1294315629856596e3,2,Misinformation,No,NA,NA,NA,NA,NA,NA,NA,NA,Neutrality,The Tweet contains a specific authority reference,No,No,No,Spread and detection,No,NA,Health services,NA,NA,NA,NA,NA,NA,Misinformation,1,2020
1356954058528030700,2,Uncheckable claim,No,NA,NA,NA,NA,NA,NA,NA,NA,Neutrality,The Tweet does not contain an authority reference,No,No,No,Spread and detection,No,NA,NA,NA,NA,Individuals or communities,NA,NA,NA,Other,0,2021
1361760907198664700,4,Other,No,NA,NA,NA,NA,NA,NA,NA,NA,Neutrality,The Tweet does not contain an authority reference,No,No,No,"Policies, prevention & societal and economic impact",No,NA,NA,NA,NA,NA,NA,None,NA,Other,0,2021
1416759294725398500,1,Accurate information,No,NA,NA,NA,NA,NA,NA,NA,NA,Neutrality,The Tweet does not contain an authority reference,No,No,No,Vaccination,No,NA,NA,NA,Other major non-governmental actors,NA,NA,NA,NA,Other,0,2021
1465744845092368400,2,Misinformation,No,NA,NA,NA,NA,NA,NA,NA,NA,Negativity,The Tweet does not contain an authority reference,No,No,No,"Policies, prevention & societal and economic impact",No,NA,NA,NA,NA,NA,NA,None,NA,Misinformation,1,2021
1250828163044782e3,3,Accurate information,No,NA,NA,NA,NA,NA,NA,NA,NA,Neutrality,The Tweet does not contain an authority reference,No,No,No,"Policies, prevention & societal and economic impact",No,NA,Health services,NA,NA,Individuals or communities,NA,NA,NA,Other,0,2020
1459224435345531e3,4,Other,No,NA,NA,NA,NA,NA,NA,NA,NA,Neutrality,The Tweet does not contain an authority reference,No,No,No,"Policies, prevention & societal and economic impact",No,NA,NA,NA,Other major non-governmental actors,NA,NA,NA,NA,Other,0,2021
1240646438486454300,2,Accurate information,Yes,NA,NA,NA,NA,NA,"An opinion leader or individual who is not a journalist, and not a part of a government, parliament, or a political party",NA,NA,Neutrality,The Tweet does not contain an authority reference,No,No,No,"News, information and misinformation",No,"Government, politicians and international organizations",NA,NA,Other major non-governmental actors,NA,NA,NA,NA,Other,0,2020
1330188180516114400,4,Misinformation,Yes,NA,NA,NA,NA,NA,NA,NA,Misinformation is not attributed to an actor,Neutrality,The Tweet does not contain an authority reference,No,No,No,Symptoms or characteristics of covid,No,NA,NA,NA,NA,Individuals or communities,NA,NA,NA,Misinformation,1,2020
1295303611531e6,1,Other,No,NA,NA,NA,NA,NA,NA,NA,NA,Neutrality,The Tweet does not contain an authority reference,No,No,No,"Policies, prevention & societal and economic impact",No,NA,NA,NA,NA,NA,NA,None,NA,Other,0,2020
1274436369130025e3,2,Accurate information,No,NA,NA,NA,NA,NA,NA,NA,NA,Neutrality,The Tweet does not contain an authority reference,No,No,No,Other,No,NA,NA,NA,Other major non-governmental actors,NA,NA,NA,NA,Other,0,2020
1.4856711571017441e+18,4,Other,No,NA,NA,NA,NA,NA,NA,NA,NA,Negativity,The Tweet does not contain an authority reference,No,Yes,No,Existence of covid,Yes,"Government, politicians and international organizations",NA,NA,NA,Individuals or communities,NA,NA,NA,Other,0,2022
1260916927603642400,3,Uncheckable claim,No,NA,NA,NA,NA,NA,NA,NA,NA,Neutrality,The Tweet does not contain an authority reference,No,No,No,Spread and detection,No,NA,NA,NA,NA,NA,NA,None,NA,Other,0,2020
1465344527003263e3,3,Accurate information,No,NA,NA,NA,NA,NA,NA,NA,NA,Neutrality,The Tweet does not contain an authority reference,No,No,No,"Policies, prevention & societal and economic impact",No,"Government, politicians and international organizations",NA,NA,NA,NA,NA,NA,NA,Other,0,2021
1244574037168337e3,1,Accurate information,No,NA,NA,NA,NA,NA,NA,NA,NA,Neutrality,The Tweet does not contain an authority reference,No,No,No,"Remedies for cure, treatment and prevention",No,NA,NA,NA,NA,NA,NA,None,NA,Other,0,2020
1320817072121806800,1,Uncheckable claim,No,NA,NA,NA,NA,NA,NA,NA,NA,Neutrality,The Tweet does not contain an authority reference,No,No,No,Vaccination,No,NA,Health services,NA,NA,Individuals or communities,NA,NA,NA,Other,0,2020
1367228801634218e3,1,Other,No,NA,NA,NA,NA,NA,NA,NA,NA,Negativity,The Tweet does not contain an authority reference,No,No,No,"Policies, prevention & societal and economic impact",No,NA,NA,NA,NA,Individuals or communities,NA,NA,NA,Other,0,2021
1240265852236312600,4,Other,Yes,NA,NA,NA,NA,NA,NA,NA,Misinformation is not attributed to an actor,Neutrality,The Tweet does not contain an authority reference,No,No,No,"News, information and misinformation",No,NA,NA,NA,Other major non-governmental actors,NA,NA,NA,NA,Other,0,2020
1481006435265925e3,1,Accurate information,No,NA,NA,NA,NA,NA,NA,NA,NA,Negativity,The Tweet does not contain an authority reference,No,No,No,"Policies, prevention & societal and economic impact",No,"Government, politicians and international organizations",NA,NA,NA,NA,NA,NA,NA,Other,0,2022
1300703955782176800,1,Misinformation,No,NA,NA,NA,NA,NA,NA,NA,NA,Neutrality,The Tweet does not contain an authority reference,No,No,Yes,Existence of covid,Yes,"Government, politicians and international organizations",NA,NA,NA,NA,NA,NA,NA,Misinformation,1,2020
1285678707601019e3,3,Other,No,NA,NA,NA,NA,NA,NA,NA,NA,Neutrality,The Tweet does not contain an authority reference,No,No,No,"Policies, prevention & societal and economic impact",No,NA,NA,NA,NA,NA,NA,None,NA,Other,0,2020
1271065143728902100,2,Accurate information,Yes,NA,NA,"A foreign politician, foreign government, international leader or international organization",NA,NA,NA,NA,NA,Neutrality,The Tweet contains a specific authority reference,No,No,No,"News, information and misinformation",No,"Government, politicians and international organizations",NA,NA,NA,NA,NA,NA,NA,Other,0,2020
1336337455016857600,2,Uncheckable claim,No,NA,NA,NA,NA,NA,NA,NA,NA,Neutrality,The Tweet does not contain an authority reference,No,No,No,"News, information and misinformation",No,NA,NA,NA,NA,NA,NA,NA,University or scientific organization,Other,0,2020
1470092535813e6,2,Other,No,NA,NA,NA,NA,NA,NA,NA,NA,Neutrality,The Tweet contains a specific authority reference,No,No,No,Spread and detection,No,NA,NA,Media,NA,Individuals or communities,NA,NA,NA,Other,0,2021
124036026029833e4,1,Accurate information,No,NA,NA,NA,NA,NA,NA,NA,NA,Neutrality,The Tweet does not contain an authority reference,No,No,No,"Policies, prevention & societal and economic impact",No,NA,NA,NA,Other major non-governmental actors,Individuals or communities,NA,NA,NA,Other,0,2020
1295226792408756200,2,Other,No,NA,NA,NA,NA,NA,NA,NA,NA,Neutrality,The Tweet does not contain an authority reference,No,No,No,"Policies, prevention & societal and economic impact",No,NA,NA,NA,NA,NA,NA,None,NA,Other,0,2020
1328419913309020200,1,Unable to classify,Yes,NA,NA,NA,NA,NA,NA,NA,Misinformation is not attributed to an actor,Neutrality,The Tweet does not contain an authority reference,No,No,No,"News, information and misinformation",No,NA,NA,NA,Other major non-governmental actors,Individuals or communities,NA,NA,NA,Other,0,2020
1331856233255620600,3,Accurate information,No,NA,NA,NA,NA,NA,NA,NA,NA,Neutrality,The Tweet contains a non-specific authority reference,No,No,No,Vaccination,No,NA,NA,NA,NA,Individuals or communities,NA,NA,NA,Other,0,2020
1235595585232793600,3,Suggestive misinformation,No,NA,NA,NA,NA,NA,NA,NA,NA,Neutrality,The Tweet does not contain an authority reference,No,No,No,"Policies, prevention & societal and economic impact",No,NA,NA,NA,NA,NA,NA,None,NA,Misinformation,1,2020
129676570655454e4,2,Accurate information,Yes,NA,NA,NA,NA,NA,"An opinion leader or individual who is not a journalist, and not a part of a government, parliament, or a political party",NA,NA,Neutrality,The Tweet does not contain an authority reference,No,No,No,"News, information and misinformation",No,NA,NA,NA,NA,Individuals or communities,NA,NA,NA,Other,0,2020
1471763903566729200,2,Accurate information,No,NA,NA,NA,NA,NA,NA,NA,NA,Neutrality,The Tweet does not contain an authority reference,No,No,No,"Policies, prevention & societal and economic impact",No,NA,NA,NA,NA,NA,NA,None,NA,Other,0,2021
1316401441590915e3,3,Other,No,NA,NA,NA,NA,NA,NA,NA,NA,Mixed,The Tweet does not contain an authority reference,No,No,No,"Policies, prevention & societal and economic impact",No,NA,NA,NA,NA,NA,NA,None,NA,Other,0,2020
1241114029374013400,2,Uncheckable claim,No,NA,NA,NA,NA,NA,NA,NA,NA,Positivity,The Tweet does not contain an authority reference,No,No,No,"Policies, prevention & societal and economic impact",No,NA,NA,NA,NA,NA,NA,None,NA,Other,0,2020
1426164138137489400,4,Accurate information,No,NA,NA,NA,NA,NA,NA,NA,NA,Neutrality,The Tweet does not contain an authority reference,No,No,No,"News, information and misinformation",No,NA,NA,NA,Other major non-governmental actors,NA,NA,NA,NA,Other,0,2021
1239635950097051600,4,Other,Yes,NA,NA,NA,A mainstream media outlet or journalist working in the mainstream media,NA,NA,NA,NA,Neutrality,The Tweet does not contain an authority reference,No,No,No,"News, information and misinformation",No,"Government, politicians and international organizations",NA,Media,NA,Individuals or communities,NA,NA,NA,Other,0,2020
1262759862393401300,2,Other,No,NA,NA,NA,NA,NA,NA,NA,NA,Neutrality,The Tweet does not contain an authority reference,No,No,No,"Policies, prevention & societal and economic impact",No,NA,NA,NA,NA,NA,NA,None,NA,Other,0,2020
1483788063503491e3,4,Other,No,NA,NA,NA,NA,NA,NA,NA,NA,Neutrality,The Tweet does not contain an authority reference,No,No,No,Spread and detection,No,NA,NA,NA,NA,Individuals or communities,NA,NA,NA,Other,0,2022
1243125541475098600,4,Accurate information,No,NA,NA,NA,NA,NA,NA,NA,NA,Neutrality,The Tweet does not contain an authority reference,No,No,No,"Policies, prevention & societal and economic impact",No,"Government, politicians and international organizations",NA,NA,NA,NA,NA,NA,NA,Other,0,2020
1368145058982211600,4,Other,No,NA,NA,NA,NA,NA,NA,NA,NA,Neutrality,The Tweet does not contain an authority reference,No,No,No,Vaccination,No,NA,NA,NA,NA,NA,NA,None,NA,Other,0,2021
1288064837319360500,3,Misinformation,No,NA,NA,NA,NA,NA,NA,NA,NA,Neutrality,The Tweet does not contain an authority reference,No,No,Yes,Existence of covid,Yes,"Government, politicians and international organizations",NA,NA,NA,NA,NA,NA,NA,Misinformation,1,2020
1240995087242481700,1,Other,No,NA,NA,NA,NA,NA,NA,NA,NA,Neutrality,The Tweet does not contain an authority reference,No,No,No,"Remedies for cure, treatment and prevention",No,NA,NA,NA,NA,NA,NA,None,NA,Other,0,2020
1248250537868292e3,4,Accurate information,Yes,NA,NA,NA,NA,NA,NA,NA,Misinformation is not attributed to an actor,Neutrality,The Tweet does not contain an authority reference,No,No,No,"News, information and misinformation",No,"Government, politicians and international organizations",NA,NA,NA,NA,NA,NA,NA,Other,0,2020
1430405632587358200,1,Misinformation,Yes,NA,NA,NA,NA,NA,NA,NA,Misinformation is not attributed to an actor,Neutrality,The Tweet does not contain an authority reference,No,No,No,"Policies, prevention & societal and economic impact",No,NA,NA,NA,NA,Individuals or communities,NA,NA,NA,Misinformation,1,2021
1436626331672875e3,1,Accurate information,No,NA,NA,NA,NA,NA,NA,NA,NA,Neutrality,The Tweet does not contain an authority reference,No,No,No,Vaccination,No,NA,NA,NA,NA,Individuals or communities,NA,NA,NA,Other,0,2021
1486345090842902500,4,Other,Yes,A Dutch politician (not seated in the Dutch cabinet),NA,NA,NA,NA,NA,NA,NA,Negativity,The Tweet does not contain an authority reference,No,No,No,Symptoms or characteristics of covid,No,"Government, politicians and international organizations",NA,NA,NA,Individuals or communities,NA,NA,NA,Other,0,2022
1465956040621666300,1,Suggestive misinformation,Yes,NA,NA,NA,A mainstream media outlet or journalist working in the mainstream media,NA,NA,NA,NA,Neutrality,The Tweet does not contain an authority reference,No,No,No,"News, information and misinformation",No,NA,NA,Media,NA,Individuals or communities,NA,NA,NA,Misinformation,1,2021
1354050163527078e3,4,Other,No,NA,NA,NA,NA,NA,NA,NA,NA,Neutrality,The Tweet does not contain an authority reference,No,No,No,"Policies, prevention & societal and economic impact",No,NA,NA,NA,NA,Individuals or communities,NA,NA,NA,Other,0,2021
1257541441250877400,1,Other,No,NA,NA,NA,NA,NA,NA,NA,NA,Neutrality,The Tweet does not contain an authority reference,No,No,No,"Policies, prevention & societal and economic impact",No,NA,NA,NA,NA,NA,NA,None,NA,Other,0,2020
1368225953248403500,3,Misinformation,No,NA,NA,NA,NA,NA,NA,NA,NA,Negativity,The Tweet does not contain an authority reference,No,No,Yes,Vaccination,No,NA,NA,NA,NA,Individuals or communities,NA,NA,NA,Misinformation,1,2021
1293481564991565800,2,Accurate information,No,NA,NA,NA,NA,NA,NA,NA,NA,Neutrality,The Tweet contains a specific authority reference,No,No,No,"Policies, prevention & societal and economic impact",No,NA,NA,NA,NA,NA,NA,NA,University or scientific organization,Other,0,2020
1461302762101219300,3,Accurate information,No,NA,NA,NA,NA,NA,NA,NA,NA,Negativity,The Tweet contains a specific authority reference,No,No,No,Spread and detection,No,"Government, politicians and international organizations",NA,NA,NA,Individuals or communities,NA,NA,NA,Other,0,2021
1473240003920773e3,2,Accurate information,Yes,NA,NA,NA,NA,NA,"An opinion leader or individual who is not a journalist, and not a part of a government, parliament, or a political party",NA,NA,Neutrality,The Tweet does not contain an authority reference,No,No,No,"News, information and misinformation",No,NA,Health services,NA,Other major non-governmental actors,NA,NA,NA,NA,Other,0,2021
1320896457583583200,3,Accurate information,No,NA,NA,NA,NA,NA,NA,NA,NA,Neutrality,The Tweet does not contain an authority reference,No,No,No,"Remedies for cure, treatment and prevention",No,NA,NA,NA,NA,NA,NA,None,NA,Other,0,2020
1385938310120583200,4,Misinformation,No,NA,NA,NA,NA,NA,NA,NA,NA,Neutrality,The Tweet does not contain an authority reference,No,No,No,Vaccination,No,NA,NA,NA,NA,Individuals or communities,NA,NA,NA,Misinformation,1,2021
1364344719782924300,4,Accurate information,No,NA,NA,NA,NA,NA,NA,NA,NA,Positivity,The Tweet contains a non-specific authority reference,No,No,No,"Remedies for cure, treatment and prevention",No,NA,NA,NA,NA,Individuals or communities,NA,NA,University or scientific organization,Other,0,2021
1340580033363144700,2,Accurate information,No,NA,NA,NA,NA,NA,NA,NA,NA,Neutrality,The Tweet does not contain an authority reference,Yes,No,No,Existence of covid,No,NA,NA,NA,NA,Individuals or communities,NA,NA,NA,Other,0,2020
1322173448517570600,1,Suggestive misinformation,No,NA,NA,NA,NA,NA,NA,NA,NA,Neutrality,The Tweet does not contain an authority reference,No,No,No,Spread and detection,No,NA,NA,NA,NA,NA,NA,None,NA,Misinformation,1,2020
1335588467758289e3,1,Other,No,NA,NA,NA,NA,NA,NA,NA,NA,Neutrality,The Tweet does not contain an authority reference,No,No,No,Spread and detection,No,NA,NA,Media,NA,Individuals or communities,NA,NA,NA,Other,0,2020
1456674427345768400,3,Other,No,NA,NA,NA,NA,NA,NA,NA,NA,Neutrality,The Tweet contains a specific authority reference,No,No,No,"Policies, prevention & societal and economic impact",No,NA,NA,NA,Other major non-governmental actors,NA,NA,NA,NA,Other,0,2021
1352255887692296200,4,Misinformation,Yes,NA,NA,NA,NA,NA,"An opinion leader or individual who is not a journalist, and not a part of a government, parliament, or a political party",NA,NA,Neutrality,The Tweet does not contain an authority reference,No,No,No,"News, information and misinformation",No,NA,Health services,NA,NA,NA,NA,NA,NA,Misinformation,1,2021
1476278849465954300,4,Misinformation,No,NA,NA,NA,NA,NA,NA,NA,NA,Neutrality,The Tweet does not contain an authority reference,No,No,No,Existence of covid,Yes,"Government, politicians and international organizations",NA,NA,NA,NA,NA,NA,NA,Misinformation,1,2021
1295234172051763200,1,Other,No,NA,NA,NA,NA,NA,NA,NA,NA,Neutrality,The Tweet does not contain an authority reference,No,No,No,"Policies, prevention & societal and economic impact",No,NA,NA,NA,NA,NA,NA,None,NA,Other,0,2020
1298621579073671200,4,Accurate information,No,NA,NA,NA,NA,NA,NA,NA,NA,Neutrality,The Tweet does not contain an authority reference,No,No,No,Spread and detection,No,NA,NA,NA,NA,NA,NA,None,NA,Other,0,2020
1366156377069084700,4,Misinformation,No,NA,NA,NA,NA,NA,NA,NA,NA,Neutrality,The Tweet does not contain an authority reference,No,No,No,Vaccination,No,NA,NA,NA,NA,NA,NA,None,NA,Misinformation,1,2021
1327697389138960400,4,Other,No,NA,NA,NA,NA,NA,NA,NA,NA,Neutrality,The Tweet does not contain an authority reference,No,No,No,"Policies, prevention & societal and economic impact",No,NA,NA,NA,NA,NA,NA,None,NA,Other,0,2020
1237793910119903200,2,Misinformation,No,NA,NA,NA,NA,NA,NA,NA,NA,Neutrality,The Tweet does not contain an authority reference,No,No,No,"Remedies for cure, treatment and prevention",No,NA,NA,NA,NA,NA,NA,None,NA,Misinformation,1,2020
1308744650879119400,1,Other,No,NA,NA,NA,NA,NA,NA,NA,NA,Neutrality,The Tweet does not contain an authority reference,No,No,No,Symptoms or characteristics of covid,No,NA,NA,NA,NA,Individuals or communities,NA,NA,NA,Other,0,2020
1354403722848325600,4,Misinformation,No,NA,NA,NA,NA,NA,NA,NA,NA,Neutrality,The Tweet does not contain an authority reference,No,No,No,"Policies, prevention & societal and economic impact",No,NA,NA,Media,NA,Individuals or communities,NA,NA,NA,Misinformation,1,2021
1296697589103034400,3,Accurate information,Yes,NA,NA,NA,NA,NA,"An opinion leader or individual who is not a journalist, and not a part of a government, parliament, or a political party",NA,NA,Neutrality,The Tweet does not contain an authority reference,Yes,No,No,"News, information and misinformation",No,NA,NA,Media,NA,Individuals or communities,NA,NA,NA,Other,0,2020
1308779149163720700,4,Other,No,NA,NA,NA,NA,NA,NA,NA,NA,Negativity,The Tweet does not contain an authority reference,No,No,No,Spread and detection,No,"Government, politicians and international organizations",Health services,NA,NA,NA,NA,NA,NA,Other,0,2020
1362840665219100700,4,Accurate information,No,NA,NA,NA,NA,NA,NA,NA,NA,Neutrality,The Tweet does not contain an authority reference,No,No,No,Symptoms or characteristics of covid,No,NA,NA,NA,NA,NA,NA,NA,University or scientific organization,Other,0,2021
1298336639886987300,1,Suggestive misinformation,Yes,NA,NA,NA,NA,NA,NA,NA,Misinformation is not attributed to an actor,Neutrality,The Tweet does not contain an authority reference,No,No,No,Severity of covid,No,NA,NA,NA,NA,NA,NA,None,NA,Misinformation,1,2020
1420712366166184e3,3,Misinformation,No,NA,NA,NA,NA,NA,NA,NA,NA,Neutrality,The Tweet does not contain an authority reference,No,No,No,Vaccination,No,NA,NA,NA,NA,Individuals or communities,NA,NA,NA,Misinformation,1,2021
1315893789479915500,2,Other,No,NA,NA,NA,NA,NA,NA,NA,NA,Mixed,The Tweet does not contain an authority reference,No,Yes,No,"Policies, prevention & societal and economic impact",No,NA,NA,NA,NA,Individuals or communities,NA,NA,NA,Other,0,2020
1321371137788530700,1,Accurate information,No,NA,NA,NA,NA,NA,NA,NA,NA,Neutrality,The Tweet contains a non-specific authority reference,No,No,No,"Remedies for cure, treatment and prevention",No,NA,NA,NA,NA,NA,NA,NA,University or scientific organization,Other,0,2020
1374293995686391800,2,Uncheckable claim,No,NA,NA,NA,NA,NA,NA,NA,NA,Mixed,The Tweet does not contain an authority reference,No,Yes,No,Spread and detection,No,NA,NA,NA,NA,NA,NA,None,NA,Other,0,2021
1353989477224607700,4,Accurate information,No,NA,NA,NA,NA,NA,NA,NA,NA,Neutrality,The Tweet does not contain an authority reference,No,No,No,"Remedies for cure, treatment and prevention",No,"Government, politicians and international organizations",NA,NA,Other major non-governmental actors,NA,NA,NA,NA,Other,0,2021
1258467896772214800,3,Misinformation,No,NA,NA,NA,NA,NA,NA,NA,NA,Neutrality,The Tweet does not contain an authority reference,No,No,No,Vaccination,No,NA,NA,NA,NA,Individuals or communities,NA,NA,NA,Misinformation,1,2020
1356900101596315600,1,Unable to classify,No,NA,NA,NA,NA,NA,NA,NA,NA,Negativity,The Tweet does not contain an authority reference,No,No,No,Vaccination,No,NA,NA,NA,Other major non-governmental actors,Individuals or communities,NA,NA,NA,Other,0,2021
1413008013158387700,4,Other,No,NA,NA,NA,NA,NA,NA,NA,NA,Neutrality,The Tweet does not contain an authority reference,No,No,No,Symptoms or characteristics of covid,No,NA,NA,NA,NA,Individuals or communities,NA,NA,NA,Other,0,2021
1351264316247466e3,1,Uncheckable claim,No,NA,NA,NA,NA,NA,NA,NA,NA,Positivity,The Tweet does not contain an authority reference,No,No,No,"Policies, prevention & societal and economic impact",No,"Government, politicians and international organizations",NA,NA,NA,Individuals or communities,NA,NA,NA,Other,0,2021
1409626577093107700,1,Uncheckable claim,No,NA,NA,NA,NA,NA,NA,NA,NA,Negativity,The Tweet does not contain an authority reference,No,No,No,"News, information and misinformation",No,"Government, politicians and international organizations",NA,NA,NA,Individuals or communities,NA,NA,NA,Other,0,2021
1242533105052893200,2,Uncheckable claim,No,NA,NA,NA,NA,NA,NA,NA,NA,Neutrality,The Tweet does not contain an authority reference,No,No,No,"Policies, prevention & societal and economic impact",No,NA,NA,NA,NA,NA,NA,None,NA,Other,0,2020
1385298874236121e3,4,Accurate information,Yes,NA,NA,NA,A mainstream media outlet or journalist working in the mainstream media,NA,NA,NA,NA,Neutrality,The Tweet does not contain an authority reference,No,No,No,"News, information and misinformation",No,NA,Health services,NA,NA,NA,NA,NA,NA,Other,0,2021
1314818983124754400,2,Accurate information,No,NA,NA,NA,NA,NA,NA,NA,NA,Neutrality,The Tweet does not contain an authority reference,No,No,No,"Policies, prevention & societal and economic impact",No,NA,NA,NA,NA,NA,NA,None,NA,Other,0,2020
1316427351652216800,4,Other,No,NA,NA,NA,NA,NA,NA,NA,NA,Neutrality,The Tweet does not contain an authority reference,No,No,No,"Policies, prevention & societal and economic impact",No,NA,NA,NA,NA,Individuals or communities,NA,NA,NA,Other,0,2020
1313444447728947200,3,Accurate information,Yes,NA,NA,NA,NA,NA,NA,NA,Misinformation is not attributed to an actor,Neutrality,The Tweet contains a specific authority reference,No,No,Yes,"News, information and misinformation",No,"Government, politicians and international organizations",NA,NA,NA,NA,NA,NA,NA,Other,0,2020
1488244431736221700,4,Other,No,NA,NA,NA,NA,NA,NA,NA,NA,Neutrality,The Tweet does not contain an authority reference,No,No,No,Vaccination,No,NA,NA,NA,NA,NA,NA,None,NA,Other,0,2022
1386979633896243200,3,Misinformation,No,NA,NA,NA,NA,NA,NA,NA,NA,Neutrality,The Tweet contains a non-specific authority reference,No,No,No,"Remedies for cure, treatment and prevention",No,NA,NA,NA,NA,NA,NA,NA,University or scientific organization,Misinformation,1,2021
1336612326355644400,4,Accurate information,No,NA,NA,NA,NA,NA,NA,NA,NA,Neutrality,The Tweet contains a specific authority reference,No,No,No,"Policies, prevention & societal and economic impact",No,NA,NA,NA,Other major non-governmental actors,NA,NA,NA,NA,Other,0,2020
1359870286267564e3,1,Other,No,NA,NA,NA,NA,NA,NA,NA,NA,Neutrality,The Tweet does not contain an authority reference,No,No,No,Vaccination,No,NA,NA,NA,NA,NA,NA,None,NA,Other,0,2021
1341749901953294300,4,Accurate information,No,NA,NA,NA,NA,NA,NA,NA,NA,Neutrality,The Tweet does not contain an authority reference,No,No,No,"Policies, prevention & societal and economic impact",No,"Government, politicians and international organizations",NA,NA,NA,Individuals or communities,NA,NA,NA,Other,0,2020
1459930151144370200,4,Other,No,NA,NA,NA,NA,NA,NA,NA,NA,Neutrality,The Tweet does not contain an authority reference,No,No,No,Symptoms or characteristics of covid,No,NA,NA,NA,NA,Individuals or communities,NA,NA,NA,Other,0,2021
1354381990695477200,1,Other,Yes,A Dutch politician (not seated in the Dutch cabinet),NA,NA,NA,NA,NA,NA,NA,Neutrality,The Tweet does not contain an authority reference,No,No,No,"News, information and misinformation",No,"Government, politicians and international organizations",NA,NA,NA,NA,NA,NA,NA,Other,0,2021
1322309694791307300,2,Misinformation,No,NA,NA,NA,NA,NA,NA,NA,NA,Neutrality,The Tweet contains a specific authority reference,No,No,No,Symptoms or characteristics of covid,No,NA,NA,NA,Other major non-governmental actors,NA,NA,NA,NA,Misinformation,1,2020
1483543931065450500,2,Uncheckable claim,No,NA,NA,NA,NA,NA,NA,NA,NA,Neutrality,The Tweet does not contain an authority reference,No,No,No,Spread and detection,No,NA,NA,NA,NA,NA,NA,None,NA,Other,0,2022
1313453957038174200,3,Other,No,NA,NA,NA,NA,NA,NA,NA,NA,Neutrality,The Tweet does not contain an authority reference,No,No,No,"Policies, prevention & societal and economic impact",No,NA,NA,NA,NA,NA,NA,None,NA,Other,0,2020
124324582364484e4,4,Uncheckable claim,No,NA,NA,NA,NA,NA,NA,NA,NA,Neutrality,The Tweet does not contain an authority reference,No,No,No,"Policies, prevention & societal and economic impact",No,NA,NA,NA,NA,NA,NA,None,NA,Other,0,2020
1340614554443767800,2,Accurate information,No,NA,NA,NA,NA,NA,NA,NA,NA,Neutrality,The Tweet does not contain an authority reference,No,No,No,Symptoms or characteristics of covid,No,"Government, politicians and international organizations",NA,NA,NA,NA,NA,NA,NA,Other,0,2020
1465231536534478800,3,Misinformation,No,NA,NA,NA,NA,NA,NA,NA,NA,Neutrality,The Tweet does not contain an authority reference,No,No,No,Vaccination,No,NA,NA,NA,NA,Individuals or communities,NA,NA,NA,Misinformation,1,2021
1295230541374132200,2,Other,No,NA,NA,NA,NA,NA,NA,NA,NA,Neutrality,The Tweet does not contain an authority reference,No,No,No,"Policies, prevention & societal and economic impact",No,NA,NA,NA,NA,NA,NA,None,NA,Other,0,2020
1261000339316236300,2,Accurate information,No,NA,NA,NA,NA,NA,NA,NA,NA,Neutrality,The Tweet does not contain an authority reference,No,No,No,Spread and detection,No,NA,NA,NA,NA,NA,NA,NA,University or scientific organization,Other,0,2020
1274271406344175600,1,Accurate information,No,NA,NA,NA,NA,NA,NA,NA,NA,Neutrality,The Tweet contains a specific authority reference,No,No,No,Vaccination,No,"Government, politicians and international organizations",NA,NA,NA,Individuals or communities,NA,NA,NA,Other,0,2020
1293830084793708500,2,Uncheckable claim,No,NA,NA,NA,NA,NA,NA,NA,NA,Neutrality,The Tweet does not contain an authority reference,No,No,No,Existence of covid,Yes,NA,NA,NA,NA,NA,NA,None,NA,Other,0,2020
1316461735868608500,2,Other,No,NA,NA,NA,NA,NA,NA,NA,NA,Positivity,The Tweet does not contain an authority reference,No,No,No,"Policies, prevention & societal and economic impact",No,NA,NA,NA,NA,NA,NA,None,NA,Other,0,2020
1411291080411205600,3,Uncheckable claim,No,NA,NA,NA,NA,NA,NA,NA,NA,Neutrality,The Tweet does not contain an authority reference,No,No,No,Vaccination,No,NA,NA,NA,NA,NA,NA,None,NA,Other,0,2021
1347636939223158800,2,Uncheckable claim,No,NA,NA,NA,NA,NA,NA,NA,NA,Neutrality,The Tweet contains a non-specific authority reference,No,No,No,Symptoms or characteristics of covid,No,NA,NA,NA,NA,Individuals or communities,NA,NA,NA,Other,0,2021
1388769746938732500,3,Misinformation,No,NA,NA,NA,NA,NA,NA,NA,NA,Neutrality,The Tweet does not contain an authority reference,No,No,Yes,Vaccination,No,NA,NA,NA,NA,NA,NA,None,NA,Misinformation,1,2021
1235530100373848e3,1,Uncheckable claim,No,NA,NA,NA,NA,NA,NA,NA,NA,Neutrality,The Tweet does not contain an authority reference,No,No,No,Spread and detection,No,NA,NA,NA,NA,NA,NA,None,NA,Other,0,2020
1428266511836254200,1,Other,No,NA,NA,NA,NA,NA,NA,NA,NA,Mixed,The Tweet does not contain an authority reference,No,No,No,"Remedies for cure, treatment and prevention",No,NA,NA,NA,NA,NA,NA,None,NA,Other,0,2021
1428305376785485800,1,Accurate information,Yes,NA,NA,NA,NA,NA,NA,NA,Misinformation is not attributed to an actor,Neutrality,The Tweet does not contain an authority reference,No,No,No,"News, information and misinformation",No,NA,NA,NA,Other major non-governmental actors,NA,NA,NA,NA,Other,0,2021
1364651825237e6,4,Other,No,NA,NA,NA,NA,NA,NA,NA,NA,Neutrality,The Tweet does not contain an authority reference,No,No,No,"Remedies for cure, treatment and prevention",No,NA,NA,NA,NA,NA,NA,None,NA,Other,0,2021
1377943538873290800,1,Accurate information,No,NA,NA,NA,NA,NA,NA,NA,NA,Neutrality,The Tweet does not contain an authority reference,No,No,No,Symptoms or characteristics of covid,No,"Government, politicians and international organizations",NA,NA,NA,Individuals or communities,NA,NA,NA,Other,0,2021
1272145815990141e3,2,Misinformation,No,NA,NA,NA,NA,NA,NA,NA,NA,Negativity,The Tweet contains a specific authority reference,No,No,No,Spread and detection,No,"Government, politicians and international organizations",NA,NA,NA,NA,NA,NA,University or scientific organization,Misinformation,1,2020
1343881414308221e3,3,Misinformation,Yes,NA,"The Dutch government, cabinet, a member of the Dutch cabinet or civil servant",NA,NA,NA,NA,NA,NA,Negativity,The Tweet does not contain an authority reference,Yes,No,No,"News, information and misinformation",No,"Government, politicians and international organizations",NA,NA,NA,NA,NA,NA,NA,Misinformation,1,2020
1343891466964365300,4,Other,Yes,NA,NA,NA,NA,NA,"An opinion leader or individual who is not a journalist, and not a part of a government, parliament, or a political party",NA,NA,Neutrality,The Tweet does not contain an authority reference,No,No,No,"News, information and misinformation",No,NA,NA,NA,Other major non-governmental actors,NA,NA,NA,NA,Other,0,2020
1284933644184957e3,3,Misinformation,No,NA,NA,NA,NA,NA,NA,NA,NA,Neutrality,The Tweet does not contain an authority reference,No,No,No,Existence of covid,Yes,NA,NA,NA,NA,NA,NA,None,NA,Misinformation,1,2020
1402602704120254500,4,Misinformation,No,NA,NA,NA,NA,NA,NA,NA,NA,Neutrality,The Tweet does not contain an authority reference,No,No,No,Existence of covid,Yes,NA,NA,NA,NA,NA,NA,None,NA,Misinformation,1,2021
1315214078231666700,4,Other,No,NA,NA,NA,NA,NA,NA,NA,NA,Neutrality,The Tweet does not contain an authority reference,No,No,No,"Policies, prevention & societal and economic impact",No,NA,NA,NA,NA,NA,NA,None,NA,Other,0,2020
1390968094420504600,4,Accurate information,Yes,NA,NA,NA,NA,NA,NA,NA,Misinformation is not attributed to an actor,Neutrality,The Tweet does not contain an authority reference,Yes,No,No,"News, information and misinformation",No,NA,NA,NA,Other major non-governmental actors,Individuals or communities,NA,NA,NA,Other,0,2021
1274265570389745700,1,Accurate information,No,NA,NA,NA,NA,NA,NA,NA,NA,Negativity,The Tweet contains a specific authority reference,No,No,Yes,"Policies, prevention & societal and economic impact",No,"Government, politicians and international organizations",Health services,NA,NA,NA,NA,NA,University or scientific organization,Other,0,2020
1243832806784077800,1,Accurate information,Yes,NA,NA,NA,A mainstream media outlet or journalist working in the mainstream media,NA,NA,NA,NA,Neutrality,The Tweet does not contain an authority reference,No,No,No,"News, information and misinformation",No,"Government, politicians and international organizations",NA,NA,NA,NA,NA,NA,NA,Other,0,2020
1350444789234327600,2,Misinformation,No,NA,NA,NA,NA,NA,NA,NA,NA,Positivity,The Tweet does not contain an authority reference,No,No,No,Vaccination,No,NA,NA,NA,NA,Individuals or communities,NA,NA,NA,Misinformation,1,2021
1242379866256953300,2,Accurate information,Yes,NA,NA,NA,NA,NA,"An opinion leader or individual who is not a journalist, and not a part of a government, parliament, or a political party",NA,NA,Neutrality,The Tweet contains a specific authority reference,No,No,No,"News, information and misinformation",No,"Government, politicians and international organizations",NA,NA,NA,NA,NA,NA,NA,Other,0,2020
1411728457449369600,2,Accurate information,No,NA,NA,NA,NA,NA,NA,NA,NA,Negativity,The Tweet does not contain an authority reference,No,Yes,No,"Policies, prevention & societal and economic impact",No,"Government, politicians and international organizations",NA,NA,NA,NA,NA,NA,NA,Other,0,2021
1298259364705235e3,2,Accurate information,No,NA,NA,NA,NA,NA,NA,NA,NA,Neutrality,The Tweet does not contain an authority reference,No,No,No,Spread and detection,No,NA,NA,NA,NA,Individuals or communities,NA,NA,NA,Other,0,2020
124724351437679e4,1,Unable to classify,Yes,NA,NA,NA,NA,NA,NA,NA,Misinformation is not attributed to an actor,Neutrality,The Tweet does not contain an authority reference,No,No,No,"News, information and misinformation",No,NA,NA,NA,NA,NA,NA,None,NA,Other,0,2020
1395300998399287300,3,Accurate information,Yes,NA,NA,NA,NA,NA,"An opinion leader or individual who is not a journalist, and not a part of a government, parliament, or a political party",NA,NA,Neutrality,The Tweet does not contain an authority reference,Yes,No,No,"News, information and misinformation",No,NA,NA,NA,NA,Individuals or communities,NA,NA,NA,Other,0,2021
1467474988622127e3,4,Other,No,NA,NA,NA,NA,NA,NA,NA,NA,Negativity,The Tweet does not contain an authority reference,No,No,No,Spread and detection,No,NA,NA,NA,NA,Individuals or communities,NA,NA,NA,Other,0,2021
1465079311728267300,1,Misinformation,No,NA,NA,NA,NA,NA,NA,NA,NA,Negativity,The Tweet does not contain an authority reference,No,No,No,Vaccination,No,NA,NA,Media,NA,NA,NA,NA,NA,Misinformation,1,2021
1474027915927072800,2,Accurate information,No,NA,NA,NA,NA,NA,NA,NA,NA,Neutrality,The Tweet does not contain an authority reference,No,No,No,Spread and detection,No,NA,NA,NA,NA,NA,NA,None,NA,Other,0,2021
1248298707566674e3,2,Other,No,NA,NA,NA,NA,NA,NA,NA,NA,Neutrality,The Tweet does not contain an authority reference,No,No,No,"Policies, prevention & societal and economic impact",No,NA,NA,NA,NA,NA,NA,None,NA,Other,0,2020
1418306186236072e3,4,Other,No,NA,NA,NA,NA,NA,NA,NA,NA,Neutrality,The Tweet contains a non-specific authority reference,No,No,No,"Policies, prevention & societal and economic impact",No,NA,NA,NA,Other major non-governmental actors,NA,NA,NA,NA,Other,0,2021
1455611011814281200,3,Uncheckable claim,No,NA,NA,NA,NA,NA,NA,NA,NA,Negativity,The Tweet does not contain an authority reference,No,No,No,Spread and detection,No,NA,NA,NA,NA,Individuals or communities,NA,NA,NA,Other,0,2021
1263101212121084e3,4,Other,No,NA,NA,NA,NA,NA,NA,NA,NA,Neutrality,The Tweet does not contain an authority reference,No,No,No,"Policies, prevention & societal and economic impact",No,NA,NA,NA,NA,NA,NA,None,NA,Other,0,2020
1.4790905729923359e+18,2,Accurate information,Yes,NA,NA,NA,NA,NA,NA,NA,Misinformation is not attributed to an actor,Neutrality,The Tweet contains a non-specific authority reference,No,No,No,"News, information and misinformation",No,NA,Health services,NA,NA,NA,NA,NA,NA,Other,0,2022
1333023648026865700,2,Other,No,NA,NA,NA,NA,NA,NA,NA,NA,Mixed,The Tweet does not contain an authority reference,No,No,No,"Policies, prevention & societal and economic impact",No,"Government, politicians and international organizations",NA,NA,NA,Individuals or communities,NA,NA,NA,Other,0,2020
1314847279820550100,1,Other,No,NA,NA,NA,NA,NA,NA,NA,NA,Neutrality,The Tweet does not contain an authority reference,No,No,No,"Policies, prevention & societal and economic impact",No,NA,NA,NA,NA,NA,NA,None,NA,Other,0,2020
1346465529268093e3,1,Accurate information,No,NA,NA,NA,NA,NA,NA,NA,NA,Neutrality,The Tweet does not contain an authority reference,No,No,No,Spread and detection,No,NA,NA,NA,Other major non-governmental actors,NA,NA,NA,NA,Other,0,2021
1445088256610259e3,2,Misinformation,No,NA,NA,NA,NA,NA,NA,NA,NA,Neutrality,The Tweet does not contain an authority reference,No,No,No,Vaccination,No,NA,NA,NA,NA,NA,NA,None,NA,Misinformation,1,2021
1317073818146492400,4,Accurate information,Yes,NA,NA,NA,NA,NA,"An opinion leader or individual who is not a journalist, and not a part of a government, parliament, or a political party",NA,NA,Neutrality,The Tweet contains a specific authority reference,No,No,Yes,"News, information and misinformation",No,"Government, politicians and international organizations",NA,NA,NA,Individuals or communities,NA,NA,NA,Other,0,2020
1294204836481773600,3,Accurate information,No,NA,NA,NA,NA,NA,NA,NA,NA,Neutrality,The Tweet does not contain an authority reference,No,No,No,"Policies, prevention & societal and economic impact",No,NA,NA,NA,NA,Individuals or communities,NA,NA,NA,Other,0,2020
1350124381339574300,2,Uncheckable claim,No,NA,NA,NA,NA,NA,NA,NA,NA,Mixed,The Tweet contains a non-specific authority reference,No,No,No,"Remedies for cure, treatment and prevention",No,NA,Health services,NA,NA,NA,NA,NA,NA,Other,0,2021
1342202707675897900,1,Uncheckable claim,No,NA,NA,NA,NA,NA,NA,NA,NA,Neutrality,The Tweet does not contain an authority reference,No,No,No,"Policies, prevention & societal and economic impact",No,"Government, politicians and international organizations",NA,NA,NA,NA,NA,NA,NA,Other,0,2020
1315268617093755e3,3,Other,No,NA,NA,NA,NA,NA,NA,NA,NA,Neutrality,The Tweet does not contain an authority reference,No,No,No,"Policies, prevention & societal and economic impact",No,NA,NA,NA,NA,NA,NA,None,NA,Other,0,2020
1407727981603266600,3,Misinformation,No,NA,NA,NA,NA,NA,NA,NA,NA,Negativity,The Tweet does not contain an authority reference,No,No,No,Existence of covid,Yes,"Government, politicians and international organizations",NA,NA,NA,Individuals or communities,NA,NA,NA,Misinformation,1,2021
1310977221830553600,4,Other,No,NA,NA,NA,NA,NA,NA,NA,NA,Neutrality,The Tweet does not contain an authority reference,No,No,No,"Policies, prevention & societal and economic impact",No,NA,NA,NA,NA,NA,NA,None,NA,Other,0,2020
1472269833605726200,3,Other,No,NA,NA,NA,NA,NA,NA,NA,NA,Negativity,The Tweet does not contain an authority reference,No,No,No,"Policies, prevention & societal and economic impact",No,NA,NA,NA,NA,NA,NA,None,NA,Other,0,2021
1386060849392103400,4,Other,No,NA,NA,NA,NA,NA,NA,NA,NA,Negativity,The Tweet does not contain an authority reference,No,No,No,"News, information and misinformation",No,NA,NA,NA,NA,Individuals or communities,NA,NA,NA,Other,0,2021
1249992041255370800,1,Other,No,NA,NA,NA,NA,NA,NA,NA,NA,Neutrality,The Tweet does not contain an authority reference,No,No,No,"Policies, prevention & societal and economic impact",No,NA,NA,NA,NA,NA,NA,None,NA,Other,0,2020
1477931337206087700,1,Other,No,NA,NA,NA,NA,NA,NA,NA,NA,Neutrality,The Tweet does not contain an authority reference,No,No,No,Other,No,NA,NA,NA,NA,NA,NA,None,NA,Other,0,2022
1393116644432654300,3,Misinformation,No,NA,NA,NA,NA,NA,NA,NA,NA,Negativity,The Tweet does not contain an authority reference,Yes,No,No,"Remedies for cure, treatment and prevention",No,NA,NA,NA,NA,NA,NA,None,NA,Misinformation,1,2021
1240311493050204200,2,Uncheckable claim,No,NA,NA,NA,NA,NA,NA,NA,NA,Mixed,The Tweet does not contain an authority reference,No,Yes,No,"Policies, prevention & societal and economic impact",No,NA,NA,NA,NA,NA,NA,None,NA,Other,0,2020
135004796514304e4,4,Suggestive misinformation,Yes,NA,NA,NA,NA,NA,"An opinion leader or individual who is not a journalist, and not a part of a government, parliament, or a political party",NA,NA,Neutrality,The Tweet does not contain an authority reference,No,No,No,Severity of covid,No,NA,NA,NA,Other major non-governmental actors,Individuals or communities,NA,NA,NA,Misinformation,1,2021
1372955373049614300,3,Misinformation,No,NA,NA,NA,NA,NA,NA,NA,NA,Negativity,The Tweet does not contain an authority reference,No,No,Yes,Spread and detection,No,NA,NA,NA,NA,NA,NA,None,NA,Misinformation,1,2021
1414177490709397500,3,Misinformation,No,NA,NA,NA,NA,NA,NA,NA,NA,Negativity,The Tweet does not contain an authority reference,No,No,No,Severity of covid,No,NA,NA,NA,NA,Individuals or communities,NA,NA,NA,Misinformation,1,2021
1245475045503316e3,4,Accurate information,No,NA,NA,NA,NA,NA,NA,NA,NA,Neutrality,The Tweet does not contain an authority reference,No,No,No,"Remedies for cure, treatment and prevention",No,NA,NA,NA,NA,Individuals or communities,NA,NA,NA,Other,0,2020
1251418129483346e3,4,Uncheckable claim,No,NA,NA,NA,NA,NA,NA,NA,NA,Neutrality,The Tweet does not contain an authority reference,No,No,No,"News, information and misinformation",No,NA,Health services,NA,Other major non-governmental actors,Individuals or communities,NA,NA,NA,Other,0,2020
1270289839309623300,3,Other,No,NA,NA,NA,NA,NA,NA,NA,NA,Negativity,The Tweet does not contain an authority reference,No,No,No,"Policies, prevention & societal and economic impact",No,"Government, politicians and international organizations",NA,NA,Other major non-governmental actors,Individuals or communities,NA,NA,NA,Other,0,2020
1441342798519668700,2,Uncheckable claim,No,NA,NA,NA,NA,NA,NA,NA,NA,Negativity,The Tweet contains a non-specific authority reference,No,No,No,Severity of covid,No,NA,NA,NA,NA,Individuals or communities,NA,NA,NA,Other,0,2021
1305469369384919e3,1,Unable to classify,No,NA,NA,NA,NA,NA,NA,NA,NA,Negativity,The Tweet contains a specific authority reference,Yes,No,No,Spread and detection,No,NA,NA,Media,NA,Individuals or communities,NA,NA,University or scientific organization,Other,0,2020
1418922368072884200,4,Misinformation,Yes,NA,NA,NA,A mainstream media outlet or journalist working in the mainstream media,NA,"An opinion leader or individual who is not a journalist, and not a part of a government, parliament, or a political party",NA,NA,Negativity,The Tweet does not contain an authority reference,Yes,No,No,"News, information and misinformation",No,NA,NA,Media,NA,Individuals or communities,NA,NA,NA,Misinformation,1,2021
1292358725794246700,1,Accurate information,No,NA,NA,NA,NA,NA,NA,NA,NA,Neutrality,The Tweet does not contain an authority reference,No,No,No,"Remedies for cure, treatment and prevention",No,NA,NA,NA,NA,NA,NA,None,NA,Other,0,2020
1390974288618877e3,2,Accurate information,No,NA,NA,NA,NA,NA,NA,NA,NA,Neutrality,The Tweet does not contain an authority reference,No,No,No,"Policies, prevention & societal and economic impact",No,NA,NA,NA,Other major non-governmental actors,NA,NA,NA,NA,Other,0,2021
1390282146393337900,2,Misinformation,No,NA,NA,NA,NA,NA,NA,NA,NA,Neutrality,The Tweet does not contain an authority reference,No,No,No,Existence of covid,Yes,NA,NA,NA,NA,NA,NA,None,NA,Misinformation,1,2021
140764841344179e4,4,Accurate information,No,NA,NA,NA,NA,NA,NA,NA,NA,Neutrality,The Tweet does not contain an authority reference,No,No,No,"Remedies for cure, treatment and prevention",No,NA,Health services,NA,NA,NA,NA,NA,NA,Other,0,2021
1311995302220628e3,2,Accurate information,No,NA,NA,NA,NA,NA,NA,NA,NA,Neutrality,The Tweet does not contain an authority reference,No,No,No,Spread and detection,No,"Government, politicians and international organizations",NA,NA,NA,NA,NA,NA,NA,Other,0,2020
126415848473353e4,4,Accurate information,No,NA,NA,NA,NA,NA,NA,NA,NA,Neutrality,The Tweet does not contain an authority reference,No,No,No,Vaccination,No,NA,NA,NA,NA,NA,NA,None,NA,Other,0,2020
1267696507375018e3,4,Accurate information,No,NA,NA,NA,NA,NA,NA,NA,NA,Neutrality,The Tweet does not contain an authority reference,No,No,No,"Remedies for cure, treatment and prevention",No,NA,NA,NA,NA,NA,NA,None,NA,Other,0,2020
1239641152728510500,2,Other,Yes,NA,NA,NA,NA,NA,NA,NA,Misinformation is not attributed to an actor,Negativity,The Tweet does not contain an authority reference,No,No,No,"News, information and misinformation",No,NA,NA,NA,NA,NA,NA,None,NA,Other,0,2020
1265986958096060400,2,Accurate information,No,NA,NA,NA,NA,NA,NA,NA,NA,Neutrality,The Tweet does not contain an authority reference,No,No,No,"Remedies for cure, treatment and prevention",No,NA,NA,NA,NA,NA,NA,None,NA,Other,0,2020
1465966582946017300,4,Accurate information,Yes,NA,NA,NA,NA,NA,NA,NA,Misinformation is not attributed to an actor,Neutrality,The Tweet does not contain an authority reference,No,No,No,"News, information and misinformation",No,"Government, politicians and international organizations",Health services,Media,NA,NA,NA,NA,NA,Other,0,2021
1344788032193491e3,1,Uncheckable claim,No,NA,NA,NA,NA,NA,NA,NA,NA,Neutrality,The Tweet does not contain an authority reference,No,No,No,Symptoms or characteristics of covid,No,NA,NA,NA,Other major non-governmental actors,NA,NA,NA,NA,Other,0,2020
132361074393847e4,3,Other,No,NA,NA,NA,NA,NA,NA,NA,NA,Negativity,The Tweet does not contain an authority reference,Yes,No,No,"Policies, prevention & societal and economic impact",No,"Government, politicians and international organizations",NA,NA,NA,Individuals or communities,NA,NA,NA,Other,0,2020
1322227774212448300,3,Accurate information,No,NA,NA,NA,NA,NA,NA,NA,NA,Neutrality,The Tweet does not contain an authority reference,No,No,No,Spread and detection,No,NA,NA,NA,Other major non-governmental actors,NA,NA,NA,NA,Other,0,2020
1253171755767775200,1,Suggestive misinformation,No,NA,NA,NA,NA,NA,NA,NA,NA,Neutrality,The Tweet does not contain an authority reference,No,No,No,Vaccination,No,NA,NA,NA,NA,Individuals or communities,NA,NA,NA,Misinformation,1,2020
1260329489114050600,3,Accurate information,No,NA,NA,NA,NA,NA,NA,NA,NA,Neutrality,The Tweet does not contain an authority reference,No,No,No,"Policies, prevention & societal and economic impact",No,"Government, politicians and international organizations",NA,NA,NA,Individuals or communities,NA,NA,NA,Other,0,2020
1360525142170943500,4,Suggestive misinformation,No,NA,NA,NA,NA,NA,NA,NA,NA,Negativity,The Tweet does not contain an authority reference,No,No,No,"News, information and misinformation",Yes,"Government, politicians and international organizations",NA,NA,NA,Individuals or communities,NA,NA,NA,Misinformation,1,2021
1379821937090789400,3,Accurate information,No,NA,NA,NA,NA,NA,NA,NA,NA,Neutrality,The Tweet does not contain an authority reference,No,No,No,Vaccination,No,NA,NA,Media,NA,Individuals or communities,NA,NA,NA,Other,0,2021
1417093663650427e3,1,Accurate information,No,NA,NA,NA,NA,NA,NA,NA,NA,Neutrality,The Tweet contains a non-specific authority reference,No,No,No,Vaccination,No,"Government, politicians and international organizations",NA,NA,NA,Individuals or communities,NA,NA,University or scientific organization,Other,0,2021
1358783443480567800,1,Suggestive misinformation,No,NA,NA,NA,NA,NA,NA,NA,NA,Negativity,The Tweet contains a specific authority reference,No,No,Yes,Vaccination,No,NA,NA,NA,NA,NA,NA,NA,University or scientific organization,Misinformation,1,2021
1346231943541764e3,1,Other,No,NA,NA,NA,NA,NA,NA,NA,NA,Negativity,The Tweet does not contain an authority reference,No,No,No,"Policies, prevention & societal and economic impact",No,"Government, politicians and international organizations",NA,NA,NA,NA,NA,NA,NA,Other,0,2021
1487036488596574200,1,Accurate information,No,NA,NA,NA,NA,NA,NA,NA,NA,Neutrality,The Tweet does not contain an authority reference,No,No,No,Spread and detection,No,NA,NA,NA,Other major non-governmental actors,NA,NA,NA,NA,Other,0,2022
1317450492952350700,3,Accurate information,No,NA,NA,NA,NA,NA,NA,NA,NA,Neutrality,The Tweet does not contain an authority reference,No,No,No,Spread and detection,No,NA,NA,NA,Other major non-governmental actors,Individuals or communities,NA,NA,NA,Other,0,2020
1272223464334790700,4,Misinformation,No,NA,NA,NA,NA,NA,NA,NA,NA,Neutrality,The Tweet does not contain an authority reference,No,No,No,Spread and detection,Yes,"Government, politicians and international organizations",NA,NA,NA,NA,NA,NA,NA,Misinformation,1,2020
1324476914443165700,1,Uncheckable claim,No,NA,NA,NA,NA,NA,NA,NA,NA,Neutrality,The Tweet does not contain an authority reference,No,No,No,Spread and detection,No,NA,NA,NA,NA,Individuals or communities,NA,NA,NA,Other,0,2020
1325046127109017600,2,Misinformation,No,NA,NA,NA,NA,NA,NA,NA,NA,Neutrality,The Tweet does not contain an authority reference,No,No,No,Existence of covid,No,NA,NA,NA,NA,NA,NA,None,NA,Misinformation,1,2020
1245694873065468e3,2,Accurate information,No,NA,NA,NA,NA,NA,NA,NA,NA,Neutrality,The Tweet does not contain an authority reference,No,No,No,"Policies, prevention & societal and economic impact",No,NA,NA,NA,Other major non-governmental actors,Individuals or communities,NA,NA,NA,Other,0,2020
1289436703296491500,1,Accurate information,Yes,NA,NA,NA,NA,NA,NA,NA,Misinformation is not attributed to an actor,Neutrality,The Tweet does not contain an authority reference,No,No,No,"News, information and misinformation",No,NA,Health services,NA,NA,NA,NA,NA,NA,Other,0,2020
1379246903959949300,1,Misinformation,No,NA,NA,NA,NA,NA,NA,NA,NA,Neutrality,The Tweet does not contain an authority reference,No,No,No,Existence of covid,Yes,NA,NA,NA,NA,NA,NA,None,NA,Misinformation,1,2021
123774712635392e4,4,Misinformation,Yes,NA,NA,NA,NA,NA,NA,NA,Misinformation is not attributed to an actor,Neutrality,The Tweet does not contain an authority reference,No,No,No,Spread and detection,No,NA,Health services,NA,NA,NA,NA,NA,NA,Misinformation,1,2020
1360615918376730600,1,Misinformation,No,NA,NA,NA,NA,NA,NA,NA,NA,Neutrality,The Tweet does not contain an authority reference,No,No,No,Existence of covid,Yes,NA,NA,NA,NA,NA,NA,None,NA,Misinformation,1,2021
1315034893966020600,4,Other,No,NA,NA,NA,NA,NA,NA,NA,NA,Neutrality,The Tweet does not contain an authority reference,No,No,No,"Policies, prevention & societal and economic impact",No,NA,NA,NA,NA,NA,NA,None,NA,Other,0,2020
1351143686663524400,1,Accurate information,No,NA,NA,NA,NA,NA,NA,NA,NA,Negativity,The Tweet does not contain an authority reference,No,No,No,"Policies, prevention & societal and economic impact",No,NA,NA,NA,NA,Individuals or communities,NA,NA,NA,Other,0,2021
1402582910574772200,1,Misinformation,No,NA,NA,NA,NA,NA,NA,NA,NA,Neutrality,The Tweet contains a non-specific authority reference,No,No,Yes,"Remedies for cure, treatment and prevention",No,NA,NA,NA,NA,Individuals or communities,NA,NA,University or scientific organization,Misinformation,1,2021
1286415752518668300,3,Accurate information,No,NA,NA,NA,NA,NA,NA,NA,NA,Negativity,The Tweet does not contain an authority reference,Yes,No,No,"News, information and misinformation",No,"Government, politicians and international organizations",NA,NA,Other major non-governmental actors,Individuals or communities,NA,NA,NA,Other,0,2020
1321498419974852600,4,Accurate information,No,NA,NA,NA,NA,NA,NA,NA,NA,Neutrality,The Tweet does not contain an authority reference,No,No,No,"Remedies for cure, treatment and prevention",No,NA,NA,Media,NA,NA,NA,NA,NA,Other,0,2020
1294197699328249900,4,Misinformation,No,NA,NA,NA,NA,NA,NA,NA,NA,Neutrality,The Tweet contains a specific authority reference,No,No,No,Spread and detection,No,"Government, politicians and international organizations",NA,NA,NA,NA,NA,NA,NA,Misinformation,1,2020
1303787659513471e3,1,Accurate information,Yes,NA,NA,"A foreign politician, foreign government, international leader or international organization",NA,NA,NA,NA,NA,Neutrality,The Tweet does not contain an authority reference,No,No,No,"News, information and misinformation",No,"Government, politicians and international organizations",NA,NA,NA,NA,NA,NA,NA,Other,0,2020
1460619076125044700,1,Other,No,NA,NA,NA,NA,NA,NA,NA,NA,Negativity,The Tweet does not contain an authority reference,No,No,No,"Policies, prevention & societal and economic impact",No,"Government, politicians and international organizations",NA,NA,NA,Individuals or communities,NA,NA,NA,Other,0,2021
1477406336337989600,3,Accurate information,No,NA,NA,NA,NA,NA,NA,NA,NA,Neutrality,The Tweet does not contain an authority reference,No,No,No,"News, information and misinformation",No,NA,NA,NA,NA,NA,NA,None,NA,Other,0,2022
1288430813105852400,1,Accurate information,Yes,NA,NA,NA,NA,NA,NA,NA,Misinformation is not attributed to an actor,Negativity,The Tweet does not contain an authority reference,No,No,No,"News, information and misinformation",No,NA,NA,Media,NA,NA,Other,NA,NA,Other,0,2020
1239519075346325500,4,Other,No,NA,NA,NA,NA,NA,NA,NA,NA,Neutrality,The Tweet contains a non-specific authority reference,No,No,No,Spread and detection,No,NA,NA,NA,NA,Individuals or communities,NA,NA,NA,Other,0,2020
1463184434983800800,3,Uncheckable claim,No,NA,NA,NA,NA,NA,NA,NA,NA,Neutrality,The Tweet does not contain an authority reference,No,No,No,Vaccination,No,NA,NA,NA,NA,NA,NA,None,NA,Other,0,2021
1351473519616471e3,1,Uncheckable claim,No,NA,NA,NA,NA,NA,NA,NA,NA,Neutrality,The Tweet does not contain an authority reference,No,No,No,Spread and detection,No,NA,NA,NA,NA,NA,NA,None,NA,Other,0,2021
1458781332604129300,2,Uncheckable claim,No,NA,NA,NA,NA,NA,NA,NA,NA,Negativity,The Tweet does not contain an authority reference,No,No,No,"Policies, prevention & societal and economic impact",No,NA,NA,NA,NA,Individuals or communities,NA,NA,NA,Other,0,2021
1462092130860605400,4,Other,No,NA,NA,NA,NA,NA,NA,NA,NA,Neutrality,The Tweet does not contain an authority reference,No,No,No,Symptoms or characteristics of covid,No,NA,Health services,NA,NA,Individuals or communities,NA,NA,NA,Other,0,2021
125141428657809e4,2,Accurate information,No,NA,NA,NA,NA,NA,NA,NA,NA,Positivity,The Tweet does not contain an authority reference,No,No,No,Other,No,"Government, politicians and international organizations",NA,NA,Other major non-governmental actors,NA,NA,NA,NA,Other,0,2020
1458167145699766300,4,Accurate information,No,NA,NA,NA,NA,NA,NA,NA,NA,Neutrality,The Tweet does not contain an authority reference,No,No,No,Symptoms or characteristics of covid,No,NA,NA,NA,NA,Individuals or communities,NA,NA,University or scientific organization,Other,0,2021
1479440143778029600,2,Uncheckable claim,No,NA,NA,NA,NA,NA,NA,NA,NA,Neutrality,The Tweet does not contain an authority reference,No,No,No,Severity of covid,No,NA,NA,NA,NA,NA,NA,None,NA,Other,0,2022
1266298245719838700,1,Unable to classify,No,NA,NA,NA,NA,NA,NA,NA,NA,Neutrality,The Tweet does not contain an authority reference,No,No,No,Other,No,NA,NA,NA,NA,NA,NA,None,NA,Other,0,2020
1336260420827484200,3,Misinformation,No,NA,NA,NA,NA,NA,NA,NA,NA,Negativity,The Tweet does not contain an authority reference,Yes,No,No,Existence of covid,Yes,NA,NA,NA,NA,NA,NA,None,NA,Misinformation,1,2020
1321228633969746e3,2,Other,No,NA,NA,NA,NA,NA,NA,NA,NA,Positivity,The Tweet does not contain an authority reference,No,No,No,Symptoms or characteristics of covid,No,NA,NA,NA,NA,NA,NA,None,NA,Other,0,2020
1376973265281941500,2,Misinformation,No,NA,NA,NA,NA,NA,NA,NA,NA,Neutrality,The Tweet does not contain an authority reference,No,No,No,Existence of covid,Yes,"Government, politicians and international organizations",NA,NA,Other major non-governmental actors,Individuals or communities,NA,NA,NA,Misinformation,1,2021
1288383871541805e3,1,Other,No,NA,NA,NA,NA,NA,NA,NA,NA,Neutrality,The Tweet does not contain an authority reference,No,No,No,"Policies, prevention & societal and economic impact",No,NA,NA,NA,NA,NA,NA,None,NA,Other,0,2020
1257712294710182e3,2,Accurate information,No,NA,NA,NA,NA,NA,NA,NA,NA,Neutrality,The Tweet does not contain an authority reference,No,No,No,Spread and detection,No,NA,NA,NA,NA,NA,NA,None,NA,Other,0,2020
1303018965124485e3,2,Misinformation,No,NA,NA,NA,NA,NA,NA,NA,NA,Neutrality,The Tweet does not contain an authority reference,No,No,No,"Remedies for cure, treatment and prevention",No,NA,NA,NA,NA,NA,NA,None,NA,Misinformation,1,2020
1308067699852038100,3,Suggestive misinformation,No,NA,NA,NA,NA,NA,NA,NA,NA,Neutrality,The Tweet does not contain an authority reference,No,No,No,Severity of covid,No,NA,NA,NA,NA,NA,NA,None,NA,Misinformation,1,2020
1481400419373011e3,4,Other,No,NA,NA,NA,NA,NA,NA,NA,NA,Neutrality,The Tweet does not contain an authority reference,No,No,No,Severity of covid,No,"Government, politicians and international organizations",NA,NA,NA,NA,NA,NA,NA,Other,0,2022
1390719036003164200,1,Other,No,NA,NA,NA,NA,NA,NA,NA,NA,Neutrality,The Tweet does not contain an authority reference,No,No,No,"Policies, prevention & societal and economic impact",No,NA,NA,NA,NA,NA,NA,None,NA,Other,0,2021
1319670611875082200,3,Other,No,NA,NA,NA,NA,NA,NA,NA,NA,Negativity,The Tweet does not contain an authority reference,No,No,No,"Policies, prevention & societal and economic impact",No,NA,NA,NA,NA,Individuals or communities,NA,NA,NA,Other,0,2020
1400779754421297200,4,Misinformation,No,NA,NA,NA,NA,NA,NA,NA,NA,Neutrality,The Tweet does not contain an authority reference,No,No,No,Severity of covid,No,NA,NA,NA,NA,NA,NA,None,NA,Misinformation,1,2021
124600533861845e4,3,Accurate information,No,NA,NA,NA,NA,NA,NA,NA,NA,Neutrality,The Tweet does not contain an authority reference,No,No,No,Symptoms or characteristics of covid,No,"Government, politicians and international organizations",NA,NA,NA,NA,NA,NA,NA,Other,0,2020
1358471847323590700,3,Other,No,NA,NA,NA,NA,NA,NA,NA,NA,Neutrality,The Tweet does not contain an authority reference,No,No,No,Vaccination,No,NA,NA,NA,NA,NA,NA,None,NA,Other,0,2021
1295307839129493500,3,Other,No,NA,NA,NA,NA,NA,NA,NA,NA,Neutrality,The Tweet does not contain an authority reference,No,No,No,"Policies, prevention & societal and economic impact",No,NA,NA,NA,NA,NA,NA,None,NA,Other,0,2020
1357996284565737500,1,Unable to classify,Yes,NA,NA,NA,NA,NA,NA,NA,Misinformation is not attributed to an actor,Neutrality,The Tweet does not contain an authority reference,No,No,No,"News, information and misinformation",No,NA,NA,NA,NA,NA,NA,None,NA,Other,0,2021
1324553969474150400,4,Other,No,NA,NA,NA,NA,NA,NA,NA,NA,Neutrality,The Tweet does not contain an authority reference,Yes,No,No,"News, information and misinformation",No,NA,NA,NA,NA,Individuals or communities,NA,NA,NA,Other,0,2020
148602655193011e4,1,Accurate information,No,NA,NA,NA,NA,NA,NA,NA,NA,Neutrality,The Tweet contains a specific authority reference,No,No,No,"Policies, prevention & societal and economic impact",No,NA,NA,NA,NA,NA,NA,NA,University or scientific organization,Other,0,2022
12510583486336e5,1,Other,No,NA,NA,NA,NA,NA,NA,NA,NA,Neutrality,The Tweet does not contain an authority reference,No,No,No,"Policies, prevention & societal and economic impact",No,NA,NA,NA,NA,NA,NA,None,NA,Other,0,2020
1311896750991474700,2,Accurate information,No,NA,NA,NA,NA,NA,NA,NA,NA,Neutrality,The Tweet does not contain an authority reference,No,No,No,Spread and detection,No,"Government, politicians and international organizations",NA,NA,NA,NA,NA,NA,NA,Other,0,2020
1437597580280610800,2,Misinformation,No,NA,NA,NA,NA,NA,NA,NA,NA,Neutrality,The Tweet does not contain an authority reference,No,No,No,Existence of covid,No,"Government, politicians and international organizations",NA,NA,NA,Individuals or communities,NA,NA,NA,Misinformation,1,2021
1355049297327362e3,1,Accurate information,Yes,NA,NA,NA,NA,NA,NA,NA,Misinformation is not attributed to an actor,Neutrality,The Tweet does not contain an authority reference,No,No,No,"News, information and misinformation",No,NA,NA,NA,NA,NA,NA,None,NA,Other,0,2021
1463455328197128200,2,Misinformation,No,NA,NA,NA,NA,NA,NA,NA,NA,Positivity,The Tweet contains a non-specific authority reference,No,No,No,Vaccination,No,NA,NA,NA,NA,NA,NA,None,NA,Misinformation,1,2021
1253199761110417400,1,Accurate information,No,NA,NA,NA,NA,NA,NA,NA,NA,Neutrality,The Tweet does not contain an authority reference,No,No,No,Spread and detection,No,NA,NA,NA,NA,Individuals or communities,NA,NA,NA,Other,0,2020
124817706887936e4,2,Misinformation,Yes,NA,NA,NA,NA,NA,NA,NA,Misinformation is not attributed to an actor,Negativity,The Tweet contains a specific authority reference,No,No,Yes,"Policies, prevention & societal and economic impact",Yes,NA,NA,NA,Other major non-governmental actors,NA,NA,NA,NA,Misinformation,1,2020
129612373634159e4,1,Other,No,NA,NA,NA,NA,NA,NA,NA,NA,Neutrality,The Tweet does not contain an authority reference,No,No,No,"Policies, prevention & societal and economic impact",No,NA,NA,NA,NA,NA,NA,None,NA,Other,0,2020
1344531875247911e3,2,Accurate information,No,NA,NA,NA,NA,NA,NA,NA,NA,Neutrality,The Tweet does not contain an authority reference,No,No,No,Vaccination,No,NA,Health services,NA,NA,NA,NA,NA,NA,Other,0,2020
1268795277026132e3,1,Misinformation,No,NA,NA,NA,NA,NA,NA,NA,NA,Neutrality,The Tweet contains a specific authority reference,No,No,No,Vaccination,No,"Government, politicians and international organizations",NA,NA,NA,Individuals or communities,NA,NA,NA,Misinformation,1,2020
1320033871623311400,4,Other,No,NA,NA,NA,NA,NA,NA,NA,NA,Neutrality,The Tweet does not contain an authority reference,No,No,No,Existence of covid,No,NA,NA,NA,NA,Individuals or communities,NA,NA,NA,Other,0,2020
1330218221019013e3,4,Other,No,NA,NA,NA,NA,NA,NA,NA,NA,Neutrality,The Tweet does not contain an authority reference,No,No,No,"News, information and misinformation",No,NA,Health services,NA,NA,NA,NA,NA,NA,Other,0,2020
1477559495173750800,1,Other,Yes,NA,NA,NA,NA,NA,NA,NA,Misinformation is not attributed to an actor,Neutrality,The Tweet does not contain an authority reference,No,No,No,"News, information and misinformation",No,NA,NA,NA,NA,NA,NA,None,NA,Other,0,2022
1.3750109649580319e+18,4,Other,Yes,NA,NA,NA,NA,NA,NA,Other actor,NA,Neutrality,The Tweet does not contain an authority reference,No,No,No,"News, information and misinformation",No,NA,NA,NA,NA,Individuals or communities,NA,NA,NA,Other,0,2021
1334856308051349500,1,Unable to classify,No,NA,NA,NA,NA,NA,NA,NA,NA,Neutrality,The Tweet does not contain an authority reference,No,No,Yes,"Policies, prevention & societal and economic impact",No,"Government, politicians and international organizations",NA,NA,Other major non-governmental actors,NA,NA,NA,NA,Other,0,2020
1247836351350755300,3,Accurate information,No,NA,NA,NA,NA,NA,NA,NA,NA,Neutrality,The Tweet does not contain an authority reference,No,No,No,Spread and detection,No,NA,NA,NA,NA,Individuals or communities,NA,NA,NA,Other,0,2020
1310659003970658300,3,Other,No,NA,NA,NA,NA,NA,NA,NA,NA,Neutrality,The Tweet does not contain an authority reference,No,No,No,Symptoms or characteristics of covid,No,NA,Health services,NA,NA,Individuals or communities,NA,NA,NA,Other,0,2020
1354833236938154e3,2,Accurate information,No,NA,NA,NA,NA,NA,NA,NA,NA,Neutrality,The Tweet does not contain an authority reference,No,No,No,Vaccination,No,NA,Health services,NA,NA,NA,NA,NA,NA,Other,0,2021
1487094884263682e3,1,Other,No,NA,NA,NA,NA,NA,NA,NA,NA,Negativity,The Tweet does not contain an authority reference,No,No,Yes,"Policies, prevention & societal and economic impact",No,"Government, politicians and international organizations",NA,NA,Other major non-governmental actors,NA,NA,NA,NA,Other,0,2022
1296769516253393e3,3,Accurate information,Yes,NA,NA,NA,NA,NA,NA,NA,Misinformation is not attributed to an actor,Neutrality,The Tweet does not contain an authority reference,No,No,No,"News, information and misinformation",No,NA,NA,Media,NA,Individuals or communities,NA,NA,NA,Other,0,2020
1384577626912743400,1,Unable to classify,No,NA,NA,NA,NA,NA,NA,NA,NA,Negativity,The Tweet does not contain an authority reference,No,No,No,Symptoms or characteristics of covid,No,NA,NA,NA,NA,Individuals or communities,NA,NA,NA,Other,0,2021
1249593173816610800,3,Other,No,NA,NA,NA,NA,NA,NA,NA,NA,Neutrality,The Tweet does not contain an authority reference,No,No,No,"Policies, prevention & societal and economic impact",No,NA,NA,NA,NA,NA,NA,None,NA,Other,0,2020
1447600017049636900,4,Accurate information,No,NA,NA,NA,NA,NA,NA,NA,NA,Neutrality,The Tweet contains a specific authority reference,No,No,No,"Remedies for cure, treatment and prevention",No,NA,NA,NA,NA,NA,NA,NA,University or scientific organization,Other,0,2021
1258012070227914800,1,Unable to classify,Yes,NA,NA,NA,NA,NA,NA,NA,Misinformation is not attributed to an actor,Positivity,The Tweet does not contain an authority reference,No,Yes,No,"News, information and misinformation",No,NA,NA,NA,NA,NA,NA,None,NA,Other,0,2020
1463477471236575200,1,Other,Yes,NA,NA,NA,NA,NA,NA,NA,Misinformation is not attributed to an actor,Neutrality,The Tweet does not contain an authority reference,No,No,Yes,"News, information and misinformation",No,NA,NA,NA,NA,NA,NA,None,NA,Other,0,2021
1342738089320525800,4,Accurate information,No,NA,NA,NA,NA,NA,NA,NA,NA,Neutrality,The Tweet does not contain an authority reference,No,No,No,"Policies, prevention & societal and economic impact",No,NA,NA,NA,Other major non-governmental actors,NA,NA,NA,NA,Other,0,2020
1329877412092514300,3,Accurate information,No,NA,NA,NA,NA,NA,NA,NA,NA,Neutrality,The Tweet does not contain an authority reference,No,No,No,Spread and detection,No,NA,NA,NA,NA,NA,NA,None,NA,Other,0,2020
1312093325462171600,4,Other,No,NA,NA,NA,NA,NA,NA,NA,NA,Neutrality,The Tweet does not contain an authority reference,No,No,No,"Remedies for cure, treatment and prevention",No,"Government, politicians and international organizations",NA,NA,NA,NA,NA,NA,NA,Other,0,2020
1312486110258368500,3,Uncheckable claim,Yes,NA,NA,NA,NA,NA,NA,Other actor,NA,Negativity,The Tweet does not contain an authority reference,No,Yes,No,"News, information and misinformation",No,NA,NA,Media,NA,Individuals or communities,NA,NA,NA,Other,0,2020
1243527626536431600,4,Accurate information,No,NA,NA,NA,NA,NA,NA,NA,NA,Neutrality,The Tweet does not contain an authority reference,No,No,No,Symptoms or characteristics of covid,No,"Government, politicians and international organizations",NA,NA,NA,NA,NA,NA,NA,Other,0,2020
1352502945070387200,1,Other,No,NA,NA,NA,NA,NA,NA,NA,NA,Mixed,The Tweet does not contain an authority reference,No,Yes,No,Vaccination,No,NA,NA,NA,NA,NA,NA,None,NA,Other,0,2021
1249988529096142800,1,Misinformation,No,NA,NA,NA,NA,NA,NA,NA,NA,Neutrality,The Tweet contains a non-specific authority reference,No,No,No,Other,No,NA,NA,NA,NA,NA,NA,None,NA,Misinformation,1,2020
1363823552793899e3,3,Misinformation,No,NA,NA,NA,NA,NA,NA,NA,NA,Negativity,The Tweet does not contain an authority reference,No,No,No,Vaccination,No,NA,NA,Media,NA,NA,NA,NA,NA,Misinformation,1,2021
1349801639767634e3,4,Other,No,NA,NA,NA,NA,NA,NA,NA,NA,Neutrality,The Tweet does not contain an authority reference,No,No,No,Symptoms or characteristics of covid,No,NA,NA,NA,NA,NA,NA,NA,University or scientific organization,Other,0,2021
1269644230101733400,1,Misinformation,No,NA,NA,NA,NA,NA,NA,NA,NA,Neutrality,The Tweet does not contain an authority reference,No,No,No,"Remedies for cure, treatment and prevention",No,NA,NA,NA,NA,NA,NA,None,NA,Misinformation,1,2020
1462194286070485e3,3,Misinformation,No,NA,NA,NA,NA,NA,NA,NA,NA,Positivity,The Tweet contains a non-specific authority reference,No,No,No,Vaccination,No,NA,Health services,NA,NA,Individuals or communities,NA,NA,NA,Misinformation,1,2021
1274304381723250700,2,Misinformation,No,NA,NA,NA,NA,NA,NA,NA,NA,Neutrality,The Tweet does not contain an authority reference,No,No,No,"Remedies for cure, treatment and prevention",No,NA,NA,NA,NA,NA,NA,None,NA,Misinformation,1,2020
1465953350437027800,1,Other,Yes,NA,NA,"A foreign politician, foreign government, international leader or international organization",NA,NA,NA,NA,NA,Mixed,The Tweet contains a specific authority reference,No,No,No,"News, information and misinformation",No,"Government, politicians and international organizations",NA,Media,NA,NA,NA,NA,NA,Other,0,2021
1279785446323761200,1,Unable to classify,No,NA,NA,NA,NA,NA,NA,NA,NA,Negativity,The Tweet does not contain an authority reference,No,No,No,"Policies, prevention & societal and economic impact",No,"Government, politicians and international organizations",NA,NA,NA,Individuals or communities,NA,NA,NA,Other,0,2020
1321464280953376800,1,Accurate information,No,NA,NA,NA,NA,NA,NA,NA,NA,Neutrality,The Tweet does not contain an authority reference,No,No,No,"Remedies for cure, treatment and prevention",No,NA,NA,NA,NA,NA,NA,None,NA,Other,0,2020
1246794339533172700,4,Accurate information,Yes,NA,NA,"A foreign politician, foreign government, international leader or international organization",NA,NA,NA,NA,NA,Neutrality,The Tweet does not contain an authority reference,No,No,No,"News, information and misinformation",No,"Government, politicians and international organizations",NA,NA,NA,NA,NA,NA,NA,Other,0,2020
1295773463941128200,2,Other,No,NA,NA,NA,NA,NA,NA,NA,NA,Neutrality,The Tweet does not contain an authority reference,No,No,No,"Policies, prevention & societal and economic impact",No,NA,NA,NA,NA,NA,NA,None,NA,Other,0,2020
1416642719766794200,4,Accurate information,Yes,NA,NA,NA,NA,NA,"An opinion leader or individual who is not a journalist, and not a part of a government, parliament, or a political party",NA,NA,Neutrality,The Tweet contains a specific authority reference,No,No,No,"News, information and misinformation",Yes,"Government, politicians and international organizations",NA,NA,Other major non-governmental actors,Individuals or communities,NA,NA,NA,Other,0,2021
1325041187493994500,3,Other,No,NA,NA,NA,NA,NA,NA,NA,NA,Neutrality,The Tweet does not contain an authority reference,No,No,No,"Policies, prevention & societal and economic impact",No,"Government, politicians and international organizations",NA,NA,NA,NA,NA,NA,NA,Other,0,2020
1328962044968702e3,4,Accurate information,No,NA,NA,NA,NA,NA,NA,NA,NA,Positivity,The Tweet does not contain an authority reference,No,No,No,"Policies, prevention & societal and economic impact",No,NA,NA,NA,Other major non-governmental actors,NA,NA,NA,NA,Other,0,2020
1268796942873694200,3,Accurate information,No,NA,NA,NA,NA,NA,NA,NA,NA,Neutrality,The Tweet does not contain an authority reference,No,No,No,Spread and detection,No,NA,NA,NA,Other major non-governmental actors,Individuals or communities,NA,NA,NA,Other,0,2020
1317480369839550500,4,Accurate information,No,NA,NA,NA,NA,NA,NA,NA,NA,Neutrality,The Tweet does not contain an authority reference,No,No,No,Vaccination,No,NA,NA,NA,NA,NA,NA,None,NA,Other,0,2020
1485877202063442e3,4,Misinformation,No,NA,NA,NA,NA,NA,NA,NA,NA,Neutrality,The Tweet does not contain an authority reference,No,No,No,Existence of covid,Yes,"Government, politicians and international organizations",NA,NA,NA,Individuals or communities,NA,NA,NA,Misinformation,1,2022
124635027203883e4,1,Unable to classify,No,NA,NA,NA,NA,NA,NA,NA,NA,Neutrality,The Tweet does not contain an authority reference,No,No,Yes,Origin of covid,Yes,NA,NA,NA,NA,NA,NA,None,NA,Other,0,2020
1438390076107546600,3,Misinformation,No,NA,NA,NA,NA,NA,NA,NA,NA,Neutrality,The Tweet does not contain an authority reference,No,No,No,Spread and detection,No,NA,NA,NA,NA,NA,NA,None,NA,Misinformation,1,2021
1412060427580850200,4,Accurate information,No,NA,NA,NA,NA,NA,NA,NA,NA,Neutrality,The Tweet does not contain an authority reference,No,No,No,Severity of covid,No,"Government, politicians and international organizations",NA,NA,NA,Individuals or communities,NA,NA,NA,Other,0,2021
1430888832224747500,4,Accurate information,Yes,NA,NA,NA,NA,NA,NA,NA,Misinformation is not attributed to an actor,Neutrality,The Tweet does not contain an authority reference,No,No,No,"News, information and misinformation",No,NA,NA,NA,NA,Individuals or communities,NA,NA,NA,Other,0,2021
1419929633546510300,2,Accurate information,No,NA,NA,NA,NA,NA,NA,NA,NA,Neutrality,The Tweet does not contain an authority reference,No,No,No,"Policies, prevention & societal and economic impact",No,NA,NA,NA,NA,Individuals or communities,NA,NA,NA,Other,0,2021
1264131431850225700,3,Accurate information,No,NA,NA,NA,NA,NA,NA,NA,NA,Neutrality,The Tweet does not contain an authority reference,No,No,No,Spread and detection,No,NA,NA,NA,NA,Individuals or communities,NA,NA,NA,Other,0,2020
1451886904589312e3,2,Uncheckable claim,No,NA,NA,NA,NA,NA,NA,NA,NA,Positivity,The Tweet does not contain an authority reference,No,No,No,"Policies, prevention & societal and economic impact",No,NA,NA,NA,Other major non-governmental actors,NA,NA,NA,NA,Other,0,2021
1301592899986038800,3,Accurate information,No,NA,NA,NA,NA,NA,NA,NA,NA,Neutrality,The Tweet contains a specific authority reference,No,No,No,Symptoms or characteristics of covid,No,"Government, politicians and international organizations",NA,NA,NA,Individuals or communities,NA,NA,NA,Other,0,2020
1311582668367126500,1,Other,No,NA,NA,NA,NA,NA,NA,NA,NA,Negativity,The Tweet does not contain an authority reference,Yes,No,No,"News, information and misinformation",No,NA,NA,Media,NA,NA,NA,NA,NA,Other,0,2020
1397851321043128300,2,Uncheckable claim,No,NA,NA,NA,NA,NA,NA,NA,NA,Neutrality,The Tweet contains a specific authority reference,No,No,No,"Policies, prevention & societal and economic impact",No,NA,NA,NA,Other major non-governmental actors,NA,NA,NA,NA,Other,0,2021
1426876508203888600,3,Misinformation,No,NA,NA,NA,NA,NA,NA,NA,NA,Negativity,The Tweet does not contain an authority reference,Yes,No,No,Spread and detection,No,NA,NA,NA,NA,NA,NA,None,NA,Misinformation,1,2021
1422179082465329200,1,Accurate information,No,NA,NA,NA,NA,NA,NA,NA,NA,Neutrality,The Tweet does not contain an authority reference,No,No,No,"Policies, prevention & societal and economic impact",No,NA,NA,NA,NA,Individuals or communities,NA,NA,NA,Other,0,2021
1358792439608262700,2,Misinformation,No,NA,NA,NA,NA,NA,NA,NA,NA,Positivity,The Tweet does not contain an authority reference,No,No,No,Existence of covid,Yes,NA,NA,NA,NA,NA,NA,None,NA,Misinformation,1,2021
1477595482981638100,2,Accurate information,Yes,NA,NA,NA,NA,NA,NA,NA,Misinformation is not attributed to an actor,Neutrality,The Tweet does not contain an authority reference,No,No,No,"News, information and misinformation",No,NA,NA,NA,NA,NA,NA,None,NA,Other,0,2022
1438773411719880700,4,Other,No,NA,NA,NA,NA,NA,NA,NA,NA,Neutrality,The Tweet does not contain an authority reference,No,No,No,Spread and detection,No,NA,NA,NA,NA,NA,NA,None,NA,Other,0,2021
1355102135843778600,2,Misinformation,No,NA,NA,NA,NA,NA,NA,NA,NA,Neutrality,The Tweet does not contain an authority reference,No,No,No,Symptoms or characteristics of covid,No,NA,NA,NA,NA,Individuals or communities,NA,NA,NA,Misinformation,1,2021
1255655139840581600,1,Other,Yes,NA,NA,NA,NA,NA,NA,Other actor,NA,Negativity,The Tweet does not contain an authority reference,No,No,No,"News, information and misinformation",No,"Government, politicians and international organizations",NA,NA,Other major non-governmental actors,NA,NA,NA,NA,Other,0,2020
1306861705234968600,3,Misinformation,No,NA,NA,NA,NA,NA,NA,NA,NA,Neutrality,The Tweet does not contain an authority reference,No,No,No,"Policies, prevention & societal and economic impact",No,"Government, politicians and international organizations",NA,NA,NA,NA,NA,NA,NA,Misinformation,1,2020
1245437382700261400,1,Accurate information,No,NA,NA,NA,NA,NA,NA,NA,NA,Neutrality,The Tweet does not contain an authority reference,No,No,No,"Remedies for cure, treatment and prevention",No,NA,NA,NA,NA,Individuals or communities,NA,NA,NA,Other,0,2020
1239914507700441e3,4,Misinformation,No,NA,NA,NA,NA,NA,NA,NA,NA,Neutrality,The Tweet does not contain an authority reference,Yes,No,No,Vaccination,No,NA,NA,NA,NA,Individuals or communities,NA,NA,University or scientific organization,Misinformation,1,2020
1308484608858697700,2,Other,No,NA,NA,NA,NA,NA,NA,NA,NA,Neutrality,The Tweet does not contain an authority reference,No,No,No,Spread and detection,No,NA,NA,NA,NA,NA,NA,None,NA,Other,0,2020
1314269593976922e3,4,Other,No,NA,NA,NA,NA,NA,NA,NA,NA,Neutrality,The Tweet does not contain an authority reference,No,No,No,"Policies, prevention & societal and economic impact",No,NA,NA,NA,NA,NA,NA,None,NA,Other,0,2020
1441159515135635500,4,Misinformation,No,NA,NA,NA,NA,NA,NA,NA,NA,Neutrality,The Tweet does not contain an authority reference,No,No,No,Vaccination,No,NA,NA,NA,NA,NA,NA,None,NA,Misinformation,1,2021
1475962385148039200,2,Accurate information,No,NA,NA,NA,NA,NA,NA,NA,NA,Neutrality,The Tweet contains a specific authority reference,No,No,No,Symptoms or characteristics of covid,No,NA,Health services,NA,NA,NA,NA,NA,NA,Other,0,2021
1326144079575605200,2,Other,No,NA,NA,NA,NA,NA,NA,NA,NA,Neutrality,The Tweet does not contain an authority reference,No,No,No,Vaccination,No,NA,NA,NA,NA,NA,NA,None,NA,Other,0,2020
1270291592767844400,2,Accurate information,No,NA,NA,NA,NA,NA,NA,NA,NA,Neutrality,The Tweet does not contain an authority reference,No,No,No,Spread and detection,No,"Government, politicians and international organizations",NA,NA,NA,Individuals or communities,NA,NA,NA,Other,0,2020
1308788795526074400,4,Other,No,NA,NA,NA,NA,NA,NA,NA,NA,Neutrality,The Tweet does not contain an authority reference,No,No,No,"Policies, prevention & societal and economic impact",No,NA,NA,NA,Other major non-governmental actors,Individuals or communities,NA,NA,NA,Other,0,2020
1321166637781946400,1,Uncheckable claim,No,NA,NA,NA,NA,NA,NA,NA,NA,Negativity,The Tweet does not contain an authority reference,No,No,No,Symptoms or characteristics of covid,No,NA,NA,NA,NA,NA,NA,None,NA,Other,0,2020
1376821806376566800,4,Other,No,NA,NA,NA,NA,NA,NA,NA,NA,Neutrality,The Tweet does not contain an authority reference,No,No,No,Spread and detection,No,NA,NA,NA,NA,NA,NA,None,NA,Other,0,2021
1422012621486805e3,3,Misinformation,No,NA,NA,NA,NA,NA,NA,NA,NA,Neutrality,The Tweet contains a non-specific authority reference,No,No,No,Vaccination,No,NA,NA,NA,NA,NA,NA,None,NA,Misinformation,1,2021
1411310820965994500,4,Misinformation,No,NA,NA,NA,NA,NA,NA,NA,NA,Neutrality,The Tweet does not contain an authority reference,No,No,No,Vaccination,No,NA,NA,NA,NA,Individuals or communities,NA,NA,NA,Misinformation,1,2021
1242524892416938e3,2,Accurate information,No,NA,NA,NA,NA,NA,NA,NA,NA,Neutrality,The Tweet does not contain an authority reference,No,No,No,"Policies, prevention & societal and economic impact",No,NA,NA,NA,NA,Individuals or communities,NA,NA,NA,Other,0,2020
1351477717510795300,3,Misinformation,Yes,NA,NA,NA,NA,NA,NA,NA,Misinformation is not attributed to an actor,Negativity,The Tweet does not contain an authority reference,No,No,No,"News, information and misinformation",No,NA,NA,NA,NA,NA,NA,None,NA,Misinformation,1,2021
1.2913084088434401e+18,3,Uncheckable claim,No,NA,NA,NA,NA,NA,NA,NA,NA,Positivity,The Tweet does not contain an authority reference,No,No,No,Symptoms or characteristics of covid,No,NA,NA,NA,Other major non-governmental actors,NA,NA,NA,NA,Other,0,2020
1480449254015516700,3,Accurate information,No,NA,NA,NA,NA,NA,NA,NA,NA,Positivity,The Tweet does not contain an authority reference,No,No,No,Spread and detection,No,"Government, politicians and international organizations",NA,NA,NA,NA,NA,NA,NA,Other,0,2022
1318654465298337800,1,Misinformation,No,NA,NA,NA,NA,NA,NA,NA,NA,Mixed,The Tweet does not contain an authority reference,No,No,No,Existence of covid,Yes,NA,Health services,NA,NA,Individuals or communities,NA,NA,NA,Misinformation,1,2020
1239521564070207500,1,Uncheckable claim,No,NA,NA,NA,NA,NA,NA,NA,NA,Neutrality,The Tweet does not contain an authority reference,No,No,No,Existence of covid,No,NA,NA,NA,NA,NA,NA,None,NA,Other,0,2020
1443632104714211300,2,Uncheckable claim,No,NA,NA,NA,NA,NA,NA,NA,NA,Neutrality,The Tweet does not contain an authority reference,No,No,No,"Policies, prevention & societal and economic impact",No,NA,NA,NA,NA,Individuals or communities,NA,NA,NA,Other,0,2021
1314187349417488400,2,Accurate information,No,NA,NA,NA,NA,NA,NA,NA,NA,Neutrality,The Tweet does not contain an authority reference,No,No,No,Spread and detection,No,NA,NA,NA,Other major non-governmental actors,NA,NA,NA,NA,Other,0,2020
1478760079843369e3,4,Misinformation,No,NA,NA,NA,NA,NA,NA,NA,NA,Neutrality,The Tweet does not contain an authority reference,No,No,No,Spread and detection,No,NA,NA,NA,NA,NA,NA,None,NA,Misinformation,1,2022
1460580597567565800,4,Other,No,NA,NA,NA,NA,NA,NA,NA,NA,Neutrality,The Tweet does not contain an authority reference,No,No,No,"Policies, prevention & societal and economic impact",No,NA,NA,NA,NA,Individuals or communities,NA,NA,NA,Other,0,2021
1340209440990093300,1,Misinformation,No,NA,NA,NA,NA,NA,NA,NA,NA,Neutrality,The Tweet does not contain an authority reference,No,No,No,Existence of covid,Yes,"Government, politicians and international organizations",NA,NA,NA,Individuals or communities,NA,NA,NA,Misinformation,1,2020
1446873817226305500,2,Misinformation,No,NA,NA,NA,NA,NA,NA,NA,NA,Neutrality,The Tweet does not contain an authority reference,No,No,No,"Policies, prevention & societal and economic impact",No,NA,NA,NA,NA,NA,NA,None,NA,Misinformation,1,2021
1241310804479279e3,1,Other,No,NA,NA,NA,NA,NA,NA,NA,NA,Neutrality,The Tweet does not contain an authority reference,No,No,No,"Remedies for cure, treatment and prevention",No,NA,NA,NA,NA,NA,NA,None,NA,Other,0,2020
1427594154713010200,2,Other,Yes,NA,NA,NA,NA,NA,NA,NA,Misinformation is not attributed to an actor,Neutrality,The Tweet does not contain an authority reference,No,No,No,"News, information and misinformation",No,NA,NA,NA,NA,NA,NA,None,NA,Other,0,2021
1298378644218404900,4,Uncheckable claim,Yes,NA,NA,NA,NA,NA,NA,Other actor,NA,Neutrality,The Tweet does not contain an authority reference,No,No,No,"News, information and misinformation",No,NA,NA,NA,NA,NA,NA,None,NA,Other,0,2020
1452895191598252e3,1,Unable to classify,Yes,NA,NA,NA,NA,NA,"An opinion leader or individual who is not a journalist, and not a part of a government, parliament, or a political party",NA,NA,Negativity,The Tweet does not contain an authority reference,Yes,Yes,No,"News, information and misinformation",No,NA,NA,NA,NA,Individuals or communities,NA,NA,NA,Other,0,2021
1483833235712979e3,1,Accurate information,No,NA,NA,NA,NA,NA,NA,NA,NA,Neutrality,The Tweet does not contain an authority reference,No,No,No,Symptoms or characteristics of covid,No,NA,NA,NA,NA,NA,NA,None,NA,Other,0,2022
1255537214265622500,1,Accurate information,Yes,NA,NA,NA,NA,An alternative media outlet or journalist working in alternative media,NA,NA,NA,Negativity,The Tweet does not contain an authority reference,No,No,Yes,"News, information and misinformation",No,NA,NA,Media,NA,NA,NA,NA,NA,Other,0,2020
1352347624821706800,1,Uncheckable claim,No,NA,NA,NA,NA,NA,NA,NA,NA,Neutrality,The Tweet does not contain an authority reference,No,No,No,Spread and detection,No,NA,NA,NA,NA,NA,NA,None,NA,Other,0,2021
1463813015417938e3,3,Other,No,NA,NA,NA,NA,NA,NA,NA,NA,Neutrality,The Tweet does not contain an authority reference,No,No,No,Spread and detection,No,NA,NA,NA,NA,Individuals or communities,NA,NA,NA,Other,0,2021
1441716124610179e3,4,Other,Yes,NA,NA,NA,NA,NA,NA,NA,Misinformation is not attributed to an actor,Neutrality,The Tweet does not contain an authority reference,No,Yes,No,"News, information and misinformation",No,NA,NA,NA,NA,NA,NA,None,NA,Other,0,2021
1297464991600324600,2,Other,No,NA,NA,NA,NA,NA,NA,NA,NA,Neutrality,The Tweet does not contain an authority reference,No,No,No,Symptoms or characteristics of covid,No,NA,NA,NA,NA,NA,NA,None,NA,Other,0,2020
1240707107818700800,1,Accurate information,No,NA,NA,NA,NA,NA,NA,NA,NA,Neutrality,The Tweet does not contain an authority reference,No,No,No,Vaccination,No,NA,Health services,NA,NA,NA,NA,NA,NA,Other,0,2020
1321389791661887500,1,Other,No,NA,NA,NA,NA,NA,NA,NA,NA,Positivity,The Tweet does not contain an authority reference,No,No,No,"Remedies for cure, treatment and prevention",No,NA,NA,NA,NA,NA,NA,None,NA,Other,0,2020
1331943996466323500,2,Other,No,NA,NA,NA,NA,NA,NA,NA,NA,Neutrality,The Tweet does not contain an authority reference,No,No,No,"Policies, prevention & societal and economic impact",No,"Government, politicians and international organizations",NA,NA,NA,NA,NA,NA,NA,Other,0,2020
1329083245397299200,2,Misinformation,No,NA,NA,NA,NA,NA,NA,NA,NA,Negativity,The Tweet contains a specific authority reference,No,No,Yes,Vaccination,No,NA,NA,NA,NA,NA,NA,NA,University or scientific organization,Misinformation,1,2020
1301974814807208e3,3,Accurate information,No,NA,NA,NA,NA,NA,NA,NA,NA,Positivity,The Tweet does not contain an authority reference,No,No,No,Spread and detection,No,NA,NA,NA,NA,Individuals or communities,NA,NA,University or scientific organization,Other,0,2020
1291043980319363e3,3,Misinformation,Yes,NA,NA,NA,A mainstream media outlet or journalist working in the mainstream media,NA,NA,NA,NA,Negativity,The Tweet does not contain an authority reference,No,No,No,Severity of covid,No,NA,NA,NA,NA,Individuals or communities,NA,NA,NA,Misinformation,1,2020
1333396983567036400,3,Misinformation,No,NA,NA,NA,NA,NA,NA,NA,NA,Negativity,The Tweet does not contain an authority reference,No,No,No,Spread and detection,No,"Government, politicians and international organizations",NA,NA,NA,NA,NA,NA,University or scientific organization,Misinformation,1,2020
1321120781384953900,2,Other,No,NA,NA,NA,NA,NA,NA,NA,NA,Neutrality,The Tweet does not contain an authority reference,No,No,No,"Policies, prevention & societal and economic impact",No,NA,NA,NA,NA,NA,NA,None,NA,Other,0,2020
1296750886392340500,4,Accurate information,Yes,NA,NA,NA,A mainstream media outlet or journalist working in the mainstream media,NA,NA,NA,NA,Neutrality,The Tweet contains a specific authority reference,Yes,No,No,"News, information and misinformation",No,NA,NA,Media,NA,Individuals or communities,NA,NA,NA,Other,0,2020
1314899381708034e3,1,Other,No,NA,NA,NA,NA,NA,NA,NA,NA,Neutrality,The Tweet does not contain an authority reference,No,No,No,"Policies, prevention & societal and economic impact",No,NA,NA,NA,NA,NA,NA,None,NA,Other,0,2020
1240246409569472500,2,Accurate information,Yes,NA,NA,NA,NA,NA,NA,NA,Misinformation is not attributed to an actor,Neutrality,The Tweet does not contain an authority reference,No,No,No,"Policies, prevention & societal and economic impact",No,NA,NA,NA,NA,NA,NA,None,NA,Other,0,2020
1353285820124377e3,2,Other,No,NA,NA,NA,NA,NA,NA,NA,NA,Neutrality,The Tweet does not contain an authority reference,No,No,No,"Policies, prevention & societal and economic impact",No,NA,NA,NA,NA,NA,NA,None,NA,Other,0,2021
1286314874537156600,3,Other,No,NA,NA,NA,NA,NA,NA,NA,NA,Neutrality,The Tweet does not contain an authority reference,No,No,No,"Policies, prevention & societal and economic impact",No,NA,NA,NA,NA,NA,NA,None,NA,Other,0,2020
1252908587757813800,4,Accurate information,Yes,NA,NA,NA,NA,NA,NA,NA,Misinformation is not attributed to an actor,Neutrality,The Tweet does not contain an authority reference,No,No,No,"News, information and misinformation",No,"Government, politicians and international organizations",NA,NA,NA,Individuals or communities,NA,NA,NA,Other,0,2020
1314535565963014100,4,Other,No,NA,NA,NA,NA,NA,NA,NA,NA,Neutrality,The Tweet does not contain an authority reference,No,No,No,"Policies, prevention & societal and economic impact",No,NA,NA,NA,NA,NA,NA,None,NA,Other,0,2020
1470820281820360700,3,Accurate information,No,NA,NA,NA,NA,NA,NA,NA,NA,Neutrality,The Tweet does not contain an authority reference,No,No,No,Vaccination,No,"Government, politicians and international organizations",NA,NA,NA,Individuals or communities,NA,NA,NA,Other,0,2021
1245423152613789700,2,Other,No,NA,NA,NA,NA,NA,NA,NA,NA,Negativity,The Tweet does not contain an authority reference,No,No,No,"Policies, prevention & societal and economic impact",No,NA,NA,NA,NA,Individuals or communities,NA,NA,NA,Other,0,2020
1309877374255853600,1,Accurate information,No,NA,NA,NA,NA,NA,NA,NA,NA,Negativity,The Tweet does not contain an authority reference,No,Yes,No,Symptoms or characteristics of covid,No,NA,NA,NA,NA,NA,NA,None,NA,Other,0,2020
1256210010029166600,2,Accurate information,No,NA,NA,NA,NA,NA,NA,NA,NA,Positivity,The Tweet does not contain an authority reference,No,No,No,"Policies, prevention & societal and economic impact",No,NA,NA,Media,Other major non-governmental actors,NA,NA,NA,NA,Other,0,2020
1477522790727233500,1,Other,Yes,NA,NA,NA,NA,NA,NA,NA,Misinformation is not attributed to an actor,Neutrality,The Tweet does not contain an authority reference,No,No,No,"News, information and misinformation",No,NA,NA,NA,NA,NA,NA,None,NA,Other,0,2022
1443140941729222700,2,Uncheckable claim,No,NA,NA,NA,NA,NA,NA,NA,NA,Positivity,The Tweet does not contain an authority reference,No,No,No,Spread and detection,No,NA,NA,NA,Other major non-governmental actors,NA,NA,NA,NA,Other,0,2021
1302181319473008600,2,Uncheckable claim,No,NA,NA,NA,NA,NA,NA,NA,NA,Mixed,The Tweet does not contain an authority reference,No,No,No,Symptoms or characteristics of covid,No,NA,NA,NA,NA,NA,NA,None,NA,Other,0,2020
1256991009751384e3,4,Misinformation,No,NA,NA,NA,NA,NA,NA,NA,NA,Neutrality,The Tweet contains a non-specific authority reference,No,No,No,Existence of covid,Yes,NA,NA,Media,NA,NA,NA,NA,NA,Misinformation,1,2020
1287453435693084700,3,Other,No,NA,NA,NA,NA,NA,NA,NA,NA,Neutrality,The Tweet does not contain an authority reference,No,No,No,"Policies, prevention & societal and economic impact",No,NA,NA,NA,NA,NA,NA,None,NA,Other,0,2020
1455297876796579800,3,Misinformation,No,NA,NA,NA,NA,NA,NA,NA,NA,Neutrality,The Tweet does not contain an authority reference,No,No,No,Severity of covid,No,"Government, politicians and international organizations",NA,Media,NA,Individuals or communities,NA,NA,NA,Misinformation,1,2021
1311024492207050800,1,Accurate information,No,NA,NA,NA,NA,NA,NA,NA,NA,Neutrality,The Tweet does not contain an authority reference,No,No,No,Vaccination,No,NA,Health services,NA,NA,NA,NA,NA,NA,Other,0,2020
1248959163163697200,4,Other,No,NA,NA,NA,NA,NA,NA,NA,NA,Neutrality,The Tweet does not contain an authority reference,No,No,No,"Policies, prevention & societal and economic impact",No,NA,NA,NA,NA,NA,NA,None,NA,Other,0,2020
1255611954229645300,3,Accurate information,Yes,NA,NA,NA,NA,NA,NA,NA,Misinformation is not attributed to an actor,Neutrality,The Tweet does not contain an authority reference,No,No,No,"News, information and misinformation",No,NA,NA,NA,Other major non-governmental actors,NA,NA,NA,NA,Other,0,2020
1239548971313479700,1,Accurate information,No,NA,NA,NA,NA,NA,NA,NA,NA,Neutrality,The Tweet does not contain an authority reference,No,No,No,Spread and detection,No,NA,Health services,NA,NA,Individuals or communities,NA,NA,NA,Other,0,2020
1374023825457868800,1,Misinformation,No,NA,NA,NA,NA,NA,NA,NA,NA,Neutrality,The Tweet does not contain an authority reference,Yes,No,No,Existence of covid,Yes,"Government, politicians and international organizations",NA,NA,NA,Individuals or communities,NA,NA,NA,Misinformation,1,2021
1385639494490206200,2,Misinformation,Yes,NA,"The Dutch government, cabinet, a member of the Dutch cabinet or civil servant",NA,NA,NA,NA,NA,NA,Negativity,The Tweet does not contain an authority reference,No,No,No,"News, information and misinformation",No,"Government, politicians and international organizations",NA,NA,NA,NA,NA,NA,NA,Misinformation,1,2021
1320289382318878700,2,Other,No,NA,NA,NA,NA,NA,NA,NA,NA,Neutrality,The Tweet does not contain an authority reference,No,No,No,Existence of covid,No,NA,NA,NA,NA,Individuals or communities,NA,NA,NA,Other,0,2020
1291998301278154800,1,Other,No,NA,NA,NA,NA,NA,NA,NA,NA,Positivity,The Tweet does not contain an authority reference,No,No,No,Spread and detection,No,NA,NA,NA,NA,NA,NA,None,NA,Other,0,2020
1270748749363654700,2,Accurate information,Yes,NA,NA,"A foreign politician, foreign government, international leader or international organization",NA,NA,NA,NA,NA,Neutrality,The Tweet does not contain an authority reference,No,No,No,"News, information and misinformation",No,"Government, politicians and international organizations",NA,NA,NA,NA,NA,NA,NA,Other,0,2020
1313442992791982e3,4,Accurate information,Yes,NA,NA,NA,NA,NA,NA,NA,Misinformation is not attributed to an actor,Neutrality,The Tweet does not contain an authority reference,No,No,No,"News, information and misinformation",No,"Government, politicians and international organizations",NA,NA,NA,NA,NA,NA,NA,Other,0,2020
1243928009213726700,2,Misinformation,No,NA,NA,NA,NA,NA,NA,NA,NA,Neutrality,The Tweet contains a non-specific authority reference,No,No,No,"Remedies for cure, treatment and prevention",No,NA,Health services,NA,NA,NA,NA,NA,NA,Misinformation,1,2020
1458816500521971700,2,Misinformation,Yes,NA,NA,NA,A mainstream media outlet or journalist working in the mainstream media,NA,NA,NA,NA,Negativity,The Tweet does not contain an authority reference,No,No,Yes,"News, information and misinformation",No,"Government, politicians and international organizations",NA,Media,NA,NA,NA,NA,NA,Misinformation,1,2021
1253035054193954800,4,Misinformation,Yes,NA,NA,NA,A mainstream media outlet or journalist working in the mainstream media,NA,NA,NA,NA,Neutrality,The Tweet does not contain an authority reference,No,No,No,"News, information and misinformation",No,NA,NA,Media,NA,NA,NA,NA,NA,Misinformation,1,2020
1450169988069867500,4,Accurate information,No,NA,NA,NA,NA,NA,NA,NA,NA,Neutrality,The Tweet contains a non-specific authority reference,No,No,No,"Remedies for cure, treatment and prevention",No,NA,NA,NA,NA,Individuals or communities,NA,NA,NA,Other,0,2021
1239649363821027300,4,Other,No,NA,NA,NA,NA,NA,NA,NA,NA,Neutrality,The Tweet does not contain an authority reference,No,No,No,Symptoms or characteristics of covid,No,NA,NA,NA,NA,NA,NA,None,NA,Other,0,2020
1353676297810174e3,1,Uncheckable claim,No,NA,NA,NA,NA,NA,NA,NA,NA,Negativity,The Tweet does not contain an authority reference,No,No,No,"Policies, prevention & societal and economic impact",No,"Government, politicians and international organizations",NA,NA,NA,NA,NA,NA,NA,Other,0,2021
1316063080510611500,4,Accurate information,No,NA,NA,NA,NA,NA,NA,NA,NA,Neutrality,The Tweet does not contain an authority reference,No,No,No,"Policies, prevention & societal and economic impact",No,"Government, politicians and international organizations",NA,NA,NA,NA,NA,NA,NA,Other,0,2020
1242772919924732e3,1,Accurate information,No,NA,NA,NA,NA,NA,NA,NA,NA,Positivity,The Tweet does not contain an authority reference,No,Yes,No,Spread and detection,No,"Government, politicians and international organizations",NA,NA,NA,NA,NA,NA,NA,Other,0,2020
1250848002928971800,1,Accurate information,No,NA,NA,NA,NA,NA,NA,NA,NA,Neutrality,The Tweet does not contain an authority reference,No,No,No,Spread and detection,No,NA,NA,Media,Other major non-governmental actors,NA,NA,NA,NA,Other,0,2020
1398233781375586300,2,Accurate information,No,NA,NA,NA,NA,NA,NA,NA,NA,Neutrality,The Tweet does not contain an authority reference,No,No,No,"Policies, prevention & societal and economic impact",No,NA,NA,NA,Other major non-governmental actors,NA,NA,NA,NA,Other,0,2021
1421451663978676200,1,Accurate information,No,NA,NA,NA,NA,NA,NA,NA,NA,Neutrality,The Tweet does not contain an authority reference,No,No,No,"Remedies for cure, treatment and prevention",No,NA,NA,NA,NA,NA,NA,None,NA,Other,0,2021
1362873146433560600,3,Other,Yes,NA,NA,NA,NA,NA,NA,NA,Misinformation is not attributed to an actor,Neutrality,The Tweet does not contain an authority reference,No,No,No,"News, information and misinformation",No,NA,NA,NA,NA,NA,NA,None,NA,Other,0,2021
1336959329979785200,4,Misinformation,No,NA,NA,NA,NA,NA,NA,NA,NA,Neutrality,The Tweet contains a specific authority reference,No,No,No,Symptoms or characteristics of covid,No,NA,Health services,NA,NA,Individuals or communities,NA,NA,NA,Misinformation,1,2020
1279339200731635700,3,Other,No,NA,NA,NA,NA,NA,NA,NA,NA,Neutrality,The Tweet does not contain an authority reference,No,No,No,Severity of covid,No,NA,NA,NA,NA,NA,NA,None,NA,Other,0,2020
1462916690447e6,2,Accurate information,No,NA,NA,NA,NA,NA,NA,NA,NA,Neutrality,The Tweet does not contain an authority reference,No,No,No,Spread and detection,No,"Government, politicians and international organizations",NA,NA,NA,NA,NA,NA,NA,Other,0,2021
1305847230834901e3,4,Accurate information,No,NA,NA,NA,NA,NA,NA,NA,NA,Neutrality,The Tweet does not contain an authority reference,No,No,No,"Policies, prevention & societal and economic impact",No,NA,NA,NA,NA,NA,NA,None,NA,Other,0,2020
1315720745012654e3,1,Unable to classify,Yes,NA,NA,NA,NA,NA,NA,NA,Misinformation is not attributed to an actor,Neutrality,The Tweet does not contain an authority reference,No,No,No,"News, information and misinformation",No,NA,NA,NA,NA,Individuals or communities,NA,NA,NA,Other,0,2020
1362737528118345700,2,Misinformation,Yes,NA,NA,NA,NA,NA,NA,NA,Misinformation is not attributed to an actor,Neutrality,The Tweet does not contain an authority reference,No,No,No,"News, information and misinformation",No,NA,NA,NA,NA,NA,NA,None,NA,Misinformation,1,2021
1253251266299465700,3,Uncheckable claim,No,NA,NA,NA,NA,NA,NA,NA,NA,Neutrality,The Tweet does not contain an authority reference,Yes,No,No,"Policies, prevention & societal and economic impact",No,NA,NA,NA,NA,NA,Other,NA,NA,Other,0,2020
1387012807154151400,1,Misinformation,No,NA,NA,NA,NA,NA,NA,NA,NA,Neutrality,The Tweet contains a specific authority reference,No,No,No,"Policies, prevention & societal and economic impact",No,"Government, politicians and international organizations",Health services,NA,NA,Individuals or communities,NA,NA,NA,Misinformation,1,2021
1318862471118098400,1,Other,No,NA,NA,NA,NA,NA,NA,NA,NA,Neutrality,The Tweet does not contain an authority reference,No,No,No,Other,No,NA,NA,NA,NA,NA,NA,None,NA,Other,0,2020
1405775093091901400,1,Accurate information,No,NA,NA,NA,NA,NA,NA,NA,NA,Neutrality,The Tweet contains a non-specific authority reference,No,No,No,"Remedies for cure, treatment and prevention",No,NA,Health services,NA,NA,NA,NA,NA,NA,Other,0,2021
1393526526545645600,3,Misinformation,No,NA,NA,NA,NA,NA,NA,NA,NA,Negativity,The Tweet does not contain an authority reference,No,No,No,Severity of covid,No,"Government, politicians and international organizations",NA,NA,NA,NA,NA,NA,NA,Misinformation,1,2021
1301087319529668600,2,Other,No,NA,NA,NA,NA,NA,NA,NA,NA,Positivity,The Tweet contains a specific authority reference,No,No,No,"Policies, prevention & societal and economic impact",No,NA,NA,NA,Other major non-governmental actors,NA,NA,NA,NA,Other,0,2020
1419292140656545800,3,Accurate information,No,NA,NA,NA,NA,NA,NA,NA,NA,Negativity,The Tweet does not contain an authority reference,No,Yes,No,Vaccination,No,NA,NA,NA,NA,Individuals or communities,NA,NA,NA,Other,0,2021
1259057391150260200,2,Uncheckable claim,No,NA,NA,NA,NA,NA,NA,NA,NA,Neutrality,The Tweet does not contain an authority reference,No,No,No,"News, information and misinformation",No,NA,NA,Media,NA,NA,NA,NA,NA,Other,0,2020
1318991126792163300,1,Unable to classify,No,NA,NA,NA,NA,NA,NA,NA,NA,Neutrality,The Tweet does not contain an authority reference,No,No,No,Spread and detection,No,NA,NA,NA,Other major non-governmental actors,Individuals or communities,NA,NA,NA,Other,0,2020
1466038392714514400,2,Accurate information,No,NA,NA,NA,NA,NA,NA,NA,NA,Neutrality,The Tweet does not contain an authority reference,No,No,No,"Policies, prevention & societal and economic impact",No,NA,NA,NA,NA,Individuals or communities,NA,NA,NA,Other,0,2021
1296747890971414500,1,Accurate information,Yes,NA,NA,NA,NA,NA,"An opinion leader or individual who is not a journalist, and not a part of a government, parliament, or a political party",NA,NA,Neutrality,The Tweet does not contain an authority reference,Yes,No,No,"News, information and misinformation",No,NA,NA,NA,NA,Individuals or communities,NA,NA,NA,Other,0,2020
1297978566156722200,2,Accurate information,No,NA,NA,NA,NA,NA,NA,NA,NA,Neutrality,The Tweet contains a non-specific authority reference,No,No,No,Spread and detection,No,NA,NA,NA,NA,Individuals or communities,NA,NA,NA,Other,0,2020
1326413770961399800,4,Other,No,NA,NA,NA,NA,NA,NA,NA,NA,Neutrality,The Tweet does not contain an authority reference,No,No,No,"Policies, prevention & societal and economic impact",No,NA,NA,NA,NA,Individuals or communities,NA,NA,NA,Other,0,2020
1468890632634736600,3,Misinformation,No,NA,NA,NA,NA,NA,NA,NA,NA,Neutrality,The Tweet contains a non-specific authority reference,No,No,No,Spread and detection,No,NA,NA,NA,NA,NA,NA,NA,University or scientific organization,Misinformation,1,2021
1302499249993724e3,2,Uncheckable claim,No,NA,NA,NA,NA,NA,NA,NA,NA,Negativity,The Tweet does not contain an authority reference,Yes,No,No,"Policies, prevention & societal and economic impact",No,"Government, politicians and international organizations",NA,NA,NA,Individuals or communities,NA,NA,NA,Other,0,2020
1281306601782153200,4,Other,No,NA,NA,NA,NA,NA,NA,NA,NA,Neutrality,The Tweet does not contain an authority reference,No,No,No,Symptoms or characteristics of covid,No,NA,NA,NA,NA,Individuals or communities,NA,NA,NA,Other,0,2020
1.3365767213284639e+18,4,Misinformation,Yes,NA,"The Dutch government, cabinet, a member of the Dutch cabinet or civil servant",NA,NA,NA,NA,NA,NA,Negativity,The Tweet does not contain an authority reference,No,No,No,Severity of covid,No,"Government, politicians and international organizations",NA,NA,NA,NA,NA,NA,NA,Misinformation,1,2020
1429016336164872200,4,Other,No,NA,NA,NA,NA,NA,NA,NA,NA,Negativity,The Tweet does not contain an authority reference,No,No,No,"Policies, prevention & societal and economic impact",No,NA,NA,NA,NA,NA,NA,None,NA,Other,0,2021
1483531604916158500,1,Other,No,NA,NA,NA,NA,NA,NA,NA,NA,Neutrality,The Tweet does not contain an authority reference,No,No,No,Symptoms or characteristics of covid,No,NA,NA,NA,Other major non-governmental actors,NA,NA,NA,NA,Other,0,2022
1256119233118974e3,4,Accurate information,Yes,NA,NA,NA,NA,NA,NA,NA,Misinformation is not attributed to an actor,Neutrality,The Tweet does not contain an authority reference,No,No,No,"News, information and misinformation",No,NA,NA,NA,NA,NA,NA,None,NA,Other,0,2020
1438209024214937600,1,Uncheckable claim,No,NA,NA,NA,NA,NA,NA,NA,NA,Neutrality,The Tweet does not contain an authority reference,No,No,No,Spread and detection,No,NA,NA,NA,NA,NA,NA,None,NA,Other,0,2021
1386788766560424e3,2,Other,No,NA,NA,NA,NA,NA,NA,NA,NA,Mixed,The Tweet does not contain an authority reference,No,Yes,No,"Policies, prevention & societal and economic impact",No,NA,NA,NA,NA,NA,NA,None,NA,Other,0,2021
1390238416458166300,3,Other,No,NA,NA,NA,NA,NA,NA,NA,NA,Neutrality,The Tweet does not contain an authority reference,No,No,No,"Remedies for cure, treatment and prevention",No,NA,NA,Media,NA,NA,NA,NA,NA,Other,0,2021
1462869917934440400,4,Other,No,NA,NA,NA,NA,NA,NA,NA,NA,Neutrality,The Tweet does not contain an authority reference,No,No,No,"Policies, prevention & societal and economic impact",No,NA,NA,NA,NA,NA,NA,None,NA,Other,0,2021
1356183726754037800,1,Other,No,NA,NA,NA,NA,NA,NA,NA,NA,Neutrality,The Tweet does not contain an authority reference,No,No,No,Spread and detection,No,NA,NA,NA,NA,NA,NA,None,NA,Other,0,2021
1248555978766893e3,4,Other,No,NA,NA,NA,NA,NA,NA,NA,NA,Neutrality,The Tweet does not contain an authority reference,No,No,No,"Policies, prevention & societal and economic impact",No,NA,NA,NA,NA,NA,NA,None,NA,Other,0,2020
1407608503829729300,4,Other,Yes,NA,NA,NA,NA,NA,NA,NA,Misinformation is not attributed to an actor,Negativity,The Tweet does not contain an authority reference,Yes,No,No,"News, information and misinformation",No,NA,NA,Media,NA,Individuals or communities,NA,NA,University or scientific organization,Other,0,2021
1485699754675875800,1,Accurate information,No,NA,NA,NA,NA,NA,NA,NA,NA,Neutrality,The Tweet does not contain an authority reference,No,No,No,Symptoms or characteristics of covid,No,NA,NA,NA,NA,NA,NA,None,NA,Other,0,2022
1318988893530837e3,4,Other,No,NA,NA,NA,NA,NA,NA,NA,NA,Neutrality,The Tweet does not contain an authority reference,Yes,No,No,Spread and detection,No,NA,NA,NA,NA,NA,NA,None,NA,Other,0,2020
1240265021868908500,3,Accurate information,Yes,NA,NA,NA,NA,NA,NA,NA,Misinformation is not attributed to an actor,Neutrality,The Tweet does not contain an authority reference,No,No,No,"News, information and misinformation",No,NA,NA,NA,Other major non-governmental actors,NA,NA,NA,NA,Other,0,2020
1384405930423488500,4,Accurate information,No,NA,NA,NA,NA,NA,NA,NA,NA,Neutrality,The Tweet contains a specific authority reference,No,No,No,"Policies, prevention & societal and economic impact",No,NA,NA,NA,Other major non-governmental actors,NA,NA,NA,NA,Other,0,2021
1274563964924543e3,1,Accurate information,No,NA,NA,NA,NA,NA,NA,NA,NA,Neutrality,The Tweet does not contain an authority reference,No,No,No,"Remedies for cure, treatment and prevention",No,NA,NA,NA,NA,NA,NA,None,NA,Other,0,2020
1432003211976745e3,4,Other,No,NA,NA,NA,NA,NA,NA,NA,NA,Positivity,The Tweet does not contain an authority reference,No,No,No,"Policies, prevention & societal and economic impact",No,NA,NA,NA,NA,NA,NA,None,NA,Other,0,2021
1308650280456724500,3,Accurate information,No,NA,NA,NA,NA,NA,NA,NA,NA,Neutrality,The Tweet does not contain an authority reference,No,No,No,"Policies, prevention & societal and economic impact",No,NA,NA,NA,NA,NA,NA,None,NA,Other,0,2020
1436203672317448200,3,Misinformation,No,NA,NA,NA,NA,NA,NA,NA,NA,Neutrality,The Tweet does not contain an authority reference,No,No,No,Spread and detection,No,NA,NA,NA,NA,Individuals or communities,NA,NA,NA,Misinformation,1,2021
1310628913140433e3,4,Other,No,NA,NA,NA,NA,NA,NA,NA,NA,Neutrality,The Tweet does not contain an authority reference,No,No,No,"Policies, prevention & societal and economic impact",No,NA,NA,NA,Other major non-governmental actors,NA,NA,NA,NA,Other,0,2020
1367087194293338e3,2,Accurate information,No,NA,NA,NA,NA,NA,NA,NA,NA,Neutrality,The Tweet does not contain an authority reference,No,No,No,"Remedies for cure, treatment and prevention",No,NA,NA,Media,NA,NA,NA,NA,NA,Other,0,2021
1470717845898158e3,2,Misinformation,No,NA,NA,NA,NA,NA,NA,NA,NA,Positivity,The Tweet does not contain an authority reference,No,No,No,"Remedies for cure, treatment and prevention",No,NA,NA,NA,NA,Individuals or communities,NA,NA,NA,Misinformation,1,2021
1237369006836891600,1,Other,No,NA,NA,NA,NA,NA,NA,NA,NA,Neutrality,The Tweet does not contain an authority reference,No,No,No,"Remedies for cure, treatment and prevention",No,NA,NA,NA,NA,NA,NA,None,NA,Other,0,2020
1.4824611299515679e+18,2,Misinformation,No,NA,NA,NA,NA,NA,NA,NA,NA,Neutrality,The Tweet does not contain an authority reference,No,No,Yes,Spread and detection,No,"Government, politicians and international organizations",NA,NA,Other major non-governmental actors,NA,NA,NA,NA,Misinformation,1,2022
1282970902452461600,4,Other,No,NA,NA,NA,NA,NA,NA,NA,NA,Neutrality,The Tweet does not contain an authority reference,No,No,No,"Policies, prevention & societal and economic impact",No,"Government, politicians and international organizations",NA,NA,NA,NA,NA,NA,NA,Other,0,2020
1365585883357921300,3,Accurate information,No,NA,NA,NA,NA,NA,NA,NA,NA,Neutrality,The Tweet does not contain an authority reference,No,No,No,"Remedies for cure, treatment and prevention",No,NA,NA,NA,NA,NA,NA,None,NA,Other,0,2021
1447425109568983e3,1,Accurate information,No,NA,NA,NA,NA,NA,NA,NA,NA,Neutrality,The Tweet does not contain an authority reference,No,No,No,Symptoms or characteristics of covid,No,NA,NA,NA,NA,Individuals or communities,NA,NA,NA,Other,0,2021
1367543169064325e3,4,Other,No,NA,NA,NA,NA,NA,NA,NA,NA,Neutrality,The Tweet does not contain an authority reference,No,No,No,Vaccination,No,NA,NA,NA,NA,Individuals or communities,NA,NA,NA,Other,0,2021
1264884838865285e3,3,Accurate information,No,NA,NA,NA,NA,NA,NA,NA,NA,Neutrality,The Tweet does not contain an authority reference,No,No,No,"Policies, prevention & societal and economic impact",No,NA,NA,NA,NA,Individuals or communities,NA,NA,NA,Other,0,2020
1354746189065957400,3,Accurate information,No,NA,NA,NA,NA,NA,NA,NA,NA,Neutrality,The Tweet contains a non-specific authority reference,No,No,No,"Remedies for cure, treatment and prevention",No,NA,NA,NA,NA,NA,NA,NA,University or scientific organization,Other,0,2021
1249265007025627100,1,Misinformation,Yes,NA,NA,NA,NA,NA,NA,NA,Misinformation is not attributed to an actor,Neutrality,The Tweet does not contain an authority reference,No,No,Yes,Existence of covid,Yes,NA,NA,NA,NA,Individuals or communities,NA,NA,NA,Misinformation,1,2020
1384546375812190200,4,Accurate information,No,NA,NA,NA,NA,NA,NA,NA,NA,Neutrality,The Tweet does not contain an authority reference,No,No,No,Vaccination,No,NA,NA,NA,NA,Individuals or communities,NA,NA,NA,Other,0,2021
1395306363547496400,1,Accurate information,Yes,NA,NA,NA,NA,NA,"An opinion leader or individual who is not a journalist, and not a part of a government, parliament, or a political party",NA,NA,Neutrality,The Tweet does not contain an authority reference,No,No,Yes,"News, information and misinformation",No,NA,NA,Media,NA,NA,NA,NA,NA,Other,0,2021
1336592432801181700,2,Uncheckable claim,No,NA,NA,NA,NA,NA,NA,NA,NA,Positivity,The Tweet does not contain an authority reference,No,No,No,"Policies, prevention & societal and economic impact",No,NA,NA,NA,Other major non-governmental actors,NA,NA,NA,University or scientific organization,Other,0,2020
1464604683016851500,2,Misinformation,No,NA,NA,NA,NA,NA,NA,NA,NA,Positivity,The Tweet does not contain an authority reference,No,No,No,"Remedies for cure, treatment and prevention",No,NA,NA,NA,NA,NA,NA,None,NA,Misinformation,1,2021
124603698626091e4,1,Accurate information,No,NA,NA,NA,NA,NA,NA,NA,NA,Neutrality,The Tweet does not contain an authority reference,No,No,No,"Policies, prevention & societal and economic impact",No,NA,NA,NA,Other major non-governmental actors,Individuals or communities,NA,NA,NA,Other,0,2020
1302692009543716900,2,Uncheckable claim,No,NA,NA,NA,NA,NA,NA,NA,NA,Neutrality,The Tweet does not contain an authority reference,No,No,No,Spread and detection,No,NA,NA,NA,NA,Individuals or communities,NA,NA,NA,Other,0,2020
1259169549406154800,4,Other,No,NA,NA,NA,NA,NA,NA,NA,NA,Neutrality,The Tweet does not contain an authority reference,No,No,No,"Policies, prevention & societal and economic impact",No,NA,Health services,NA,NA,Individuals or communities,NA,NA,NA,Other,0,2020
1323301420460871700,4,Accurate information,No,NA,NA,NA,NA,NA,NA,NA,NA,Neutrality,The Tweet does not contain an authority reference,No,No,No,"Remedies for cure, treatment and prevention",No,NA,NA,NA,NA,NA,NA,NA,University or scientific organization,Other,0,2020
1347576377147580400,4,Misinformation,No,NA,NA,NA,NA,NA,NA,NA,NA,Neutrality,The Tweet does not contain an authority reference,No,No,No,Vaccination,Yes,NA,NA,NA,NA,NA,NA,None,NA,Misinformation,1,2021
1287694100011966500,4,Accurate information,No,NA,NA,NA,NA,NA,NA,NA,NA,Neutrality,The Tweet does not contain an authority reference,No,No,No,"News, information and misinformation",No,"Government, politicians and international organizations",NA,NA,Other major non-governmental actors,NA,NA,NA,NA,Other,0,2020
1253449003750080500,1,Uncheckable claim,No,NA,NA,NA,NA,NA,NA,NA,NA,Neutrality,The Tweet does not contain an authority reference,No,No,No,Severity of covid,No,NA,NA,NA,NA,Individuals or communities,NA,NA,NA,Other,0,2020
1295293187339296800,1,Other,No,NA,NA,NA,NA,NA,NA,NA,NA,Neutrality,The Tweet does not contain an authority reference,No,No,No,"Policies, prevention & societal and economic impact",No,NA,NA,NA,NA,NA,NA,None,NA,Other,0,2020
1480479744848281600,1,Uncheckable claim,No,NA,NA,NA,NA,NA,NA,NA,NA,Mixed,The Tweet does not contain an authority reference,No,Yes,No,Symptoms or characteristics of covid,No,NA,Health services,NA,NA,Individuals or communities,NA,NA,NA,Other,0,2022
1255089422464356400,2,Accurate information,Yes,NA,NA,NA,NA,NA,NA,NA,Misinformation is not attributed to an actor,Neutrality,The Tweet does not contain an authority reference,No,No,No,"Policies, prevention & societal and economic impact",No,"Government, politicians and international organizations",NA,NA,NA,NA,NA,NA,NA,Other,0,2020
1355134388674179e3,1,Accurate information,No,NA,NA,NA,NA,NA,NA,NA,NA,Positivity,The Tweet does not contain an authority reference,No,No,No,"Policies, prevention & societal and economic impact",No,NA,NA,NA,Other major non-governmental actors,Individuals or communities,NA,NA,NA,Other,0,2021
1486620207707734e3,3,Accurate information,No,NA,NA,NA,NA,NA,NA,NA,NA,Negativity,The Tweet contains a specific authority reference,No,No,Yes,"News, information and misinformation",No,NA,NA,NA,Other major non-governmental actors,NA,NA,NA,NA,Other,0,2022
1323580524796039200,4,Other,No,NA,NA,NA,NA,NA,NA,NA,NA,Neutrality,The Tweet does not contain an authority reference,No,No,No,"Policies, prevention & societal and economic impact",No,"Government, politicians and international organizations",NA,NA,NA,NA,NA,NA,NA,Other,0,2020
1295797936153153500,2,Other,No,NA,NA,NA,NA,NA,NA,NA,NA,Neutrality,The Tweet does not contain an authority reference,No,No,No,"Policies, prevention & societal and economic impact",No,NA,NA,NA,NA,NA,NA,None,NA,Other,0,2020
1472869676841586700,3,Accurate information,No,NA,NA,NA,NA,NA,NA,NA,NA,Neutrality,The Tweet does not contain an authority reference,No,No,No,Symptoms or characteristics of covid,No,NA,NA,NA,NA,Individuals or communities,NA,NA,NA,Other,0,2021
1352656244931235800,3,Other,No,NA,NA,NA,NA,NA,NA,NA,NA,Negativity,The Tweet does not contain an authority reference,Yes,No,Yes,Severity of covid,No,NA,NA,NA,NA,Individuals or communities,NA,NA,NA,Other,0,2021
1368176662274338800,1,Misinformation,Yes,NA,NA,NA,A mainstream media outlet or journalist working in the mainstream media,NA,NA,NA,NA,Neutrality,The Tweet does not contain an authority reference,No,No,No,"News, information and misinformation",No,NA,NA,Media,NA,Individuals or communities,NA,NA,NA,Misinformation,1,2021
1310577352364130300,3,Accurate information,No,NA,NA,NA,NA,NA,NA,NA,NA,Neutrality,The Tweet contains a non-specific authority reference,No,No,No,Spread and detection,No,"Government, politicians and international organizations",NA,NA,Other major non-governmental actors,Individuals or communities,NA,NA,NA,Other,0,2020
1459223946168090600,4,Accurate information,No,NA,NA,NA,NA,NA,NA,NA,NA,Neutrality,The Tweet does not contain an authority reference,No,No,No,"Policies, prevention & societal and economic impact",No,NA,NA,NA,NA,NA,NA,None,NA,Other,0,2021
1319666365716902e3,2,Accurate information,No,NA,NA,NA,NA,NA,NA,NA,NA,Neutrality,The Tweet does not contain an authority reference,No,No,No,"Policies, prevention & societal and economic impact",No,NA,NA,NA,Other major non-governmental actors,NA,NA,NA,NA,Other,0,2020
1465319102755614700,1,Unable to classify,No,NA,NA,NA,NA,NA,NA,NA,NA,Neutrality,The Tweet does not contain an authority reference,No,No,No,Other,No,NA,NA,NA,NA,NA,NA,None,NA,Other,0,2021
1236975121518203e3,4,Misinformation,No,NA,NA,NA,NA,NA,NA,NA,NA,Neutrality,The Tweet contains a specific authority reference,No,No,No,Spread and detection,No,NA,NA,NA,NA,Individuals or communities,NA,NA,NA,Misinformation,1,2020
1260463465195622400,1,Uncheckable claim,No,NA,NA,NA,NA,NA,NA,NA,NA,Neutrality,The Tweet does not contain an authority reference,No,No,No,"Policies, prevention & societal and economic impact",No,NA,Health services,NA,NA,NA,NA,NA,NA,Other,0,2020
1431192372830945300,4,Other,Yes,NA,NA,NA,A mainstream media outlet or journalist working in the mainstream media,NA,NA,NA,NA,Neutrality,The Tweet does not contain an authority reference,No,No,No,"News, information and misinformation",No,NA,NA,Media,NA,Individuals or communities,NA,NA,NA,Other,0,2021
1386189705176363e3,4,Accurate information,No,NA,NA,NA,NA,NA,NA,NA,NA,Neutrality,The Tweet contains a non-specific authority reference,No,No,No,Symptoms or characteristics of covid,No,NA,NA,NA,NA,Individuals or communities,NA,NA,NA,Other,0,2021
1373526825989718e3,2,Misinformation,No,NA,NA,NA,NA,NA,NA,NA,NA,Negativity,The Tweet does not contain an authority reference,No,No,Yes,Existence of covid,Yes,"Government, politicians and international organizations",NA,NA,NA,NA,NA,NA,NA,Misinformation,1,2021
1444582049575284700,1,Misinformation,No,NA,NA,NA,NA,NA,NA,NA,NA,Neutrality,The Tweet contains a non-specific authority reference,No,No,No,"Policies, prevention & societal and economic impact",No,NA,NA,NA,NA,Individuals or communities,NA,NA,NA,Misinformation,1,2021
1321545455860392e3,3,Misinformation,No,NA,NA,NA,NA,NA,NA,NA,NA,Neutrality,The Tweet does not contain an authority reference,No,No,No,Origin of covid,Yes,"Government, politicians and international organizations",NA,NA,Other major non-governmental actors,NA,NA,NA,NA,Misinformation,1,2020
1274556414380445700,2,Accurate information,No,NA,NA,NA,NA,NA,NA,NA,NA,Neutrality,The Tweet does not contain an authority reference,No,No,No,"Policies, prevention & societal and economic impact",No,"Government, politicians and international organizations",NA,NA,Other major non-governmental actors,NA,NA,NA,NA,Other,0,2020
1352277283290161200,2,Other,No,NA,NA,NA,NA,NA,NA,NA,NA,Neutrality,The Tweet contains a non-specific authority reference,No,No,No,"Policies, prevention & societal and economic impact",No,NA,NA,NA,NA,Individuals or communities,NA,NA,NA,Other,0,2021
1242436010946056200,4,Accurate information,No,NA,NA,NA,NA,NA,NA,NA,NA,Neutrality,The Tweet does not contain an authority reference,No,No,No,"News, information and misinformation",No,NA,NA,NA,Other major non-governmental actors,NA,NA,NA,NA,Other,0,2020
1290691759853494300,4,Other,No,NA,NA,NA,NA,NA,NA,NA,NA,Neutrality,The Tweet does not contain an authority reference,No,No,No,"Policies, prevention & societal and economic impact",No,NA,NA,NA,NA,NA,NA,None,NA,Other,0,2020
1332051850191917e3,4,Accurate information,No,NA,NA,NA,NA,NA,NA,NA,NA,Neutrality,The Tweet does not contain an authority reference,No,No,No,Vaccination,No,"Government, politicians and international organizations",NA,NA,Other major non-governmental actors,NA,NA,NA,NA,Other,0,2020
1400885858706804700,1,Other,No,NA,NA,NA,NA,NA,NA,NA,NA,Neutrality,The Tweet does not contain an authority reference,No,No,No,Other,No,NA,NA,NA,NA,Individuals or communities,NA,NA,NA,Other,0,2021
1425354607010721800,3,Misinformation,Yes,NA,NA,NA,NA,NA,NA,Other actor,NA,Neutrality,The Tweet contains a non-specific authority reference,No,No,No,"News, information and misinformation",No,NA,Health services,NA,Other major non-governmental actors,NA,NA,NA,NA,Misinformation,1,2021
1465269593287577600,3,Uncheckable claim,No,NA,NA,NA,NA,NA,NA,NA,NA,Neutrality,The Tweet does not contain an authority reference,No,No,No,Symptoms or characteristics of covid,No,NA,NA,Media,NA,Individuals or communities,NA,NA,NA,Other,0,2021
1258506802884259800,4,Other,No,NA,NA,NA,NA,NA,NA,NA,NA,Neutrality,The Tweet does not contain an authority reference,No,No,No,Existence of covid,Yes,NA,NA,NA,NA,NA,NA,None,NA,Other,0,2020
1333719591030296600,3,Other,No,NA,NA,NA,NA,NA,NA,NA,NA,Negativity,The Tweet does not contain an authority reference,No,No,No,"Policies, prevention & societal and economic impact",No,NA,NA,NA,NA,NA,NA,None,NA,Other,0,2020
1240238161353224200,3,Misinformation,No,NA,NA,NA,NA,NA,NA,NA,NA,Neutrality,The Tweet does not contain an authority reference,No,No,No,"Policies, prevention & societal and economic impact",No,"Government, politicians and international organizations",NA,NA,NA,Individuals or communities,NA,NA,NA,Misinformation,1,2020
1325506606432481300,3,Other,No,NA,NA,NA,NA,NA,NA,NA,NA,Neutrality,The Tweet does not contain an authority reference,No,No,No,"Remedies for cure, treatment and prevention",No,NA,NA,NA,NA,NA,NA,None,NA,Other,0,2020
1339448202471366700,2,Uncheckable claim,No,NA,NA,NA,NA,NA,NA,NA,NA,Mixed,The Tweet does not contain an authority reference,No,No,No,Spread and detection,No,NA,Health services,NA,NA,NA,NA,NA,NA,Other,0,2020
1424630172221853700,2,Suggestive misinformation,No,NA,NA,NA,NA,NA,NA,NA,NA,Neutrality,The Tweet does not contain an authority reference,No,No,No,Vaccination,No,NA,NA,NA,NA,Individuals or communities,NA,NA,NA,Misinformation,1,2021
1276134837594869800,1,Other,No,NA,NA,NA,NA,NA,NA,NA,NA,Neutrality,The Tweet does not contain an authority reference,No,No,No,"Policies, prevention & societal and economic impact",No,"Government, politicians and international organizations",NA,NA,NA,NA,NA,NA,NA,Other,0,2020
1243138161607348200,3,Other,No,NA,NA,NA,NA,NA,NA,NA,NA,Neutrality,The Tweet does not contain an authority reference,No,No,Yes,Severity of covid,No,NA,NA,NA,NA,NA,NA,None,NA,Other,0,2020
1325865396965159e3,2,Accurate information,No,NA,NA,NA,NA,NA,NA,NA,NA,Positivity,The Tweet does not contain an authority reference,No,No,No,Vaccination,No,NA,NA,NA,Other major non-governmental actors,NA,NA,NA,NA,Other,0,2020
1255562394614542300,1,Accurate information,No,NA,NA,NA,NA,NA,NA,NA,NA,Neutrality,The Tweet does not contain an authority reference,No,No,No,"Remedies for cure, treatment and prevention",No,NA,NA,NA,NA,NA,NA,None,NA,Other,0,2020
1377498961318191e3,4,Other,No,NA,NA,NA,NA,NA,NA,NA,NA,Neutrality,The Tweet does not contain an authority reference,No,No,No,Spread and detection,No,"Government, politicians and international organizations",NA,NA,NA,NA,NA,NA,NA,Other,0,2021
1326234733940969500,4,Accurate information,No,NA,NA,NA,NA,NA,NA,NA,NA,Neutrality,The Tweet does not contain an authority reference,No,No,No,Vaccination,No,"Government, politicians and international organizations",NA,NA,NA,NA,NA,NA,NA,Other,0,2020
1464141285535723500,1,Other,No,NA,NA,NA,NA,NA,NA,NA,NA,Neutrality,The Tweet does not contain an authority reference,No,No,No,Vaccination,No,NA,NA,NA,NA,NA,NA,None,NA,Other,0,2021
1488033921761689600,2,Other,Yes,NA,NA,NA,NA,NA,NA,NA,Misinformation is not attributed to an actor,Neutrality,The Tweet does not contain an authority reference,No,No,No,"News, information and misinformation",No,NA,NA,NA,NA,NA,NA,None,NA,Other,0,2022
1398585478270488600,1,Accurate information,No,NA,NA,NA,NA,NA,NA,NA,NA,Neutrality,The Tweet contains a specific authority reference,No,No,No,Vaccination,No,"Government, politicians and international organizations",NA,NA,NA,Individuals or communities,NA,NA,NA,Other,0,2021
1410979783270359e3,3,Accurate information,Yes,NA,NA,NA,NA,NA,NA,NA,Misinformation is not attributed to an actor,Neutrality,The Tweet contains a specific authority reference,No,No,No,"News, information and misinformation",No,NA,NA,NA,NA,Individuals or communities,NA,NA,University or scientific organization,Other,0,2021
1325542559217832e3,4,Unable to classify,No,NA,NA,NA,NA,NA,NA,NA,NA,Negativity,The Tweet does not contain an authority reference,No,No,Yes,Other,No,NA,NA,NA,NA,Individuals or communities,NA,NA,NA,Other,0,2020
1316722191271104500,1,Other,No,NA,NA,NA,NA,NA,NA,NA,NA,Neutrality,The Tweet does not contain an authority reference,No,No,No,"Policies, prevention & societal and economic impact",No,NA,NA,NA,NA,NA,NA,None,NA,Other,0,2020
1248634879916589e3,4,Misinformation,Yes,NA,NA,NA,NA,NA,NA,NA,Misinformation is not attributed to an actor,Neutrality,The Tweet does not contain an authority reference,No,No,No,"News, information and misinformation",No,NA,NA,NA,NA,NA,NA,None,NA,Misinformation,1,2020
1303380936265e6,2,Accurate information,No,NA,NA,NA,NA,NA,NA,NA,NA,Negativity,The Tweet does not contain an authority reference,No,No,No,Spread and detection,No,"Government, politicians and international organizations",NA,NA,NA,Individuals or communities,NA,NA,NA,Other,0,2020
1455652290749141e3,1,Other,No,NA,NA,NA,NA,NA,NA,NA,NA,Neutrality,The Tweet does not contain an authority reference,No,No,No,"Remedies for cure, treatment and prevention",No,NA,NA,NA,Other major non-governmental actors,NA,NA,NA,NA,Other,0,2021
1242378164518731800,2,Other,No,NA,NA,NA,NA,NA,NA,NA,NA,Neutrality,The Tweet does not contain an authority reference,No,No,No,"Policies, prevention & societal and economic impact",No,NA,Health services,NA,NA,NA,NA,NA,NA,Other,0,2020
1301643141238468600,3,Misinformation,No,NA,NA,NA,NA,NA,NA,NA,NA,Negativity,The Tweet does not contain an authority reference,No,No,No,Existence of covid,Yes,"Government, politicians and international organizations",NA,NA,NA,NA,NA,NA,NA,Misinformation,1,2020
12673976323072e5,2,Other,No,NA,NA,NA,NA,NA,NA,NA,NA,Neutrality,The Tweet does not contain an authority reference,No,No,No,Spread and detection,No,NA,NA,NA,NA,NA,NA,None,NA,Other,0,2020
1252682861725e6,1,Misinformation,No,NA,NA,NA,NA,NA,NA,NA,NA,Neutrality,The Tweet does not contain an authority reference,No,No,No,"Remedies for cure, treatment and prevention",No,NA,NA,NA,NA,Individuals or communities,NA,NA,NA,Misinformation,1,2020
1468224479725772800,3,Misinformation,Yes,NA,NA,NA,A mainstream media outlet or journalist working in the mainstream media,NA,NA,NA,NA,Negativity,The Tweet does not contain an authority reference,No,No,Yes,"News, information and misinformation",No,NA,NA,Media,NA,Individuals or communities,NA,NA,NA,Misinformation,1,2021
1331693231524941800,1,Uncheckable claim,No,NA,NA,NA,NA,NA,NA,NA,NA,Neutrality,The Tweet does not contain an authority reference,No,No,No,"Policies, prevention & societal and economic impact",No,NA,NA,NA,NA,NA,NA,None,NA,Other,0,2020
1301593569782890500,4,Accurate information,No,NA,NA,NA,NA,NA,NA,NA,NA,Neutrality,The Tweet contains a specific authority reference,No,No,No,Symptoms or characteristics of covid,No,NA,Health services,NA,NA,Individuals or communities,NA,NA,NA,Other,0,2020
1372502612923330600,4,Other,No,NA,NA,NA,NA,NA,NA,NA,NA,Neutrality,The Tweet does not contain an authority reference,No,No,No,Symptoms or characteristics of covid,No,NA,NA,NA,NA,Individuals or communities,NA,NA,NA,Other,0,2021
1485907574008524800,3,Accurate information,No,NA,NA,NA,NA,NA,NA,NA,NA,Neutrality,The Tweet does not contain an authority reference,No,No,No,Vaccination,No,NA,Health services,NA,Other major non-governmental actors,Individuals or communities,NA,NA,NA,Other,0,2022
1286973540487647200,1,Accurate information,Yes,NA,NA,NA,NA,NA,"An opinion leader or individual who is not a journalist, and not a part of a government, parliament, or a political party",NA,NA,Negativity,The Tweet does not contain an authority reference,Yes,No,No,"News, information and misinformation",No,NA,NA,Media,Other major non-governmental actors,NA,NA,NA,NA,Other,0,2020
1249718291444240400,2,Other,Yes,NA,NA,NA,NA,NA,NA,NA,Misinformation is not attributed to an actor,Neutrality,The Tweet does not contain an authority reference,No,No,No,"News, information and misinformation",No,"Government, politicians and international organizations",NA,NA,Other major non-governmental actors,NA,NA,NA,NA,Other,0,2020
1260964055847755800,1,Accurate information,No,NA,NA,NA,NA,NA,NA,NA,NA,Neutrality,The Tweet does not contain an authority reference,No,No,No,"Remedies for cure, treatment and prevention",No,NA,NA,NA,NA,NA,NA,None,NA,Other,0,2020
1295350989806076e3,4,Other,No,NA,NA,NA,NA,NA,NA,NA,NA,Neutrality,The Tweet does not contain an authority reference,No,No,No,"Policies, prevention & societal and economic impact",No,NA,NA,NA,NA,NA,NA,None,NA,Other,0,2020
1378271983604007e3,1,Misinformation,No,NA,NA,NA,NA,NA,NA,NA,NA,Negativity,The Tweet does not contain an authority reference,Yes,No,Yes,Existence of covid,Yes,"Government, politicians and international organizations",NA,NA,NA,NA,NA,NA,NA,Misinformation,1,2021
1316787680332730400,4,Other,No,NA,NA,NA,NA,NA,NA,NA,NA,Neutrality,The Tweet does not contain an authority reference,No,Yes,No,"Remedies for cure, treatment and prevention",No,NA,NA,NA,NA,Individuals or communities,NA,NA,NA,Other,0,2020
142152900186103e4,1,Uncheckable claim,No,NA,NA,NA,NA,NA,NA,NA,NA,Positivity,The Tweet does not contain an authority reference,No,Yes,No,"Policies, prevention & societal and economic impact",No,NA,NA,NA,Other major non-governmental actors,NA,NA,NA,NA,Other,0,2021
1313599069563031600,2,Accurate information,Yes,NA,NA,NA,NA,NA,NA,NA,Misinformation is not attributed to an actor,Negativity,The Tweet does not contain an authority reference,No,Yes,No,"News, information and misinformation",No,"Government, politicians and international organizations",NA,NA,NA,NA,NA,NA,NA,Other,0,2020
1433294357919064e3,4,Accurate information,Yes,NA,NA,NA,NA,NA,NA,NA,Misinformation is not attributed to an actor,Neutrality,The Tweet does not contain an authority reference,No,No,No,Vaccination,No,NA,Health services,NA,Other major non-governmental actors,Individuals or communities,NA,NA,NA,Other,0,2021
1241265768391676e3,1,Accurate information,Yes,NA,NA,NA,NA,NA,"An opinion leader or individual who is not a journalist, and not a part of a government, parliament, or a political party",NA,NA,Neutrality,The Tweet does not contain an authority reference,No,No,No,"News, information and misinformation",No,"Government, politicians and international organizations",NA,NA,Other major non-governmental actors,NA,NA,NA,NA,Other,0,2020
1387745836558393300,4,Misinformation,No,NA,NA,NA,NA,NA,NA,NA,NA,Neutrality,The Tweet does not contain an authority reference,No,No,No,"News, information and misinformation",No,NA,NA,NA,NA,NA,NA,None,NA,Misinformation,1,2021
1296729041060454400,3,Accurate information,Yes,NA,NA,NA,NA,NA,"An opinion leader or individual who is not a journalist, and not a part of a government, parliament, or a political party",NA,NA,Neutrality,The Tweet does not contain an authority reference,No,No,No,"News, information and misinformation",No,NA,NA,NA,NA,Individuals or communities,NA,NA,NA,Other,0,2020
1295668792874369e3,1,Other,No,NA,NA,NA,NA,NA,NA,NA,NA,Neutrality,The Tweet does not contain an authority reference,No,No,No,"Policies, prevention & societal and economic impact",No,NA,NA,NA,NA,NA,NA,None,NA,Other,0,2020
1342852892445782e3,2,Misinformation,No,NA,NA,NA,NA,NA,NA,NA,NA,Neutrality,The Tweet does not contain an authority reference,No,No,No,"Remedies for cure, treatment and prevention",No,NA,NA,NA,NA,NA,NA,None,NA,Misinformation,1,2020
1.3896960316929761e+18,2,Other,No,NA,NA,NA,NA,NA,NA,NA,NA,Negativity,The Tweet does not contain an authority reference,No,No,No,"Policies, prevention & societal and economic impact",No,NA,NA,NA,Other major non-governmental actors,NA,NA,NA,NA,Other,0,2021
1316794320209563600,1,Other,No,NA,NA,NA,NA,NA,NA,NA,NA,Neutrality,The Tweet does not contain an authority reference,No,No,No,"Policies, prevention & societal and economic impact",No,NA,NA,NA,NA,NA,NA,None,NA,Other,0,2020
1417404382778437600,4,Other,No,NA,NA,NA,NA,NA,NA,NA,NA,Neutrality,The Tweet does not contain an authority reference,No,No,No,Vaccination,No,NA,NA,NA,Other major non-governmental actors,Individuals or communities,NA,NA,NA,Other,0,2021
1295217575350206500,2,Other,No,NA,NA,NA,NA,NA,NA,NA,NA,Neutrality,The Tweet does not contain an authority reference,No,No,No,"Policies, prevention & societal and economic impact",No,NA,NA,NA,NA,NA,NA,None,NA,Other,0,2020
1288121042842480600,1,Other,No,NA,NA,NA,NA,NA,NA,NA,NA,Neutrality,The Tweet does not contain an authority reference,No,No,No,Other,No,NA,NA,NA,NA,NA,NA,None,NA,Other,0,2020
1253231221875884e3,4,Accurate information,No,NA,NA,NA,NA,NA,NA,NA,NA,Neutrality,The Tweet does not contain an authority reference,No,No,No,"Policies, prevention & societal and economic impact",No,NA,NA,NA,Other major non-governmental actors,NA,NA,NA,NA,Other,0,2020
1456545302740148200,2,Other,No,NA,NA,NA,NA,NA,NA,NA,NA,Neutrality,The Tweet does not contain an authority reference,No,No,No,"Policies, prevention & societal and economic impact",No,NA,NA,Media,NA,NA,NA,NA,NA,Other,0,2021
1413181918401765400,3,Accurate information,No,NA,NA,NA,NA,NA,NA,NA,NA,Mixed,The Tweet does not contain an authority reference,No,No,No,"Policies, prevention & societal and economic impact",No,NA,NA,NA,NA,NA,NA,None,NA,Other,0,2021
1395281316799778800,3,Other,Yes,NA,NA,NA,NA,NA,NA,NA,Misinformation is not attributed to an actor,Neutrality,The Tweet does not contain an authority reference,No,No,No,"News, information and misinformation",No,NA,NA,NA,NA,NA,NA,None,NA,Other,0,2021
1367865515746734e3,1,Other,No,NA,NA,NA,NA,NA,NA,NA,NA,Neutrality,The Tweet does not contain an authority reference,No,No,No,Other,No,NA,NA,NA,NA,NA,NA,None,NA,Other,0,2021
1380420290124128300,3,Accurate information,Yes,NA,NA,NA,NA,NA,NA,NA,Misinformation is not attributed to an actor,Neutrality,The Tweet does not contain an authority reference,No,No,No,"News, information and misinformation",No,NA,NA,NA,Other major non-governmental actors,NA,NA,NA,NA,Other,0,2021
1300481908871135200,2,Uncheckable claim,No,NA,NA,NA,NA,NA,NA,NA,NA,Neutrality,The Tweet does not contain an authority reference,No,No,No,"Remedies for cure, treatment and prevention",No,NA,NA,NA,NA,NA,NA,None,NA,Other,0,2020
1456700605012054e3,2,Accurate information,No,NA,NA,NA,NA,NA,NA,NA,NA,Neutrality,The Tweet does not contain an authority reference,No,No,No,Vaccination,No,"Government, politicians and international organizations",NA,NA,NA,NA,NA,NA,NA,Other,0,2021
1321754149738942500,4,Misinformation,No,NA,NA,NA,NA,NA,NA,NA,NA,Neutrality,The Tweet contains a non-specific authority reference,No,No,No,Symptoms or characteristics of covid,No,NA,NA,NA,NA,Individuals or communities,NA,NA,NA,Misinformation,1,2020
1316790514558132200,4,Other,No,NA,NA,NA,NA,NA,NA,NA,NA,Neutrality,The Tweet does not contain an authority reference,No,No,No,"News, information and misinformation",No,NA,Health services,NA,NA,NA,NA,NA,NA,Other,0,2020
1321427556453765e3,3,Accurate information,No,NA,NA,NA,NA,NA,NA,NA,NA,Neutrality,The Tweet does not contain an authority reference,No,No,No,"Remedies for cure, treatment and prevention",No,NA,NA,NA,NA,NA,NA,None,NA,Other,0,2020
1357359139505152e3,2,Other,Yes,NA,NA,NA,NA,NA,NA,NA,Misinformation is not attributed to an actor,Neutrality,The Tweet does not contain an authority reference,No,No,No,"News, information and misinformation",No,NA,NA,NA,NA,Individuals or communities,NA,NA,NA,Other,0,2021
1295429926863216600,2,Other,No,NA,NA,NA,NA,NA,NA,NA,NA,Neutrality,The Tweet does not contain an authority reference,No,No,No,"Policies, prevention & societal and economic impact",No,NA,NA,NA,NA,NA,NA,None,NA,Other,0,2020
1422290976056488e3,4,Accurate information,No,NA,NA,NA,NA,NA,NA,NA,NA,Neutrality,The Tweet does not contain an authority reference,No,No,No,Symptoms or characteristics of covid,No,NA,NA,NA,NA,Individuals or communities,NA,NA,University or scientific organization,Other,0,2021
1240296708313153500,1,Other,Yes,NA,NA,"A foreign politician, foreign government, international leader or international organization",NA,NA,NA,NA,NA,Neutrality,The Tweet does not contain an authority reference,No,No,No,"News, information and misinformation",No,"Government, politicians and international organizations",NA,NA,NA,NA,NA,NA,NA,Other,0,2020
1285256968106631200,2,Misinformation,No,NA,NA,NA,NA,NA,NA,NA,NA,Neutrality,The Tweet does not contain an authority reference,No,No,No,Existence of covid,Yes,NA,NA,NA,NA,NA,NA,None,NA,Misinformation,1,2020
1466298971186516e3,1,Uncheckable claim,No,NA,NA,NA,NA,NA,NA,NA,NA,Negativity,The Tweet does not contain an authority reference,No,No,No,"Policies, prevention & societal and economic impact",No,NA,NA,NA,NA,Individuals or communities,NA,NA,NA,Other,0,2021
1276812073515827200,2,Other,No,NA,NA,NA,NA,NA,NA,NA,NA,Positivity,The Tweet does not contain an authority reference,No,No,No,"Policies, prevention & societal and economic impact",No,NA,NA,NA,NA,Individuals or communities,NA,NA,NA,Other,0,2020
1337187084071792600,4,Misinformation,Yes,NA,NA,"A foreign politician, foreign government, international leader or international organization",NA,NA,NA,NA,NA,Negativity,The Tweet contains a specific authority reference,No,No,No,Vaccination,No,"Government, politicians and international organizations",NA,NA,NA,NA,NA,NA,NA,Misinformation,1,2020
1392481250720559e3,2,Other,No,NA,NA,NA,NA,NA,NA,NA,NA,Neutrality,The Tweet does not contain an authority reference,No,No,No,"Policies, prevention & societal and economic impact",No,NA,NA,NA,NA,NA,NA,None,NA,Other,0,2021
1383623454172143600,2,Accurate information,No,NA,NA,NA,NA,NA,NA,NA,NA,Neutrality,The Tweet contains a specific authority reference,No,No,No,"Policies, prevention & societal and economic impact",No,NA,NA,Media,NA,Individuals or communities,NA,NA,NA,Other,0,2021
1379428462960636e3,1,Accurate information,No,NA,NA,NA,NA,NA,NA,NA,NA,Neutrality,The Tweet contains a non-specific authority reference,No,No,No,Spread and detection,No,NA,NA,NA,NA,NA,NA,None,NA,Other,0,2021
1314580765422891e3,3,Accurate information,No,NA,NA,NA,NA,NA,NA,NA,NA,Negativity,The Tweet contains a specific authority reference,No,Yes,No,"Policies, prevention & societal and economic impact",No,NA,Health services,Media,Other major non-governmental actors,Individuals or communities,NA,NA,NA,Other,0,2020
1264798358645989400,3,Accurate information,No,NA,NA,NA,NA,NA,NA,NA,NA,Positivity,The Tweet does not contain an authority reference,No,No,No,"Policies, prevention & societal and economic impact",No,NA,NA,NA,Other major non-governmental actors,Individuals or communities,NA,NA,NA,Other,0,2020
125122017374029e4,2,Accurate information,No,NA,NA,NA,NA,NA,NA,NA,NA,Neutrality,The Tweet contains a specific authority reference,No,No,No,Symptoms or characteristics of covid,No,"Government, politicians and international organizations",NA,NA,NA,NA,NA,NA,NA,Other,0,2020
1323496168551256e3,2,Accurate information,No,NA,NA,NA,NA,NA,NA,NA,NA,Neutrality,The Tweet does not contain an authority reference,No,No,No,"Remedies for cure, treatment and prevention",No,NA,NA,NA,NA,NA,NA,NA,University or scientific organization,Other,0,2020
1473936579521560600,1,Suggestive misinformation,No,NA,NA,NA,NA,NA,NA,NA,NA,Neutrality,The Tweet does not contain an authority reference,No,No,No,"Policies, prevention & societal and economic impact",No,NA,NA,NA,NA,NA,NA,None,NA,Misinformation,1,2021
1344640453757563e3,1,Accurate information,No,NA,NA,NA,NA,NA,NA,NA,NA,Neutrality,The Tweet does not contain an authority reference,No,No,No,Other,No,NA,NA,NA,NA,NA,NA,None,NA,Other,0,2020
136960447472196e4,4,Other,No,NA,NA,NA,NA,NA,NA,NA,NA,Neutrality,The Tweet does not contain an authority reference,No,No,No,"Policies, prevention & societal and economic impact",No,NA,NA,NA,NA,Individuals or communities,NA,NA,NA,Other,0,2021
1461705520079904800,1,Accurate information,Yes,NA,NA,NA,NA,NA,NA,NA,Misinformation is not attributed to an actor,Negativity,The Tweet does not contain an authority reference,No,No,Yes,"News, information and misinformation",No,NA,NA,NA,NA,Individuals or communities,NA,NA,NA,Other,0,2021
1315708247148503e3,1,Other,No,NA,NA,NA,NA,NA,NA,NA,NA,Neutrality,The Tweet does not contain an authority reference,No,No,No,"Policies, prevention & societal and economic impact",No,NA,NA,NA,NA,NA,NA,None,NA,Other,0,2020
1268806895562821600,2,Other,No,NA,NA,NA,NA,NA,NA,NA,NA,Negativity,The Tweet does not contain an authority reference,No,No,No,Spread and detection,No,NA,NA,NA,NA,Individuals or communities,NA,NA,NA,Other,0,2020
1271381803538972700,2,Other,No,NA,NA,NA,NA,NA,NA,NA,NA,Neutrality,The Tweet does not contain an authority reference,No,No,No,Other,No,NA,NA,NA,NA,NA,NA,None,NA,Other,0,2020
1284348410242400300,3,Accurate information,Yes,NA,NA,NA,NA,NA,"An opinion leader or individual who is not a journalist, and not a part of a government, parliament, or a political party",NA,NA,Neutrality,The Tweet does not contain an authority reference,No,No,No,"News, information and misinformation",No,NA,NA,NA,Other major non-governmental actors,Individuals or communities,NA,NA,NA,Other,0,2020
1295337717161754600,4,Other,No,NA,NA,NA,NA,NA,NA,NA,NA,Neutrality,The Tweet does not contain an authority reference,No,No,No,"Policies, prevention & societal and economic impact",No,NA,NA,NA,NA,NA,NA,None,NA,Other,0,2020
1470100020091404300,4,Misinformation,No,NA,NA,NA,NA,NA,NA,NA,NA,Neutrality,The Tweet contains a non-specific authority reference,No,No,No,Symptoms or characteristics of covid,No,NA,NA,NA,NA,Individuals or communities,NA,NA,University or scientific organization,Misinformation,1,2021
1367070361548906500,2,Accurate information,No,NA,NA,NA,NA,NA,NA,NA,NA,Neutrality,The Tweet contains a specific authority reference,No,No,No,"Remedies for cure, treatment and prevention",No,"Government, politicians and international organizations",NA,NA,NA,NA,NA,NA,NA,Other,0,2021
1335583205689323500,4,Other,No,NA,NA,NA,NA,NA,NA,NA,NA,Neutrality,The Tweet does not contain an authority reference,No,No,No,Severity of covid,No,NA,NA,NA,NA,NA,NA,None,NA,Other,0,2020
1242802295424893e3,3,Other,Yes,NA,NA,NA,NA,NA,NA,NA,Misinformation is not attributed to an actor,Positivity,The Tweet does not contain an authority reference,No,No,No,Other,No,NA,NA,Media,Other major non-governmental actors,NA,NA,NA,NA,Other,0,2020
1479820355174908e3,3,Accurate information,Yes,NA,NA,NA,NA,NA,NA,NA,Misinformation is not attributed to an actor,Positivity,The Tweet contains a specific authority reference,No,No,No,"News, information and misinformation",No,NA,Health services,NA,NA,NA,NA,NA,NA,Other,0,2022
1236972140047589400,2,Misinformation,No,NA,NA,NA,NA,NA,NA,NA,NA,Neutrality,The Tweet does not contain an authority reference,No,No,No,Spread and detection,No,"Government, politicians and international organizations",NA,NA,NA,Individuals or communities,NA,NA,NA,Misinformation,1,2020
1388626089619112e3,1,Other,No,NA,NA,NA,NA,NA,NA,NA,NA,Neutrality,The Tweet does not contain an authority reference,No,No,No,"Policies, prevention & societal and economic impact",No,NA,NA,NA,NA,NA,NA,None,NA,Other,0,2021
1435900788748980200,2,Accurate information,No,NA,NA,NA,NA,NA,NA,NA,NA,Negativity,The Tweet does not contain an authority reference,No,No,No,Spread and detection,No,NA,NA,NA,Other major non-governmental actors,NA,NA,NA,NA,Other,0,2021
1435554254664523800,2,Accurate information,No,NA,NA,NA,NA,NA,NA,NA,NA,Neutrality,The Tweet does not contain an authority reference,No,No,No,"Policies, prevention & societal and economic impact",No,NA,Health services,NA,NA,Individuals or communities,NA,NA,NA,Other,0,2021
1280692079509864400,4,Other,No,NA,NA,NA,NA,NA,NA,NA,NA,Neutrality,The Tweet does not contain an authority reference,No,No,No,Spread and detection,No,"Government, politicians and international organizations",NA,NA,NA,NA,NA,NA,NA,Other,0,2020
1441203489166610400,2,Misinformation,No,NA,NA,NA,NA,NA,NA,NA,NA,Neutrality,The Tweet does not contain an authority reference,No,No,No,Vaccination,No,NA,NA,NA,NA,NA,NA,None,NA,Misinformation,1,2021
1305522431084331e3,4,Misinformation,No,NA,NA,NA,NA,NA,NA,NA,NA,Neutrality,The Tweet contains a specific authority reference,No,No,No,Existence of covid,Yes,"Government, politicians and international organizations",NA,NA,NA,NA,NA,NA,NA,Misinformation,1,2020
1311313998604894200,1,Unable to classify,No,NA,NA,NA,NA,NA,NA,NA,NA,Neutrality,The Tweet does not contain an authority reference,No,No,No,"Policies, prevention & societal and economic impact",No,NA,NA,NA,Other major non-governmental actors,Individuals or communities,NA,NA,NA,Other,0,2020
1258856286629892e3,1,Unable to classify,No,NA,NA,NA,NA,NA,NA,NA,NA,Neutrality,The Tweet does not contain an authority reference,No,No,No,"Remedies for cure, treatment and prevention",No,NA,NA,NA,NA,NA,NA,None,NA,Other,0,2020
1253222115551182800,2,Accurate information,No,NA,NA,NA,NA,NA,NA,NA,NA,Neutrality,The Tweet contains a specific authority reference,No,No,No,"Policies, prevention & societal and economic impact",No,NA,NA,Media,NA,NA,NA,NA,NA,Other,0,2020
1461404513395523600,3,Accurate information,No,NA,NA,NA,NA,NA,NA,NA,NA,Positivity,The Tweet does not contain an authority reference,No,No,No,"Policies, prevention & societal and economic impact",No,NA,NA,NA,Other major non-governmental actors,NA,NA,NA,NA,Other,0,2021
1291983681511469e3,2,Accurate information,No,NA,NA,NA,NA,NA,NA,NA,NA,Neutrality,The Tweet does not contain an authority reference,No,No,No,"Policies, prevention & societal and economic impact",No,"Government, politicians and international organizations",NA,NA,NA,NA,NA,NA,NA,Other,0,2020
1427912893224341500,4,Accurate information,Yes,NA,NA,NA,NA,NA,"An opinion leader or individual who is not a journalist, and not a part of a government, parliament, or a political party",NA,NA,Neutrality,The Tweet does not contain an authority reference,No,No,No,"News, information and misinformation",No,NA,NA,NA,Other major non-governmental actors,NA,NA,NA,NA,Other,0,2021
1316058837821141e3,4,Accurate information,No,NA,NA,NA,NA,NA,NA,NA,NA,Neutrality,The Tweet does not contain an authority reference,No,No,No,"Policies, prevention & societal and economic impact",No,NA,NA,NA,Other major non-governmental actors,NA,NA,NA,NA,Other,0,2020
1241138697489330200,1,Unable to classify,Yes,NA,NA,"A foreign politician, foreign government, international leader or international organization",NA,NA,NA,NA,NA,Negativity,The Tweet does not contain an authority reference,No,No,No,"News, information and misinformation",No,"Government, politicians and international organizations",NA,NA,NA,NA,NA,NA,NA,Other,0,2020
1310249637685624800,3,Accurate information,No,NA,NA,NA,NA,NA,NA,NA,NA,Neutrality,The Tweet does not contain an authority reference,No,No,No,Vaccination,No,NA,NA,NA,NA,NA,NA,None,NA,Other,0,2020
1376213639049404400,2,Uncheckable claim,Yes,NA,NA,NA,NA,NA,NA,NA,Misinformation is not attributed to an actor,Negativity,The Tweet does not contain an authority reference,Yes,No,Yes,"News, information and misinformation",No,NA,NA,NA,NA,NA,NA,None,NA,Other,0,2021
1433420365212962800,4,Accurate information,Yes,NA,NA,NA,NA,NA,"An opinion leader or individual who is not a journalist, and not a part of a government, parliament, or a political party",NA,NA,Neutrality,The Tweet does not contain an authority reference,Yes,No,No,"News, information and misinformation",No,NA,NA,NA,Other major non-governmental actors,NA,NA,NA,NA,Other,0,2021
1432182544091398100,2,Unable to classify,No,NA,NA,NA,NA,NA,NA,NA,NA,Negativity,The Tweet does not contain an authority reference,No,No,No,Existence of covid,No,NA,NA,NA,NA,NA,NA,None,NA,Other,0,2021
1255431465585778700,4,Unable to classify,Yes,NA,NA,NA,NA,NA,NA,NA,Misinformation is not attributed to an actor,Neutrality,The Tweet does not contain an authority reference,No,No,No,"News, information and misinformation",No,NA,NA,NA,NA,Individuals or communities,NA,NA,NA,Other,0,2020
1243494105507754e3,2,Other,No,NA,NA,NA,NA,NA,NA,NA,NA,Neutrality,The Tweet does not contain an authority reference,No,No,No,"Policies, prevention & societal and economic impact",No,NA,NA,NA,NA,NA,NA,None,NA,Other,0,2020
1316147861747306500,4,Misinformation,No,NA,NA,NA,NA,NA,NA,NA,NA,Neutrality,The Tweet does not contain an authority reference,No,No,No,"Policies, prevention & societal and economic impact",No,"Government, politicians and international organizations",NA,NA,NA,Individuals or communities,NA,NA,NA,Misinformation,1,2020
1367972595434455e3,4,Accurate information,No,NA,NA,NA,NA,NA,NA,NA,NA,Neutrality,The Tweet contains a specific authority reference,No,No,No,"Policies, prevention & societal and economic impact",No,"Government, politicians and international organizations",NA,NA,NA,NA,NA,NA,NA,Other,0,2021
1300744139248672800,2,Other,No,NA,NA,NA,NA,NA,NA,NA,NA,Neutrality,The Tweet does not contain an authority reference,No,No,No,Vaccination,No,"Government, politicians and international organizations",NA,NA,NA,Individuals or communities,NA,NA,NA,Other,0,2020
1482594630143250400,4,Accurate information,Yes,NA,NA,NA,NA,NA,NA,NA,Misinformation is not attributed to an actor,Neutrality,The Tweet does not contain an authority reference,No,No,No,Vaccination,No,NA,Health services,NA,NA,Individuals or communities,NA,NA,NA,Other,0,2022
1318563205673832400,4,Misinformation,No,NA,NA,NA,NA,NA,NA,NA,NA,Neutrality,The Tweet does not contain an authority reference,No,No,No,"Policies, prevention & societal and economic impact",No,NA,NA,NA,Other major non-governmental actors,NA,NA,NA,NA,Misinformation,1,2020
1315215696981356500,3,Other,No,NA,NA,NA,NA,NA,NA,NA,NA,Neutrality,The Tweet does not contain an authority reference,No,No,No,"Policies, prevention & societal and economic impact",No,NA,NA,NA,NA,NA,NA,None,NA,Other,0,2020
1245672574362824700,2,Unable to classify,No,NA,NA,NA,NA,NA,NA,NA,NA,Neutrality,The Tweet does not contain an authority reference,No,No,No,Other,No,NA,NA,NA,NA,NA,NA,None,NA,Other,0,2020
1288034524077666300,2,Uncheckable claim,No,NA,NA,NA,NA,NA,NA,NA,NA,Neutrality,The Tweet does not contain an authority reference,No,No,No,"Policies, prevention & societal and economic impact",No,NA,Health services,NA,NA,NA,NA,NA,NA,Other,0,2020
1409068944049180700,2,Accurate information,No,NA,NA,NA,NA,NA,NA,NA,NA,Positivity,The Tweet does not contain an authority reference,No,No,No,Symptoms or characteristics of covid,No,NA,NA,NA,NA,NA,NA,None,NA,Other,0,2021
1376473782811e6,1,Misinformation,No,NA,NA,NA,NA,NA,NA,NA,NA,Neutrality,The Tweet does not contain an authority reference,No,No,No,Existence of covid,Yes,NA,NA,NA,NA,NA,NA,None,NA,Misinformation,1,2021
1285643327132643300,2,Uncheckable claim,No,NA,NA,NA,NA,NA,NA,NA,NA,Neutrality,The Tweet does not contain an authority reference,No,No,No,Other,No,NA,NA,NA,NA,Individuals or communities,NA,NA,NA,Other,0,2020
1336578318817243100,2,Accurate information,Yes,NA,NA,NA,NA,NA,NA,NA,Misinformation is not attributed to an actor,Negativity,The Tweet does not contain an authority reference,No,Yes,Yes,"News, information and misinformation",No,"Government, politicians and international organizations",NA,NA,NA,NA,NA,NA,NA,Other,0,2020
1344584613985988600,4,Other,No,NA,NA,NA,NA,NA,NA,NA,NA,Neutrality,The Tweet does not contain an authority reference,No,No,No,"Policies, prevention & societal and economic impact",No,"Government, politicians and international organizations",NA,NA,NA,Individuals or communities,NA,NA,NA,Other,0,2020
1293862369471471600,2,Accurate information,Yes,NA,NA,NA,NA,NA,NA,NA,Misinformation is not attributed to an actor,Neutrality,The Tweet does not contain an authority reference,No,No,No,"News, information and misinformation",No,NA,NA,NA,NA,Individuals or communities,NA,NA,NA,Other,0,2020
142935610536124e4,1,Uncheckable claim,No,NA,NA,NA,NA,NA,NA,NA,NA,Neutrality,The Tweet does not contain an authority reference,No,No,No,"Policies, prevention & societal and economic impact",No,NA,NA,NA,Other major non-governmental actors,Individuals or communities,NA,NA,NA,Other,0,2021
1248165147484606500,4,Suggestive misinformation,No,NA,NA,NA,NA,NA,NA,NA,NA,Negativity,The Tweet does not contain an authority reference,No,No,No,"Policies, prevention & societal and economic impact",Yes,NA,NA,Media,Other major non-governmental actors,Individuals or communities,NA,NA,NA,Misinformation,1,2020
1434952789231296500,3,Other,No,NA,NA,NA,NA,NA,NA,NA,NA,Negativity,The Tweet does not contain an authority reference,Yes,No,No,Vaccination,No,NA,NA,NA,NA,NA,NA,None,NA,Other,0,2021
1.3436448183591199e+18,4,Other,No,NA,NA,NA,NA,NA,NA,NA,NA,Neutrality,The Tweet does not contain an authority reference,No,No,No,"Policies, prevention & societal and economic impact",No,NA,NA,NA,NA,Individuals or communities,NA,NA,NA,Other,0,2020
1336984697759555600,2,Accurate information,Yes,NA,NA,NA,NA,NA,NA,NA,Misinformation is not attributed to an actor,Negativity,The Tweet does not contain an authority reference,No,No,Yes,"News, information and misinformation",No,"Government, politicians and international organizations",NA,NA,NA,NA,NA,NA,NA,Other,0,2020
1355210309380796400,2,Accurate information,No,NA,NA,NA,NA,NA,NA,NA,NA,Neutrality,The Tweet contains a specific authority reference,No,No,No,"Remedies for cure, treatment and prevention",No,"Government, politicians and international organizations",NA,NA,NA,NA,NA,NA,NA,Other,0,2021
1325398178150150100,2,Accurate information,No,NA,NA,NA,NA,NA,NA,NA,NA,Negativity,The Tweet contains a specific authority reference,No,No,No,"Policies, prevention & societal and economic impact",No,"Government, politicians and international organizations",NA,NA,NA,NA,NA,NA,NA,Other,0,2020
1377710729046978600,4,Other,No,NA,NA,NA,NA,NA,NA,NA,NA,Negativity,The Tweet does not contain an authority reference,No,No,No,Symptoms or characteristics of covid,No,NA,NA,NA,NA,Individuals or communities,NA,NA,NA,Other,0,2021
1321441292908462e3,3,Accurate information,No,NA,NA,NA,NA,NA,NA,NA,NA,Neutrality,The Tweet contains a non-specific authority reference,No,No,No,"Remedies for cure, treatment and prevention",No,NA,NA,NA,NA,Individuals or communities,NA,NA,NA,Other,0,2020
1416460085086281700,4,Misinformation,No,NA,NA,NA,NA,NA,NA,NA,NA,Neutrality,The Tweet contains a non-specific authority reference,No,No,No,Existence of covid,Yes,NA,NA,NA,NA,NA,NA,None,NA,Misinformation,1,2021
1421910837623672800,4,Other,No,NA,NA,NA,NA,NA,NA,NA,NA,Neutrality,The Tweet does not contain an authority reference,No,No,No,"Policies, prevention & societal and economic impact",No,NA,NA,NA,NA,NA,NA,None,NA,Other,0,2021
1.2413527954266399e+18,3,Accurate information,No,NA,NA,NA,NA,NA,NA,NA,NA,Neutrality,The Tweet does not contain an authority reference,No,No,No,Severity of covid,No,NA,NA,NA,NA,NA,NA,None,NA,Other,0,2020
1373255470102802400,2,Other,No,NA,NA,NA,NA,NA,NA,NA,NA,Mixed,The Tweet does not contain an authority reference,No,No,No,"Policies, prevention & societal and economic impact",No,NA,NA,NA,NA,Individuals or communities,NA,NA,NA,Other,0,2021
1311748003460526e3,2,Accurate information,Yes,NA,NA,"A foreign politician, foreign government, international leader or international organization",NA,NA,NA,NA,NA,Neutrality,The Tweet does not contain an authority reference,No,No,No,"News, information and misinformation",No,"Government, politicians and international organizations",NA,NA,NA,NA,NA,NA,NA,Other,0,2020
1323195363466109e3,1,Other,No,NA,NA,NA,NA,NA,NA,NA,NA,Neutrality,The Tweet does not contain an authority reference,No,No,No,"Remedies for cure, treatment and prevention",No,NA,NA,NA,NA,NA,NA,None,NA,Other,0,2020
1453096248047771600,3,Other,No,NA,NA,NA,NA,NA,NA,NA,NA,Positivity,The Tweet does not contain an authority reference,No,No,No,Spread and detection,No,NA,NA,NA,NA,NA,NA,None,NA,Other,0,2021
1317394428131111e3,1,Accurate information,No,NA,NA,NA,NA,NA,NA,NA,NA,Neutrality,The Tweet does not contain an authority reference,No,No,No,Spread and detection,No,NA,NA,NA,NA,Individuals or communities,NA,NA,NA,Other,0,2020
1276417988384698400,4,Misinformation,No,NA,NA,NA,NA,NA,NA,NA,NA,Negativity,The Tweet does not contain an authority reference,No,No,No,Existence of covid,Yes,NA,NA,Media,Other major non-governmental actors,Individuals or communities,NA,NA,NA,Misinformation,1,2020
1392080998456828e3,3,Misinformation,No,NA,NA,NA,NA,NA,NA,NA,NA,Negativity,The Tweet does not contain an authority reference,No,No,No,Vaccination,No,NA,NA,Media,NA,Individuals or communities,NA,NA,NA,Misinformation,1,2021
1420716750803452e3,3,Other,No,NA,NA,NA,NA,NA,NA,NA,NA,Neutrality,The Tweet does not contain an authority reference,No,No,No,"Policies, prevention & societal and economic impact",No,"Government, politicians and international organizations",NA,NA,NA,Individuals or communities,NA,NA,NA,Other,0,2021
1382646328908468200,3,Accurate information,No,NA,NA,NA,NA,NA,NA,NA,NA,Neutrality,The Tweet does not contain an authority reference,No,No,No,Severity of covid,No,NA,NA,NA,NA,NA,NA,None,NA,Other,0,2021
1237829017459470300,3,Other,No,NA,NA,NA,NA,NA,NA,NA,NA,Neutrality,The Tweet does not contain an authority reference,No,No,No,"Remedies for cure, treatment and prevention",No,NA,NA,NA,NA,NA,NA,None,NA,Other,0,2020
1296922478774759400,4,Misinformation,No,NA,NA,NA,NA,NA,NA,NA,NA,Neutrality,The Tweet does not contain an authority reference,No,No,No,Spread and detection,No,NA,NA,NA,NA,NA,NA,None,NA,Misinformation,1,2020
1289486611122536400,4,Misinformation,No,NA,NA,NA,NA,NA,NA,NA,NA,Neutrality,The Tweet does not contain an authority reference,No,No,No,Spread and detection,Yes,NA,NA,NA,NA,Individuals or communities,NA,NA,NA,Misinformation,1,2020
144366037967505e4,4,Other,No,NA,NA,NA,NA,NA,NA,NA,NA,Neutrality,The Tweet does not contain an authority reference,No,No,No,Other,No,NA,NA,NA,NA,NA,NA,None,NA,Other,0,2021
1381710873891377200,4,Accurate information,No,NA,NA,NA,NA,NA,NA,NA,NA,Neutrality,The Tweet does not contain an authority reference,No,No,No,"Policies, prevention & societal and economic impact",No,"Government, politicians and international organizations",NA,NA,NA,Individuals or communities,NA,NA,NA,Other,0,2021
1382441483521949700,3,Accurate information,No,NA,NA,NA,NA,NA,NA,NA,NA,Negativity,The Tweet does not contain an authority reference,No,No,Yes,"Policies, prevention & societal and economic impact",No,"Government, politicians and international organizations",NA,NA,NA,NA,NA,NA,NA,Other,0,2021
1247989122918211600,4,Other,No,NA,NA,NA,NA,NA,NA,NA,NA,Negativity,The Tweet does not contain an authority reference,No,No,No,"Policies, prevention & societal and economic impact",No,NA,NA,NA,NA,Individuals or communities,NA,NA,NA,Other,0,2020
129524657942374e4,1,Other,No,NA,NA,NA,NA,NA,NA,NA,NA,Neutrality,The Tweet does not contain an authority reference,No,No,No,"Policies, prevention & societal and economic impact",No,NA,NA,NA,NA,NA,NA,None,NA,Other,0,2020
1431937372858499e3,1,Accurate information,Yes,NA,NA,NA,NA,NA,NA,NA,Misinformation is not attributed to an actor,Negativity,The Tweet does not contain an authority reference,No,No,No,"News, information and misinformation",No,NA,NA,NA,NA,Individuals or communities,NA,NA,NA,Other,0,2021
1458877320366895e3,1,Accurate information,No,NA,NA,NA,NA,NA,NA,NA,NA,Negativity,The Tweet does not contain an authority reference,No,No,No,"Policies, prevention & societal and economic impact",No,NA,NA,NA,NA,Individuals or communities,NA,NA,NA,Other,0,2021
1406263465275187200,3,Uncheckable claim,No,NA,NA,NA,NA,NA,NA,NA,NA,Negativity,The Tweet does not contain an authority reference,No,No,No,Spread and detection,No,NA,NA,NA,NA,NA,NA,None,NA,Other,0,2021
1330171465287823400,1,Uncheckable claim,Yes,NA,NA,NA,NA,NA,NA,NA,Misinformation is not attributed to an actor,Neutrality,The Tweet does not contain an authority reference,No,No,Yes,"News, information and misinformation",No,NA,NA,NA,Other major non-governmental actors,NA,NA,NA,NA,Other,0,2020
1295251233851285500,1,Other,No,NA,NA,NA,NA,NA,NA,NA,NA,Neutrality,The Tweet does not contain an authority reference,No,No,No,"Policies, prevention & societal and economic impact",No,NA,NA,NA,NA,NA,NA,None,NA,Other,0,2020
1438123463571562500,2,Accurate information,No,NA,NA,NA,NA,NA,NA,NA,NA,Neutrality,The Tweet does not contain an authority reference,No,No,No,"Policies, prevention & societal and economic impact",No,NA,NA,NA,Other major non-governmental actors,NA,NA,NA,NA,Other,0,2021
1362424761565986800,4,Other,No,NA,NA,NA,NA,NA,NA,NA,NA,Neutrality,The Tweet does not contain an authority reference,No,No,No,"Policies, prevention & societal and economic impact",No,NA,NA,NA,NA,Individuals or communities,NA,NA,NA,Other,0,2021
1323339339288510500,3,Uncheckable claim,No,NA,NA,NA,NA,NA,NA,NA,NA,Positivity,The Tweet does not contain an authority reference,No,No,No,"Policies, prevention & societal and economic impact",No,NA,NA,NA,NA,Individuals or communities,NA,NA,NA,Other,0,2020
132652217691324e4,2,Accurate information,No,NA,NA,NA,NA,NA,NA,NA,NA,Neutrality,The Tweet does not contain an authority reference,No,No,No,"Policies, prevention & societal and economic impact",No,NA,NA,NA,NA,NA,NA,None,NA,Other,0,2020
1352008898786504700,2,Accurate information,No,NA,NA,NA,NA,NA,NA,NA,NA,Negativity,The Tweet does not contain an authority reference,No,No,No,"Policies, prevention & societal and economic impact",No,NA,NA,Media,NA,NA,NA,NA,NA,Other,0,2021
1383830785807962e3,3,Other,No,NA,NA,NA,NA,NA,NA,NA,NA,Neutrality,The Tweet does not contain an authority reference,No,No,No,"Policies, prevention & societal and economic impact",No,NA,NA,NA,NA,NA,NA,None,NA,Other,0,2021
1471251849395286e3,2,Accurate information,No,NA,NA,NA,NA,NA,NA,NA,NA,Negativity,The Tweet contains a non-specific authority reference,No,No,No,"Policies, prevention & societal and economic impact",No,NA,NA,NA,Other major non-governmental actors,NA,NA,NA,NA,Other,0,2021
1235887446610645e3,1,Accurate information,No,NA,NA,NA,NA,NA,NA,NA,NA,Neutrality,The Tweet contains a specific authority reference,No,No,No,Spread and detection,No,"Government, politicians and international organizations",Health services,NA,NA,Individuals or communities,NA,NA,NA,Other,0,2020
1486396217986850800,3,Misinformation,No,NA,NA,NA,NA,NA,NA,NA,NA,Negativity,The Tweet does not contain an authority reference,No,No,Yes,Other,Yes,NA,NA,NA,NA,Individuals or communities,Other,NA,NA,Misinformation,1,2022
1240894618553782300,2,Accurate information,No,NA,NA,NA,NA,NA,NA,NA,NA,Positivity,The Tweet does not contain an authority reference,No,No,No,"Remedies for cure, treatment and prevention",No,NA,NA,NA,NA,NA,NA,None,NA,Other,0,2020
1350586306754203600,3,Accurate information,No,NA,NA,NA,NA,NA,NA,NA,NA,Neutrality,The Tweet does not contain an authority reference,No,No,No,Origin of covid,No,"Government, politicians and international organizations",NA,NA,NA,NA,NA,NA,NA,Other,0,2021
1400353465797329e3,4,Misinformation,No,NA,NA,NA,NA,NA,NA,NA,NA,Neutrality,The Tweet does not contain an authority reference,No,No,No,Vaccination,No,NA,NA,NA,NA,NA,Other,NA,NA,Misinformation,1,2021
1260905123615838200,2,Accurate information,Yes,NA,NA,"A foreign politician, foreign government, international leader or international organization",NA,NA,NA,NA,NA,Neutrality,The Tweet contains a specific authority reference,No,No,No,"News, information and misinformation",No,"Government, politicians and international organizations",NA,NA,NA,NA,NA,NA,NA,Other,0,2020
1391384636455112700,2,Misinformation,No,NA,NA,NA,NA,NA,NA,NA,NA,Neutrality,The Tweet does not contain an authority reference,No,No,No,Vaccination,No,NA,NA,NA,NA,NA,NA,None,NA,Misinformation,1,2021
1248338595150168e3,2,Uncheckable claim,No,NA,NA,NA,NA,NA,NA,NA,NA,Neutrality,The Tweet contains a non-specific authority reference,No,No,No,Spread and detection,No,NA,NA,NA,NA,NA,NA,None,NA,Other,0,2020
1269643268477853700,3,Uncheckable claim,No,NA,NA,NA,NA,NA,NA,NA,NA,Negativity,The Tweet does not contain an authority reference,No,No,No,Spread and detection,No,NA,NA,NA,NA,Individuals or communities,NA,NA,NA,Other,0,2020
1485870880882368500,2,Misinformation,No,NA,NA,NA,NA,NA,NA,NA,NA,Negativity,The Tweet does not contain an authority reference,No,Yes,Yes,Existence of covid,Yes,"Government, politicians and international organizations",NA,NA,NA,Individuals or communities,NA,NA,NA,Misinformation,1,2022
1295653444997570600,3,Accurate information,No,NA,NA,NA,NA,NA,NA,NA,NA,Negativity,The Tweet does not contain an authority reference,No,No,No,Spread and detection,No,NA,NA,NA,NA,NA,NA,None,NA,Other,0,2020
1471409377131257900,4,Accurate information,No,NA,NA,NA,NA,NA,NA,NA,NA,Neutrality,The Tweet contains a non-specific authority reference,No,No,No,Symptoms or characteristics of covid,No,NA,NA,NA,NA,NA,NA,None,NA,Other,0,2021
1485355374039425e3,4,Other,No,NA,NA,NA,NA,NA,NA,NA,NA,Neutrality,The Tweet does not contain an authority reference,No,No,No,"Remedies for cure, treatment and prevention",No,NA,NA,NA,NA,NA,NA,None,NA,Other,0,2022
1337277971481174e3,4,Misinformation,Yes,NA,NA,NA,NA,NA,NA,NA,Misinformation is not attributed to an actor,Negativity,The Tweet does not contain an authority reference,No,No,No,"News, information and misinformation",No,"Government, politicians and international organizations",Health services,NA,NA,Individuals or communities,NA,NA,NA,Misinformation,1,2020
1247470685699616800,4,Accurate information,Yes,NA,NA,NA,NA,NA,NA,NA,Misinformation is not attributed to an actor,Neutrality,The Tweet does not contain an authority reference,No,No,No,"Remedies for cure, treatment and prevention",No,NA,NA,NA,NA,NA,NA,None,NA,Other,0,2020
1243670882096201700,3,Uncheckable claim,No,NA,NA,NA,NA,NA,NA,NA,NA,Positivity,The Tweet does not contain an authority reference,No,No,No,"Remedies for cure, treatment and prevention",No,NA,NA,NA,NA,NA,NA,None,NA,Other,0,2020
1258121067039686700,2,Misinformation,No,NA,NA,NA,NA,NA,NA,NA,NA,Neutrality,The Tweet does not contain an authority reference,No,No,No,"Policies, prevention & societal and economic impact",No,NA,NA,NA,Other major non-governmental actors,Individuals or communities,NA,NA,NA,Misinformation,1,2020
1244560423891976200,1,Accurate information,No,NA,NA,NA,NA,NA,NA,NA,NA,Mixed,The Tweet does not contain an authority reference,No,No,No,Vaccination,No,NA,NA,NA,NA,Individuals or communities,NA,NA,NA,Other,0,2020
1342802421370777600,2,Accurate information,No,NA,NA,NA,NA,NA,NA,NA,NA,Neutrality,The Tweet contains a non-specific authority reference,No,No,No,"Remedies for cure, treatment and prevention",No,NA,NA,NA,NA,Individuals or communities,NA,NA,University or scientific organization,Other,0,2020
1465599010690023400,2,Accurate information,No,NA,NA,NA,NA,NA,NA,NA,NA,Neutrality,The Tweet contains a specific authority reference,No,No,No,"Policies, prevention & societal and economic impact",No,NA,NA,NA,NA,Individuals or communities,NA,NA,NA,Other,0,2021
1271040616647069700,4,Accurate information,Yes,NA,NA,"A foreign politician, foreign government, international leader or international organization",NA,NA,NA,NA,NA,Neutrality,The Tweet contains a specific authority reference,No,No,No,"News, information and misinformation",No,"Government, politicians and international organizations",NA,NA,NA,NA,NA,NA,NA,Other,0,2020
1431534163128201200,1,Other,Yes,A Dutch politician (not seated in the Dutch cabinet),NA,NA,NA,An alternative media outlet or journalist working in alternative media,"An opinion leader or individual who is not a journalist, and not a part of a government, parliament, or a political party",NA,NA,Negativity,The Tweet does not contain an authority reference,Yes,No,No,"News, information and misinformation",No,"Government, politicians and international organizations",NA,Media,Other major non-governmental actors,Individuals or communities,NA,NA,NA,Other,0,2021
1333370989133049900,4,Accurate information,No,NA,NA,NA,NA,NA,NA,NA,NA,Neutrality,The Tweet does not contain an authority reference,No,No,No,Symptoms or characteristics of covid,No,NA,NA,NA,NA,Individuals or communities,NA,NA,NA,Other,0,2020
1258897252610904e3,3,Accurate information,No,NA,NA,NA,NA,NA,NA,NA,NA,Neutrality,The Tweet contains a non-specific authority reference,No,No,No,"Policies, prevention & societal and economic impact",No,NA,NA,NA,NA,Individuals or communities,NA,NA,NA,Other,0,2020
1370030151539462100,4,Other,No,NA,NA,NA,NA,NA,NA,NA,NA,Negativity,The Tweet does not contain an authority reference,No,No,Yes,Vaccination,No,NA,NA,NA,NA,NA,NA,None,NA,Other,0,2021
1313442950236471300,4,Accurate information,Yes,NA,NA,NA,NA,NA,NA,NA,Misinformation is not attributed to an actor,Neutrality,The Tweet does not contain an authority reference,No,No,Yes,"News, information and misinformation",No,"Government, politicians and international organizations",NA,NA,NA,NA,NA,NA,NA,Other,0,2020
1479362478572249e3,4,Other,No,NA,NA,NA,NA,NA,NA,NA,NA,Neutrality,The Tweet does not contain an authority reference,No,No,No,Other,No,NA,NA,NA,NA,NA,Other,NA,NA,Other,0,2022
1443368028557688800,2,Uncheckable claim,No,NA,NA,NA,NA,NA,NA,NA,NA,Neutrality,The Tweet does not contain an authority reference,No,No,No,"Policies, prevention & societal and economic impact",No,NA,NA,NA,Other major non-governmental actors,NA,NA,NA,NA,Other,0,2021
1385085919292690400,4,Misinformation,No,NA,NA,NA,NA,NA,NA,NA,NA,Neutrality,The Tweet does not contain an authority reference,No,No,No,Existence of covid,Yes,NA,NA,NA,NA,NA,NA,None,NA,Misinformation,1,2021
1316605800031432700,1,Accurate information,No,NA,NA,NA,NA,NA,NA,NA,NA,Neutrality,The Tweet does not contain an authority reference,No,No,No,"Remedies for cure, treatment and prevention",No,NA,NA,NA,NA,NA,NA,NA,University or scientific organization,Other,0,2020
1263835480874942500,3,Accurate information,No,NA,NA,NA,NA,NA,NA,NA,NA,Neutrality,The Tweet does not contain an authority reference,No,No,No,Spread and detection,No,NA,NA,NA,Other major non-governmental actors,Individuals or communities,NA,NA,NA,Other,0,2020
1398601242713133e3,1,Accurate information,No,NA,NA,NA,NA,NA,NA,NA,NA,Neutrality,The Tweet contains a specific authority reference,No,No,No,Vaccination,Yes,"Government, politicians and international organizations",NA,NA,NA,Individuals or communities,NA,NA,NA,Other,0,2021
1300361343384645600,4,Other,No,NA,NA,NA,NA,NA,NA,NA,NA,Neutrality,The Tweet does not contain an authority reference,No,No,No,"Policies, prevention & societal and economic impact",No,"Government, politicians and international organizations",NA,NA,Other major non-governmental actors,NA,NA,NA,NA,Other,0,2020
1411815271686361e3,1,Accurate information,No,NA,NA,NA,NA,NA,NA,NA,NA,Neutrality,The Tweet contains a specific authority reference,No,No,No,"Policies, prevention & societal and economic impact",No,NA,NA,NA,NA,NA,NA,NA,University or scientific organization,Other,0,2021
1456948410033086500,2,Misinformation,No,NA,NA,NA,NA,NA,NA,NA,NA,Negativity,The Tweet does not contain an authority reference,No,No,No,Spread and detection,No,NA,NA,NA,NA,Individuals or communities,NA,NA,NA,Misinformation,1,2021
1406863090948378600,3,Uncheckable claim,No,NA,NA,NA,NA,NA,NA,NA,NA,Mixed,The Tweet does not contain an authority reference,No,No,No,Spread and detection,No,NA,NA,NA,NA,NA,NA,None,NA,Other,0,2021
1342754571718946800,2,Misinformation,No,NA,NA,NA,NA,NA,NA,NA,NA,Neutrality,The Tweet does not contain an authority reference,No,No,No,Spread and detection,No,NA,NA,NA,NA,NA,NA,None,NA,Misinformation,1,2020
1242835528141222e3,1,Accurate information,Yes,NA,NA,"A foreign politician, foreign government, international leader or international organization",NA,NA,NA,NA,NA,Neutrality,The Tweet contains a specific authority reference,No,No,Yes,"News, information and misinformation",No,"Government, politicians and international organizations",NA,NA,NA,NA,NA,NA,NA,Other,0,2020
1317422883560431600,2,Misinformation,No,NA,NA,NA,NA,NA,NA,NA,NA,Neutrality,The Tweet does not contain an authority reference,No,No,No,Existence of covid,Yes,NA,Health services,NA,NA,NA,NA,NA,NA,Misinformation,1,2020
1295281010008100900,4,Other,No,NA,NA,NA,NA,NA,NA,NA,NA,Neutrality,The Tweet does not contain an authority reference,No,No,No,"Policies, prevention & societal and economic impact",No,NA,NA,NA,NA,NA,NA,None,NA,Other,0,2020
1454152412990742500,3,Other,Yes,NA,NA,NA,NA,NA,NA,NA,Misinformation is not attributed to an actor,Neutrality,The Tweet does not contain an authority reference,No,No,No,"News, information and misinformation",No,"Government, politicians and international organizations",NA,NA,NA,NA,NA,NA,NA,Other,0,2021
1242792991921758200,2,Accurate information,No,NA,NA,NA,NA,NA,NA,NA,NA,Positivity,The Tweet does not contain an authority reference,No,No,No,"Policies, prevention & societal and economic impact",No,NA,NA,NA,Other major non-governmental actors,NA,NA,NA,NA,Other,0,2020
1313911549212450800,1,Accurate information,Yes,NA,NA,NA,NA,NA,NA,NA,Misinformation is not attributed to an actor,Neutrality,The Tweet does not contain an authority reference,No,No,No,"News, information and misinformation",No,"Government, politicians and international organizations",NA,Media,Other major non-governmental actors,NA,NA,NA,NA,Other,0,2020
1315354408922820600,1,Other,No,NA,NA,NA,NA,NA,NA,NA,NA,Neutrality,The Tweet does not contain an authority reference,No,No,No,"Policies, prevention & societal and economic impact",No,NA,NA,NA,NA,NA,NA,None,NA,Other,0,2020
1253228060322795500,2,Uncheckable claim,No,NA,NA,NA,NA,NA,NA,NA,NA,Neutrality,The Tweet does not contain an authority reference,No,No,No,"Policies, prevention & societal and economic impact",No,"Government, politicians and international organizations",NA,NA,Other major non-governmental actors,NA,NA,NA,NA,Other,0,2020
1244249201388773400,3,Misinformation,No,NA,NA,NA,NA,NA,NA,NA,NA,Neutrality,The Tweet does not contain an authority reference,No,No,No,Severity of covid,No,NA,NA,NA,NA,Individuals or communities,NA,NA,NA,Misinformation,1,2020
1248933128816726e3,4,Other,No,NA,NA,NA,NA,NA,NA,NA,NA,Neutrality,The Tweet does not contain an authority reference,No,No,No,"Remedies for cure, treatment and prevention",No,NA,NA,NA,NA,NA,NA,None,NA,Other,0,2020
1468461617063018500,4,Suggestive misinformation,No,NA,NA,NA,NA,NA,NA,NA,NA,Negativity,The Tweet does not contain an authority reference,Yes,No,No,"News, information and misinformation",Yes,"Government, politicians and international organizations",NA,NA,Other major non-governmental actors,NA,NA,NA,NA,Misinformation,1,2021
1484556649864044500,1,Other,No,NA,NA,NA,NA,NA,NA,NA,NA,Negativity,The Tweet does not contain an authority reference,No,No,No,"Policies, prevention & societal and economic impact",No,"Government, politicians and international organizations",NA,NA,NA,NA,NA,NA,University or scientific organization,Other,0,2022
1387882629496717300,1,Uncheckable claim,No,NA,NA,NA,NA,NA,NA,NA,NA,Positivity,The Tweet contains a non-specific authority reference,No,No,No,"Policies, prevention & societal and economic impact",No,NA,NA,NA,NA,NA,NA,None,NA,Other,0,2021
1455213219438551e3,1,Misinformation,No,NA,NA,NA,NA,NA,NA,NA,NA,Negativity,The Tweet does not contain an authority reference,No,No,Yes,Existence of covid,Yes,NA,NA,NA,NA,NA,NA,None,NA,Misinformation,1,2021
1437333857192358e3,4,Accurate information,No,NA,NA,NA,NA,NA,NA,NA,NA,Neutrality,The Tweet does not contain an authority reference,No,No,No,Vaccination,No,NA,NA,NA,NA,NA,NA,None,NA,Other,0,2021
1240708812689928200,2,Other,Yes,NA,NA,NA,NA,NA,NA,NA,Misinformation is not attributed to an actor,Positivity,The Tweet does not contain an authority reference,No,No,No,"News, information and misinformation",No,NA,NA,NA,NA,Individuals or communities,NA,NA,NA,Other,0,2020
1255079003888791600,1,Accurate information,Yes,NA,NA,NA,NA,NA,NA,NA,Misinformation is not attributed to an actor,Neutrality,The Tweet does not contain an authority reference,No,No,No,"Policies, prevention & societal and economic impact",No,"Government, politicians and international organizations",NA,NA,NA,NA,NA,NA,NA,Other,0,2020
1386613137798013e3,1,Accurate information,No,NA,NA,NA,NA,NA,NA,NA,NA,Neutrality,The Tweet does not contain an authority reference,No,No,No,"News, information and misinformation",No,NA,NA,Media,NA,Individuals or communities,NA,NA,NA,Other,0,2021
1483453558309769200,1,Accurate information,No,NA,NA,NA,NA,NA,NA,NA,NA,Neutrality,The Tweet contains a non-specific authority reference,No,No,No,Symptoms or characteristics of covid,No,NA,NA,NA,NA,Individuals or communities,NA,NA,NA,Other,0,2022
1367117250893906e3,1,Accurate information,No,NA,NA,NA,NA,NA,NA,NA,NA,Neutrality,The Tweet does not contain an authority reference,No,No,No,"Remedies for cure, treatment and prevention",No,"Government, politicians and international organizations",NA,NA,NA,NA,NA,NA,NA,Other,0,2021
1458403685168472e3,1,Other,Yes,NA,NA,NA,NA,NA,NA,NA,Misinformation is not attributed to an actor,Negativity,The Tweet does not contain an authority reference,Yes,No,No,"News, information and misinformation",No,"Government, politicians and international organizations",NA,Media,NA,Individuals or communities,NA,NA,NA,Other,0,2021
1333386545563381800,2,Accurate information,No,NA,NA,NA,NA,NA,NA,NA,NA,Neutrality,The Tweet does not contain an authority reference,No,No,No,"Remedies for cure, treatment and prevention",No,NA,NA,Media,NA,NA,NA,NA,NA,Other,0,2020
1415382473987534800,1,Other,No,NA,NA,NA,NA,NA,NA,NA,NA,Neutrality,The Tweet does not contain an authority reference,No,No,No,"Policies, prevention & societal and economic impact",No,NA,NA,NA,NA,NA,NA,None,NA,Other,0,2021
1296695232776614e3,4,Accurate information,Yes,NA,NA,NA,NA,NA,NA,Other actor,NA,Neutrality,The Tweet does not contain an authority reference,Yes,No,No,"News, information and misinformation",No,NA,NA,Media,Other major non-governmental actors,NA,NA,NA,NA,Other,0,2020
1247382774362919e3,3,Misinformation,No,NA,NA,NA,NA,NA,NA,NA,NA,Neutrality,The Tweet does not contain an authority reference,No,No,No,Symptoms or characteristics of covid,No,NA,NA,NA,NA,NA,NA,None,NA,Misinformation,1,2020
140693115157137e4,4,Accurate information,No,NA,NA,NA,NA,NA,NA,NA,NA,Neutrality,The Tweet contains a specific authority reference,No,No,No,"Remedies for cure, treatment and prevention",No,NA,NA,NA,NA,NA,NA,None,NA,Other,0,2021
1267781142981283800,1,Accurate information,No,NA,NA,NA,NA,NA,NA,NA,NA,Neutrality,The Tweet contains a specific authority reference,No,No,No,Vaccination,No,NA,NA,NA,Other major non-governmental actors,NA,NA,NA,University or scientific organization,Other,0,2020
1392173980874907600,4,Other,No,NA,NA,NA,NA,NA,NA,NA,NA,Negativity,The Tweet does not contain an authority reference,No,No,No,"News, information and misinformation",No,"Government, politicians and international organizations",NA,NA,NA,NA,NA,NA,NA,Other,0,2021
1437166279861887e3,4,Unable to classify,Yes,NA,NA,NA,NA,NA,"An opinion leader or individual who is not a journalist, and not a part of a government, parliament, or a political party",NA,NA,Negativity,The Tweet does not contain an authority reference,No,Yes,No,"News, information and misinformation",No,"Government, politicians and international organizations",Health services,NA,NA,Individuals or communities,NA,NA,NA,Other,0,2021
1451690386087415800,2,Misinformation,No,NA,NA,NA,NA,NA,NA,NA,NA,Neutrality,The Tweet does not contain an authority reference,No,No,No,Existence of covid,Yes,NA,NA,NA,NA,Individuals or communities,NA,NA,NA,Misinformation,1,2021
1362009641736142800,2,Uncheckable claim,Yes,NA,NA,NA,NA,NA,NA,NA,Misinformation is not attributed to an actor,Negativity,The Tweet does not contain an authority reference,No,No,No,"News, information and misinformation",No,NA,NA,NA,NA,NA,NA,None,NA,Other,0,2021
1254641948973043700,4,Accurate information,No,NA,NA,NA,NA,NA,NA,NA,NA,Neutrality,The Tweet contains a specific authority reference,No,No,No,Spread and detection,No,NA,NA,NA,NA,NA,NA,NA,University or scientific organization,Other,0,2020
1313350409092825e3,4,Unable to classify,No,NA,NA,NA,NA,NA,NA,NA,NA,Neutrality,The Tweet does not contain an authority reference,No,No,No,"Policies, prevention & societal and economic impact",No,"Government, politicians and international organizations",NA,NA,NA,NA,NA,NA,NA,Other,0,2020
1321694804028379100,3,Accurate information,No,NA,NA,NA,NA,NA,NA,NA,NA,Neutrality,The Tweet contains a non-specific authority reference,No,No,No,"Remedies for cure, treatment and prevention",No,NA,NA,NA,Other major non-governmental actors,NA,NA,NA,NA,Other,0,2020
1235140872225816600,2,Other,Yes,NA,NA,NA,NA,NA,NA,NA,Misinformation is not attributed to an actor,Neutrality,The Tweet does not contain an authority reference,No,No,No,"Remedies for cure, treatment and prevention",No,NA,NA,NA,NA,Individuals or communities,NA,NA,NA,Other,0,2020
1247119988416229400,1,Other,Yes,NA,NA,NA,NA,NA,"An opinion leader or individual who is not a journalist, and not a part of a government, parliament, or a political party",NA,NA,Positivity,The Tweet does not contain an authority reference,No,No,No,"News, information and misinformation",No,NA,NA,NA,NA,Individuals or communities,NA,NA,NA,Other,0,2020
1281675828472893400,2,Misinformation,No,NA,NA,NA,NA,NA,NA,NA,NA,Neutrality,The Tweet does not contain an authority reference,No,No,No,"Remedies for cure, treatment and prevention",No,NA,NA,NA,NA,NA,NA,None,NA,Misinformation,1,2020
1372824838826565600,1,Other,No,NA,NA,NA,NA,NA,NA,NA,NA,Negativity,The Tweet does not contain an authority reference,No,No,No,Other,No,"Government, politicians and international organizations",NA,NA,NA,NA,NA,NA,NA,Other,0,2021
1315210964300685300,3,Other,No,NA,NA,NA,NA,NA,NA,NA,NA,Neutrality,The Tweet does not contain an authority reference,No,No,No,"Policies, prevention & societal and economic impact",No,NA,NA,NA,NA,NA,NA,None,NA,Other,0,2020
1297630959265882e3,4,Other,No,NA,NA,NA,NA,NA,NA,NA,NA,Neutrality,The Tweet does not contain an authority reference,No,No,No,Symptoms or characteristics of covid,No,NA,NA,NA,NA,Individuals or communities,NA,NA,NA,Other,0,2020
1296730492671271e3,2,Uncheckable claim,No,NA,NA,NA,NA,NA,NA,NA,NA,Neutrality,The Tweet does not contain an authority reference,No,No,No,Spread and detection,No,NA,NA,NA,NA,NA,NA,None,NA,Other,0,2020
1351967256339689500,3,Other,No,NA,NA,NA,NA,NA,NA,NA,NA,Neutrality,The Tweet does not contain an authority reference,No,No,No,Vaccination,No,NA,NA,NA,NA,Individuals or communities,NA,NA,NA,Other,0,2021
1453693531478966300,4,Other,No,NA,NA,NA,NA,NA,NA,NA,NA,Neutrality,The Tweet does not contain an authority reference,No,No,No,Vaccination,No,NA,NA,NA,NA,NA,NA,NA,University or scientific organization,Other,0,2021
1423883461782294500,3,Accurate information,No,NA,NA,NA,NA,NA,NA,NA,NA,Neutrality,The Tweet contains a specific authority reference,No,No,No,"Remedies for cure, treatment and prevention",No,NA,NA,NA,NA,Individuals or communities,NA,NA,University or scientific organization,Other,0,2021
1250925487754543e3,4,Accurate information,Yes,NA,NA,NA,NA,NA,NA,NA,Misinformation is not attributed to an actor,Neutrality,The Tweet does not contain an authority reference,No,No,No,"News, information and misinformation",No,NA,NA,Media,NA,Individuals or communities,NA,NA,NA,Other,0,2020
1274624555198353400,4,Other,No,NA,NA,NA,NA,NA,NA,NA,NA,Neutrality,The Tweet does not contain an authority reference,No,No,No,Symptoms or characteristics of covid,No,NA,NA,NA,NA,Individuals or communities,NA,NA,NA,Other,0,2020
1296404409488937e3,1,Other,Yes,NA,NA,NA,NA,NA,NA,NA,Misinformation is not attributed to an actor,Neutrality,The Tweet does not contain an authority reference,No,No,No,"News, information and misinformation",No,NA,NA,NA,NA,Individuals or communities,NA,NA,NA,Other,0,2020
1469660645746516e3,1,Misinformation,No,NA,NA,NA,NA,NA,NA,NA,NA,Negativity,The Tweet does not contain an authority reference,No,No,Yes,"Policies, prevention & societal and economic impact",No,NA,NA,NA,NA,Individuals or communities,NA,NA,NA,Misinformation,1,2021
1312306557032583200,3,Misinformation,No,NA,NA,NA,NA,NA,NA,NA,NA,Negativity,The Tweet does not contain an authority reference,Yes,No,No,Existence of covid,Yes,NA,NA,NA,NA,Individuals or communities,NA,NA,NA,Misinformation,1,2020
1338120821806608400,1,Accurate information,No,NA,NA,NA,NA,NA,NA,NA,NA,Neutrality,The Tweet does not contain an authority reference,Yes,No,No,"Policies, prevention & societal and economic impact",No,NA,NA,Media,Other major non-governmental actors,NA,NA,NA,NA,Other,0,2020
1323340611920056300,3,Other,No,NA,NA,NA,NA,NA,NA,NA,NA,Negativity,The Tweet does not contain an authority reference,No,No,Yes,Spread and detection,No,NA,NA,NA,NA,Individuals or communities,NA,NA,NA,Other,0,2020
1258708092054843400,4,Other,No,NA,NA,NA,NA,NA,NA,NA,NA,Neutrality,The Tweet does not contain an authority reference,No,No,No,"Policies, prevention & societal and economic impact",No,NA,NA,NA,NA,NA,NA,None,NA,Other,0,2020
1295266019527843800,2,Other,No,NA,NA,NA,NA,NA,NA,NA,NA,Neutrality,The Tweet does not contain an authority reference,No,No,No,"Policies, prevention & societal and economic impact",No,NA,NA,NA,NA,NA,NA,None,NA,Other,0,2020
1468497041730982e3,2,Misinformation,No,NA,NA,NA,NA,NA,NA,NA,NA,Negativity,The Tweet does not contain an authority reference,No,No,No,"Policies, prevention & societal and economic impact",No,NA,NA,NA,NA,Individuals or communities,NA,NA,NA,Misinformation,1,2021
1240703504131313700,2,Accurate information,Yes,NA,NA,NA,NA,NA,NA,NA,Misinformation is not attributed to an actor,Negativity,The Tweet does not contain an authority reference,No,No,No,"News, information and misinformation",No,"Government, politicians and international organizations",Health services,NA,NA,Individuals or communities,NA,NA,NA,Other,0,2020
1405937678932185e3,4,Other,No,NA,NA,NA,NA,NA,NA,NA,NA,Negativity,The Tweet does not contain an authority reference,No,No,No,"Policies, prevention & societal and economic impact",No,NA,NA,NA,NA,Individuals or communities,NA,NA,NA,Other,0,2021
1333004572227481600,2,Misinformation,No,NA,NA,NA,NA,NA,NA,NA,NA,Negativity,The Tweet does not contain an authority reference,No,Yes,No,Existence of covid,Yes,NA,NA,NA,NA,Individuals or communities,NA,NA,University or scientific organization,Misinformation,1,2020
1481137824929706e3,2,Other,No,NA,NA,NA,NA,NA,NA,NA,NA,Neutrality,The Tweet does not contain an authority reference,No,No,No,Severity of covid,No,NA,NA,Media,NA,NA,NA,NA,NA,Other,0,2022
1408908443487031300,4,Accurate information,No,NA,NA,NA,NA,NA,NA,NA,NA,Neutrality,The Tweet does not contain an authority reference,No,No,No,"Policies, prevention & societal and economic impact",No,"Government, politicians and international organizations",NA,NA,NA,NA,NA,NA,NA,Other,0,2021
1448228791059320800,3,Accurate information,No,NA,NA,NA,NA,NA,NA,NA,NA,Neutrality,The Tweet does not contain an authority reference,No,No,No,"Policies, prevention & societal and economic impact",No,NA,NA,NA,Other major non-governmental actors,NA,NA,NA,NA,Other,0,2021
133726820193212e4,4,Other,Yes,NA,NA,NA,NA,NA,NA,NA,Misinformation is not attributed to an actor,Neutrality,The Tweet does not contain an authority reference,No,No,No,"News, information and misinformation",No,NA,Health services,Media,NA,NA,NA,NA,NA,Other,0,2020
1240254554635153400,1,Misinformation,Yes,NA,NA,NA,A mainstream media outlet or journalist working in the mainstream media,NA,NA,NA,NA,Neutrality,The Tweet does not contain an authority reference,No,No,No,"News, information and misinformation",No,NA,NA,Media,NA,NA,NA,NA,NA,Misinformation,1,2020
1349657161291477e3,4,Other,No,NA,NA,NA,NA,NA,NA,NA,NA,Neutrality,The Tweet does not contain an authority reference,No,No,No,"Policies, prevention & societal and economic impact",No,NA,NA,NA,NA,Individuals or communities,NA,NA,NA,Other,0,2021
1275313695917293600,2,Misinformation,No,NA,NA,NA,NA,NA,NA,NA,NA,Negativity,The Tweet does not contain an authority reference,No,No,No,Existence of covid,Yes,"Government, politicians and international organizations",NA,NA,NA,NA,NA,NA,NA,Misinformation,1,2020
1239517951205785600,4,Uncheckable claim,Yes,NA,NA,NA,NA,NA,NA,NA,Misinformation is not attributed to an actor,Neutrality,The Tweet does not contain an authority reference,No,No,No,"News, information and misinformation",No,NA,NA,NA,NA,NA,NA,None,NA,Other,0,2020
1258138355944079400,2,Accurate information,No,NA,NA,NA,NA,NA,NA,NA,NA,Neutrality,The Tweet does not contain an authority reference,No,No,No,"Remedies for cure, treatment and prevention",No,NA,NA,NA,NA,NA,NA,None,NA,Other,0,2020
1315017748666347500,1,Other,No,NA,NA,NA,NA,NA,NA,NA,NA,Neutrality,The Tweet does not contain an authority reference,No,No,No,"Policies, prevention & societal and economic impact",No,NA,NA,NA,NA,NA,NA,None,NA,Other,0,2020
1436363572410560500,1,Accurate information,No,NA,NA,NA,NA,NA,NA,NA,NA,Positivity,The Tweet does not contain an authority reference,No,No,No,Vaccination,No,NA,Health services,NA,Other major non-governmental actors,NA,NA,NA,NA,Other,0,2021
1410225859424882700,1,Accurate information,No,NA,NA,NA,NA,NA,NA,NA,NA,Neutrality,The Tweet contains a non-specific authority reference,No,No,No,"Remedies for cure, treatment and prevention",No,NA,NA,NA,NA,NA,NA,None,NA,Other,0,2021
1464285627986464800,2,Misinformation,No,NA,NA,NA,NA,NA,NA,NA,NA,Positivity,The Tweet does not contain an authority reference,No,No,No,"Policies, prevention & societal and economic impact",No,NA,NA,NA,Other major non-governmental actors,NA,NA,NA,NA,Misinformation,1,2021
1254671037696e6,4,Other,No,NA,NA,NA,NA,NA,NA,NA,NA,Mixed,The Tweet does not contain an authority reference,No,No,Yes,Severity of covid,No,NA,NA,NA,NA,Individuals or communities,NA,NA,NA,Other,0,2020
1235493824065134600,4,Accurate information,No,NA,NA,NA,NA,NA,NA,NA,NA,Neutrality,The Tweet does not contain an authority reference,No,No,No,"Policies, prevention & societal and economic impact",No,NA,NA,NA,NA,Individuals or communities,NA,NA,NA,Other,0,2020
1354803456553357300,4,Accurate information,No,NA,NA,NA,NA,NA,NA,NA,NA,Neutrality,The Tweet contains a specific authority reference,No,No,No,"Policies, prevention & societal and economic impact",No,NA,NA,NA,Other major non-governmental actors,NA,NA,NA,NA,Other,0,2021
1314893878051377200,2,Other,No,NA,NA,NA,NA,NA,NA,NA,NA,Neutrality,The Tweet does not contain an authority reference,No,No,No,"Policies, prevention & societal and economic impact",No,NA,NA,NA,NA,NA,NA,None,NA,Other,0,2020
1313154728340205600,4,Other,No,NA,NA,NA,NA,NA,NA,NA,NA,Neutrality,The Tweet does not contain an authority reference,No,No,No,"Policies, prevention & societal and economic impact",No,"Government, politicians and international organizations",NA,NA,NA,NA,NA,NA,NA,Other,0,2020
1245756450170863600,1,Other,No,NA,NA,NA,NA,NA,NA,NA,NA,Neutrality,The Tweet does not contain an authority reference,No,No,No,Symptoms or characteristics of covid,No,NA,NA,NA,NA,NA,NA,None,NA,Other,0,2020
1334441532179492900,2,Other,No,NA,NA,NA,NA,NA,NA,NA,NA,Neutrality,The Tweet does not contain an authority reference,No,No,No,"Policies, prevention & societal and economic impact",No,NA,NA,NA,NA,NA,NA,None,NA,Other,0,2020
1477577855534043100,3,Accurate information,Yes,NA,"The Dutch government, cabinet, a member of the Dutch cabinet or civil servant",NA,NA,NA,"An opinion leader or individual who is not a journalist, and not a part of a government, parliament, or a political party",NA,NA,Negativity,The Tweet does not contain an authority reference,No,No,No,"News, information and misinformation",No,"Government, politicians and international organizations",NA,NA,Other major non-governmental actors,NA,NA,NA,NA,Other,0,2022
1295299021188337700,3,Other,No,NA,NA,NA,NA,NA,NA,NA,NA,Neutrality,The Tweet does not contain an authority reference,No,No,No,"Policies, prevention & societal and economic impact",No,NA,NA,NA,NA,NA,NA,None,NA,Other,0,2020
1237351335898615800,1,Misinformation,No,NA,NA,NA,NA,NA,NA,NA,NA,Neutrality,The Tweet contains a specific authority reference,No,No,No,Existence of covid,Yes,"Government, politicians and international organizations",NA,Media,NA,NA,NA,NA,NA,Misinformation,1,2020
1259256102975352800,1,Accurate information,No,NA,NA,NA,NA,NA,NA,NA,NA,Neutrality,The Tweet does not contain an authority reference,No,No,No,"Policies, prevention & societal and economic impact",No,NA,NA,NA,Other major non-governmental actors,NA,NA,NA,NA,Other,0,2020
1.3119128795835679e+18,4,Other,Yes,NA,NA,NA,NA,NA,NA,NA,Misinformation is not attributed to an actor,Neutrality,The Tweet does not contain an authority reference,No,No,No,Symptoms or characteristics of covid,No,"Government, politicians and international organizations",NA,NA,NA,Individuals or communities,NA,NA,NA,Other,0,2020
1315266750028689400,4,Unable to classify,No,NA,NA,NA,NA,NA,NA,NA,NA,Neutrality,The Tweet does not contain an authority reference,No,No,No,"News, information and misinformation",No,NA,Health services,NA,NA,NA,NA,NA,NA,Other,0,2020
1474744609821581300,1,Misinformation,Yes,NA,NA,NA,A mainstream media outlet or journalist working in the mainstream media,NA,NA,NA,NA,Neutrality,The Tweet does not contain an authority reference,No,No,No,"News, information and misinformation",No,NA,NA,NA,NA,NA,NA,None,NA,Misinformation,1,2021
1245679847139168300,4,Accurate information,No,NA,NA,NA,NA,NA,NA,NA,NA,Neutrality,The Tweet contains a non-specific authority reference,No,No,No,"Policies, prevention & societal and economic impact",No,NA,NA,NA,NA,NA,NA,NA,University or scientific organization,Other,0,2020
1466315137678286800,1,Suggestive misinformation,No,NA,NA,NA,NA,NA,NA,NA,NA,Neutrality,The Tweet does not contain an authority reference,No,No,No,Spread and detection,No,NA,NA,NA,NA,NA,NA,None,NA,Misinformation,1,2021
1433070337177104400,4,Other,Yes,NA,NA,NA,NA,NA,NA,NA,Misinformation is not attributed to an actor,Neutrality,The Tweet does not contain an authority reference,No,No,No,"News, information and misinformation",No,"Government, politicians and international organizations",NA,NA,NA,NA,NA,NA,NA,Other,0,2021
1317683697609486300,3,Accurate information,No,NA,NA,NA,NA,NA,NA,NA,NA,Neutrality,The Tweet does not contain an authority reference,No,No,No,Spread and detection,No,"Government, politicians and international organizations",NA,NA,NA,NA,NA,NA,NA,Other,0,2020
1411295325722132500,4,Other,No,NA,NA,NA,NA,NA,NA,NA,NA,Neutrality,The Tweet does not contain an authority reference,No,No,No,Vaccination,No,NA,NA,NA,NA,NA,NA,None,NA,Other,0,2021
1329318026274082800,2,Uncheckable claim,No,NA,NA,NA,NA,NA,NA,NA,NA,Negativity,The Tweet does not contain an authority reference,No,No,No,Vaccination,No,NA,NA,NA,NA,Individuals or communities,NA,NA,NA,Other,0,2020
1441032146320298e3,4,Other,No,NA,NA,NA,NA,NA,NA,NA,NA,Positivity,The Tweet does not contain an authority reference,No,No,No,"Policies, prevention & societal and economic impact",No,NA,NA,NA,NA,NA,NA,None,NA,Other,0,2021
1315749189972881400,4,Accurate information,Yes,NA,NA,NA,NA,NA,NA,NA,Misinformation is not attributed to an actor,Neutrality,The Tweet does not contain an authority reference,No,No,No,"Policies, prevention & societal and economic impact",No,NA,NA,Media,NA,Individuals or communities,NA,NA,University or scientific organization,Other,0,2020
1419352209419083800,4,Uncheckable claim,No,NA,NA,NA,NA,NA,NA,NA,NA,Neutrality,The Tweet does not contain an authority reference,No,No,No,Symptoms or characteristics of covid,No,NA,NA,NA,NA,NA,NA,None,NA,Other,0,2021
1464194547358085e3,3,Misinformation,Yes,NA,NA,NA,NA,NA,NA,NA,Misinformation is not attributed to an actor,Neutrality,The Tweet does not contain an authority reference,No,No,No,"News, information and misinformation",No,NA,NA,NA,NA,NA,NA,None,NA,Misinformation,1,2021
1332657318836793300,4,Other,Yes,NA,NA,NA,A mainstream media outlet or journalist working in the mainstream media,NA,NA,NA,NA,Negativity,The Tweet does not contain an authority reference,No,No,No,"News, information and misinformation",No,"Government, politicians and international organizations",NA,Media,NA,NA,NA,NA,NA,Other,0,2020
1295692835359019e3,4,Accurate information,No,NA,NA,NA,NA,NA,NA,NA,NA,Neutrality,The Tweet does not contain an authority reference,No,No,No,"Policies, prevention & societal and economic impact",No,NA,NA,NA,Other major non-governmental actors,NA,NA,NA,NA,Other,0,2020
1482425982355128300,2,Misinformation,No,NA,NA,NA,NA,NA,NA,NA,NA,Negativity,The Tweet does not contain an authority reference,No,No,No,Existence of covid,Yes,NA,NA,NA,Other major non-governmental actors,Individuals or communities,NA,NA,NA,Misinformation,1,2022
1341422450031128600,1,Accurate information,No,NA,NA,NA,NA,NA,NA,NA,NA,Neutrality,The Tweet does not contain an authority reference,No,No,No,Vaccination,No,NA,NA,Media,NA,NA,NA,NA,University or scientific organization,Other,0,2020
1256220064631619600,4,Accurate information,Yes,NA,NA,NA,NA,NA,NA,NA,Misinformation is not attributed to an actor,Neutrality,The Tweet does not contain an authority reference,No,No,No,"News, information and misinformation",No,NA,NA,NA,NA,NA,NA,None,NA,Other,0,2020
1388146447003132e3,1,Accurate information,Yes,NA,NA,NA,NA,NA,NA,NA,Misinformation is not attributed to an actor,Mixed,The Tweet contains a specific authority reference,No,No,No,"News, information and misinformation",No,NA,NA,Media,Other major non-governmental actors,Individuals or communities,NA,NA,NA,Other,0,2021
1319442468769812500,2,Accurate information,No,NA,NA,NA,NA,NA,NA,NA,NA,Neutrality,The Tweet does not contain an authority reference,No,No,No,"Policies, prevention & societal and economic impact",No,NA,NA,NA,NA,Individuals or communities,NA,NA,NA,Other,0,2020
1425091040520835e3,1,Misinformation,No,NA,NA,NA,NA,NA,NA,NA,NA,Neutrality,The Tweet contains a non-specific authority reference,No,No,No,Existence of covid,Yes,"Government, politicians and international organizations",NA,NA,NA,NA,NA,NA,University or scientific organization,Misinformation,1,2021
1343261971408429e3,2,Misinformation,No,NA,NA,NA,NA,NA,NA,NA,NA,Neutrality,The Tweet does not contain an authority reference,No,No,No,Severity of covid,No,NA,NA,NA,NA,NA,NA,None,NA,Misinformation,1,2020
1305016284078387200,3,Uncheckable claim,No,NA,NA,NA,NA,NA,NA,NA,NA,Negativity,The Tweet does not contain an authority reference,No,No,Yes,Spread and detection,No,NA,NA,NA,NA,NA,NA,None,NA,Other,0,2020
1282060698990846e3,3,Accurate information,No,NA,NA,NA,NA,NA,NA,NA,NA,Neutrality,The Tweet does not contain an authority reference,No,No,No,"Policies, prevention & societal and economic impact",No,"Government, politicians and international organizations",NA,NA,NA,NA,NA,NA,NA,Other,0,2020
1347569888764821500,4,Accurate information,No,NA,NA,NA,NA,NA,NA,NA,NA,Neutrality,The Tweet does not contain an authority reference,No,No,No,"News, information and misinformation",No,NA,NA,NA,NA,Individuals or communities,NA,NA,NA,Other,0,2021
1254007285992558600,4,Accurate information,Yes,NA,NA,NA,NA,NA,NA,NA,Misinformation is not attributed to an actor,Neutrality,The Tweet does not contain an authority reference,No,No,No,"News, information and misinformation",No,"Government, politicians and international organizations",NA,NA,NA,NA,NA,NA,NA,Other,0,2020
1327578586472210400,4,Misinformation,No,NA,NA,NA,NA,NA,NA,NA,NA,Negativity,The Tweet does not contain an authority reference,No,No,No,Severity of covid,No,NA,NA,NA,NA,NA,NA,None,NA,Misinformation,1,2020
1355830564729876500,1,Accurate information,No,NA,NA,NA,NA,NA,NA,NA,NA,Neutrality,The Tweet contains a specific authority reference,No,No,No,"Remedies for cure, treatment and prevention",No,NA,Health services,NA,NA,NA,NA,NA,University or scientific organization,Other,0,2021
1309046942606012400,2,Uncheckable claim,No,NA,NA,NA,NA,NA,NA,NA,NA,Positivity,The Tweet does not contain an authority reference,No,No,No,"Policies, prevention & societal and economic impact",No,NA,NA,NA,Other major non-governmental actors,NA,NA,NA,NA,Other,0,2020
1261318096305954800,2,Accurate information,Yes,NA,NA,NA,NA,NA,NA,NA,Misinformation is not attributed to an actor,Neutrality,The Tweet does not contain an authority reference,No,No,No,"News, information and misinformation",No,NA,NA,NA,NA,Individuals or communities,NA,NA,University or scientific organization,Other,0,2020
1477726796762202e3,2,Misinformation,No,NA,NA,NA,NA,NA,NA,NA,NA,Negativity,The Tweet does not contain an authority reference,No,No,No,"Policies, prevention & societal and economic impact",No,"Government, politicians and international organizations",NA,NA,NA,NA,NA,NA,NA,Misinformation,1,2022
1250049208356348e3,2,Accurate information,No,NA,NA,NA,NA,NA,NA,NA,NA,Neutrality,The Tweet contains a specific authority reference,No,No,No,Spread and detection,No,NA,Health services,NA,NA,NA,NA,NA,NA,Other,0,2020
1369225451294621700,2,Misinformation,No,NA,NA,NA,NA,NA,NA,NA,NA,Neutrality,The Tweet does not contain an authority reference,No,No,No,Vaccination,No,NA,NA,NA,NA,NA,NA,None,NA,Misinformation,1,2021
1376795200031449e3,4,Misinformation,No,NA,NA,NA,NA,NA,NA,NA,NA,Neutrality,The Tweet does not contain an authority reference,No,No,No,Symptoms or characteristics of covid,No,NA,NA,NA,NA,Individuals or communities,NA,NA,NA,Misinformation,1,2021
1435216901483942e3,3,Suggestive misinformation,Yes,NA,NA,"A foreign politician, foreign government, international leader or international organization",NA,NA,NA,NA,NA,Negativity,The Tweet does not contain an authority reference,No,No,No,"News, information and misinformation",No,"Government, politicians and international organizations",NA,NA,NA,NA,NA,NA,NA,Misinformation,1,2021
1417047205895196700,2,Uncheckable claim,No,NA,NA,NA,NA,NA,NA,NA,NA,Neutrality,The Tweet does not contain an authority reference,No,No,No,"Policies, prevention & societal and economic impact",No,NA,NA,NA,NA,Individuals or communities,NA,NA,NA,Other,0,2021
1291661460591042600,3,Accurate information,No,NA,NA,NA,NA,NA,NA,NA,NA,Neutrality,The Tweet does not contain an authority reference,No,No,No,Vaccination,No,NA,NA,NA,NA,NA,NA,None,NA,Other,0,2020
1310630118272966700,2,Accurate information,No,NA,NA,NA,NA,NA,NA,NA,NA,Neutrality,The Tweet does not contain an authority reference,No,No,No,Symptoms or characteristics of covid,No,NA,NA,NA,Other major non-governmental actors,NA,NA,NA,NA,Other,0,2020
1438796989785858e3,4,Other,No,NA,NA,NA,NA,NA,NA,NA,NA,Neutrality,The Tweet does not contain an authority reference,No,No,No,Existence of covid,Yes,NA,NA,NA,NA,NA,NA,None,NA,Other,0,2021
1386377723950547e3,2,Accurate information,No,NA,NA,NA,NA,NA,NA,NA,NA,Neutrality,The Tweet does not contain an authority reference,No,No,No,"Policies, prevention & societal and economic impact",No,"Government, politicians and international organizations",NA,NA,NA,Individuals or communities,NA,NA,NA,Other,0,2021
1367071576869470200,3,Accurate information,No,NA,NA,NA,NA,NA,NA,NA,NA,Neutrality,The Tweet does not contain an authority reference,No,No,No,"Remedies for cure, treatment and prevention",No,NA,NA,NA,NA,Individuals or communities,NA,NA,NA,Other,0,2021
1296692259572916200,4,Accurate information,Yes,NA,NA,NA,NA,NA,NA,Other actor,NA,Neutrality,The Tweet does not contain an authority reference,No,No,No,"News, information and misinformation",No,NA,NA,Media,NA,NA,NA,NA,NA,Other,0,2020
1.3215331505232159e+18,4,Accurate information,No,NA,NA,NA,NA,NA,NA,NA,NA,Neutrality,The Tweet does not contain an authority reference,No,No,No,"Remedies for cure, treatment and prevention",No,NA,NA,NA,NA,NA,NA,NA,University or scientific organization,Other,0,2020
1400697913416859600,1,Accurate information,No,NA,NA,NA,NA,NA,NA,NA,NA,Neutrality,The Tweet does not contain an authority reference,No,No,No,"Policies, prevention & societal and economic impact",No,NA,NA,NA,NA,NA,NA,None,NA,Other,0,2021
1385903166638678e3,2,Uncheckable claim,No,NA,NA,NA,NA,NA,NA,NA,NA,Neutrality,The Tweet does not contain an authority reference,No,No,No,Symptoms or characteristics of covid,No,NA,NA,NA,NA,NA,NA,None,NA,Other,0,2021
1401664882249027600,2,Misinformation,No,NA,NA,NA,NA,NA,NA,NA,NA,Neutrality,The Tweet does not contain an authority reference,No,No,No,Vaccination,Yes,NA,NA,NA,Other major non-governmental actors,NA,NA,NA,University or scientific organization,Misinformation,1,2021
1321509901445849e3,1,Accurate information,No,NA,NA,NA,NA,NA,NA,NA,NA,Neutrality,The Tweet does not contain an authority reference,No,No,No,Spread and detection,No,NA,Health services,NA,NA,Individuals or communities,NA,NA,NA,Other,0,2020
1293655077442523100,1,Misinformation,No,NA,NA,NA,NA,NA,NA,NA,NA,Neutrality,The Tweet does not contain an authority reference,No,No,No,Existence of covid,Yes,NA,NA,NA,NA,NA,NA,None,NA,Misinformation,1,2020
1352258501196869600,1,Accurate information,Yes,NA,NA,NA,NA,NA,"An opinion leader or individual who is not a journalist, and not a part of a government, parliament, or a political party",NA,NA,Negativity,The Tweet does not contain an authority reference,No,No,No,"News, information and misinformation",No,NA,Health services,NA,Other major non-governmental actors,NA,NA,NA,NA,Other,0,2021
1466845197384433700,1,Accurate information,Yes,NA,NA,NA,NA,NA,NA,NA,Misinformation is not attributed to an actor,Neutrality,The Tweet does not contain an authority reference,No,No,No,"News, information and misinformation",No,NA,NA,Media,Other major non-governmental actors,NA,NA,NA,NA,Other,0,2021
1309791449978986500,4,Misinformation,Yes,NA,NA,NA,A mainstream media outlet or journalist working in the mainstream media,NA,NA,NA,NA,Neutrality,The Tweet does not contain an authority reference,No,No,No,"News, information and misinformation",No,NA,NA,Media,Other major non-governmental actors,NA,NA,NA,NA,Misinformation,1,2020
1319260271580467200,4,Accurate information,No,NA,NA,NA,NA,NA,NA,NA,NA,Neutrality,The Tweet does not contain an authority reference,No,No,No,Vaccination,No,NA,NA,NA,NA,NA,NA,None,NA,Other,0,2020
1331263218950566e3,4,Other,No,NA,NA,NA,NA,NA,NA,NA,NA,Neutrality,The Tweet does not contain an authority reference,No,No,No,"News, information and misinformation",No,NA,NA,NA,Other major non-governmental actors,NA,NA,NA,NA,Other,0,2020
131053849418863e4,4,Other,No,NA,NA,NA,NA,NA,NA,NA,NA,Neutrality,The Tweet does not contain an authority reference,No,No,No,Symptoms or characteristics of covid,No,NA,NA,NA,NA,NA,NA,None,NA,Other,0,2020
1460228331601895400,4,Misinformation,No,NA,NA,NA,NA,NA,NA,NA,NA,Neutrality,The Tweet contains a specific authority reference,No,No,No,Vaccination,No,NA,NA,NA,NA,Individuals or communities,NA,NA,NA,Misinformation,1,2021
1474300508915617800,2,Uncheckable claim,No,NA,NA,NA,NA,NA,NA,NA,NA,Negativity,The Tweet does not contain an authority reference,No,No,No,Vaccination,No,NA,NA,NA,NA,Individuals or communities,NA,NA,NA,Other,0,2021
130868065414255e4,1,Uncheckable claim,No,NA,NA,NA,NA,NA,NA,NA,NA,Positivity,The Tweet does not contain an authority reference,No,No,No,"Policies, prevention & societal and economic impact",No,"Government, politicians and international organizations",NA,NA,NA,NA,NA,NA,NA,Other,0,2020
1291422350819373e3,3,Accurate information,No,NA,NA,NA,NA,NA,NA,NA,NA,Neutrality,The Tweet does not contain an authority reference,No,No,No,"Policies, prevention & societal and economic impact",No,NA,NA,NA,NA,NA,NA,None,NA,Other,0,2020
1482681260581568500,4,Accurate information,Yes,NA,NA,NA,NA,NA,NA,NA,Misinformation is not attributed to an actor,Neutrality,The Tweet contains a specific authority reference,No,No,No,"News, information and misinformation",No,"Government, politicians and international organizations",Health services,NA,NA,NA,NA,NA,NA,Other,0,2022
1339237729381589e3,3,Misinformation,No,NA,NA,NA,NA,NA,NA,NA,NA,Negativity,The Tweet does not contain an authority reference,No,No,No,Severity of covid,No,"Government, politicians and international organizations",NA,NA,NA,Individuals or communities,NA,NA,NA,Misinformation,1,2020
1253625681801609200,1,Other,Yes,NA,NA,NA,NA,NA,NA,NA,Misinformation is not attributed to an actor,Neutrality,The Tweet does not contain an authority reference,No,No,No,"News, information and misinformation",No,NA,NA,Media,NA,NA,NA,NA,NA,Other,0,2020
1360541313230323700,1,Accurate information,No,NA,NA,NA,NA,NA,NA,NA,NA,Neutrality,The Tweet does not contain an authority reference,No,No,No,Spread and detection,No,NA,NA,NA,NA,NA,NA,None,NA,Other,0,2021
1298010073831178200,2,Other,No,NA,NA,NA,NA,NA,NA,NA,NA,Neutrality,The Tweet does not contain an authority reference,No,No,No,Spread and detection,No,NA,NA,NA,NA,NA,NA,None,NA,Other,0,2020
1420278416281161700,1,Uncheckable claim,No,NA,NA,NA,NA,NA,NA,NA,NA,Negativity,The Tweet does not contain an authority reference,No,No,No,"Policies, prevention & societal and economic impact",No,NA,NA,NA,NA,NA,NA,None,NA,Other,0,2021
145698747303748e4,4,Other,No,NA,NA,NA,NA,NA,NA,NA,NA,Neutrality,The Tweet does not contain an authority reference,No,No,No,"Policies, prevention & societal and economic impact",No,NA,NA,NA,NA,Individuals or communities,NA,NA,NA,Other,0,2021
131499610137267e4,4,Other,No,NA,NA,NA,NA,NA,NA,NA,NA,Neutrality,The Tweet does not contain an authority reference,No,No,No,"Policies, prevention & societal and economic impact",No,NA,NA,NA,NA,NA,NA,None,NA,Other,0,2020
1273558035491958800,4,Misinformation,No,NA,NA,NA,NA,NA,NA,NA,NA,Neutrality,The Tweet does not contain an authority reference,No,No,No,Symptoms or characteristics of covid,No,"Government, politicians and international organizations",NA,NA,Other major non-governmental actors,Individuals or communities,NA,NA,NA,Misinformation,1,2020
1289789863911256e3,3,Misinformation,No,NA,NA,NA,NA,NA,NA,NA,NA,Negativity,The Tweet does not contain an authority reference,No,No,No,Spread and detection,No,"Government, politicians and international organizations",Health services,NA,NA,NA,NA,NA,NA,Misinformation,1,2020
1313422724358975500,1,Accurate information,No,NA,NA,NA,NA,NA,NA,NA,NA,Neutrality,The Tweet does not contain an authority reference,Yes,No,No,Symptoms or characteristics of covid,No,"Government, politicians and international organizations",NA,NA,NA,NA,NA,NA,NA,Other,0,2020
129676501357577e4,3,Accurate information,Yes,NA,NA,NA,NA,NA,NA,Other actor,NA,Neutrality,The Tweet does not contain an authority reference,No,No,No,"News, information and misinformation",No,NA,NA,Media,NA,Individuals or communities,NA,NA,NA,Other,0,2020
1429880402433515500,2,Misinformation,No,NA,NA,NA,NA,NA,NA,NA,NA,Neutrality,The Tweet contains a specific authority reference,No,No,Yes,Severity of covid,No,NA,NA,NA,NA,NA,NA,NA,University or scientific organization,Misinformation,1,2021
1325038431488106500,2,Accurate information,No,NA,NA,NA,NA,NA,NA,NA,NA,Neutrality,The Tweet does not contain an authority reference,No,No,No,Spread and detection,No,NA,NA,NA,NA,Individuals or communities,NA,NA,NA,Other,0,2020
1480981539504541700,1,Other,No,NA,NA,NA,NA,NA,NA,NA,NA,Neutrality,The Tweet does not contain an authority reference,No,No,No,Severity of covid,No,NA,NA,NA,NA,NA,NA,None,NA,Other,0,2022
1462308831900442600,4,Misinformation,No,NA,NA,NA,NA,NA,NA,NA,NA,Neutrality,The Tweet contains a specific authority reference,No,No,No,Vaccination,Yes,NA,NA,NA,Other major non-governmental actors,NA,NA,NA,NA,Misinformation,1,2021
1473084371041194e3,4,Other,No,NA,NA,NA,NA,NA,NA,NA,NA,Neutrality,The Tweet does not contain an authority reference,Yes,Yes,No,Existence of covid,Yes,NA,Health services,NA,NA,Individuals or communities,NA,NA,NA,Other,0,2021
1409567799073251300,3,Accurate information,No,NA,NA,NA,NA,NA,NA,NA,NA,Negativity,The Tweet does not contain an authority reference,No,No,No,"Policies, prevention & societal and economic impact",No,"Government, politicians and international organizations",NA,NA,NA,NA,NA,NA,NA,Other,0,2021
1485336167646216200,2,Uncheckable claim,No,NA,NA,NA,NA,NA,NA,NA,NA,Neutrality,The Tweet does not contain an authority reference,No,No,No,"Policies, prevention & societal and economic impact",No,NA,NA,NA,Other major non-governmental actors,Individuals or communities,NA,NA,NA,Other,0,2022
1356305005377171500,1,Other,No,NA,NA,NA,NA,NA,NA,NA,NA,Neutrality,The Tweet does not contain an authority reference,No,No,No,Other,No,NA,NA,NA,Other major non-governmental actors,NA,NA,NA,NA,Other,0,2021
124323540522027e4,2,Accurate information,No,NA,NA,NA,NA,NA,NA,NA,NA,Neutrality,The Tweet does not contain an authority reference,No,No,No,"Policies, prevention & societal and economic impact",No,NA,NA,NA,NA,NA,NA,None,NA,Other,0,2020
1321483833603199e3,2,Accurate information,No,NA,NA,NA,NA,NA,NA,NA,NA,Neutrality,The Tweet contains a non-specific authority reference,No,No,No,"Remedies for cure, treatment and prevention",No,NA,NA,NA,NA,NA,NA,NA,University or scientific organization,Other,0,2020
1256479955548078e3,1,Uncheckable claim,Yes,NA,NA,NA,NA,NA,NA,NA,Misinformation is not attributed to an actor,Neutrality,The Tweet does not contain an authority reference,No,No,No,"News, information and misinformation",No,NA,NA,NA,NA,NA,NA,None,NA,Other,0,2020
1242803756380676e3,3,Accurate information,Yes,NA,NA,NA,NA,NA,NA,NA,Misinformation is not attributed to an actor,Neutrality,The Tweet does not contain an authority reference,No,No,No,"News, information and misinformation",No,NA,NA,NA,NA,NA,NA,None,NA,Other,0,2020
1480881563722211300,1,Accurate information,No,NA,NA,NA,NA,NA,NA,NA,NA,Neutrality,The Tweet does not contain an authority reference,No,No,No,"Policies, prevention & societal and economic impact",No,"Government, politicians and international organizations",NA,NA,NA,NA,NA,NA,NA,Other,0,2022
1339720626723020800,1,Suggestive misinformation,No,NA,NA,NA,NA,NA,NA,NA,NA,Neutrality,The Tweet does not contain an authority reference,No,No,Yes,Existence of covid,Yes,"Government, politicians and international organizations",NA,NA,Other major non-governmental actors,NA,NA,NA,NA,Misinformation,1,2020
1246404829435572200,4,Accurate information,No,NA,NA,NA,NA,NA,NA,NA,NA,Neutrality,The Tweet does not contain an authority reference,No,No,No,Symptoms or characteristics of covid,No,NA,Health services,NA,NA,NA,NA,NA,NA,Other,0,2020
123449005591962e4,3,Unable to classify,Yes,NA,NA,NA,NA,NA,NA,NA,Misinformation is not attributed to an actor,Neutrality,The Tweet does not contain an authority reference,No,No,No,"News, information and misinformation",No,NA,NA,NA,NA,NA,NA,None,NA,Other,0,2020
1274683525145469e3,1,Other,No,NA,NA,NA,NA,NA,NA,NA,NA,Mixed,The Tweet does not contain an authority reference,No,No,Yes,"Policies, prevention & societal and economic impact",No,"Government, politicians and international organizations",NA,NA,NA,NA,NA,NA,NA,Other,0,2020
1315182689276891100,1,Other,No,NA,NA,NA,NA,NA,NA,NA,NA,Neutrality,The Tweet does not contain an authority reference,No,No,No,"Policies, prevention & societal and economic impact",No,NA,NA,NA,NA,NA,NA,None,NA,Other,0,2020
1484617038937178e3,2,Accurate information,No,NA,NA,NA,NA,NA,NA,NA,NA,Neutrality,The Tweet does not contain an authority reference,No,No,No,Severity of covid,No,NA,NA,NA,NA,NA,NA,None,NA,Other,0,2022
1321307493604167700,2,Other,No,NA,NA,NA,NA,NA,NA,NA,NA,Neutrality,The Tweet does not contain an authority reference,Yes,No,No,"Policies, prevention & societal and economic impact",No,"Government, politicians and international organizations",NA,NA,NA,NA,NA,NA,NA,Other,0,2020
1477387978171371500,4,Other,Yes,NA,NA,NA,NA,NA,NA,NA,Misinformation is not attributed to an actor,Neutrality,The Tweet does not contain an authority reference,No,No,No,"News, information and misinformation",No,NA,NA,NA,NA,NA,NA,None,NA,Other,0,2022
1474467485151858700,2,Uncheckable claim,No,NA,NA,NA,NA,NA,NA,NA,NA,Negativity,The Tweet does not contain an authority reference,No,No,No,"Policies, prevention & societal and economic impact",No,NA,NA,NA,NA,Individuals or communities,NA,NA,NA,Other,0,2021
1295415573560668200,2,Other,No,NA,NA,NA,NA,NA,NA,NA,NA,Neutrality,The Tweet does not contain an authority reference,No,No,No,"Policies, prevention & societal and economic impact",No,NA,NA,NA,NA,NA,NA,None,NA,Other,0,2020
1401276614596513800,2,Other,No,NA,NA,NA,NA,NA,NA,NA,NA,Neutrality,The Tweet does not contain an authority reference,No,No,No,Other,No,NA,NA,NA,NA,NA,NA,None,NA,Other,0,2021
1457298325800116200,3,Other,No,NA,NA,NA,NA,NA,NA,NA,NA,Neutrality,The Tweet does not contain an authority reference,No,No,No,"Policies, prevention & societal and economic impact",No,NA,NA,NA,NA,NA,NA,None,NA,Other,0,2021
1343946297674510300,4,Misinformation,No,NA,NA,NA,NA,NA,NA,NA,NA,Neutrality,The Tweet does not contain an authority reference,No,No,No,Vaccination,No,"Government, politicians and international organizations",NA,NA,NA,Individuals or communities,NA,NA,NA,Misinformation,1,2020
1380617448878182400,4,Misinformation,No,NA,NA,NA,NA,NA,NA,NA,NA,Neutrality,The Tweet does not contain an authority reference,No,No,No,Existence of covid,Yes,NA,NA,NA,NA,NA,NA,None,NA,Misinformation,1,2021
1234917802827489300,3,Uncheckable claim,No,NA,NA,NA,NA,NA,NA,NA,NA,Neutrality,The Tweet does not contain an authority reference,No,No,No,Spread and detection,No,NA,NA,NA,NA,NA,NA,None,NA,Other,0,2020
1472725139548778500,2,Misinformation,Yes,NA,NA,NA,NA,NA,NA,NA,Misinformation is not attributed to an actor,Neutrality,The Tweet contains a non-specific authority reference,No,No,No,Existence of covid,Yes,"Government, politicians and international organizations",NA,NA,NA,NA,NA,NA,NA,Misinformation,1,2021
1258059195024396300,2,Other,Yes,NA,NA,NA,NA,NA,NA,NA,Misinformation is not attributed to an actor,Neutrality,The Tweet does not contain an authority reference,No,No,No,"News, information and misinformation",No,NA,Health services,NA,NA,NA,NA,NA,NA,Other,0,2020
1285155881563365400,3,Accurate information,No,NA,NA,NA,NA,NA,NA,NA,NA,Neutrality,The Tweet does not contain an authority reference,No,No,No,"Policies, prevention & societal and economic impact",No,NA,NA,NA,NA,NA,NA,None,NA,Other,0,2020
1349325693742698500,4,Other,No,NA,NA,NA,NA,NA,NA,NA,NA,Neutrality,The Tweet does not contain an authority reference,No,No,No,"Policies, prevention & societal and economic impact",No,NA,Health services,NA,NA,NA,NA,NA,NA,Other,0,2021
1247801727153127400,2,Other,No,NA,NA,NA,NA,NA,NA,NA,NA,Neutrality,The Tweet does not contain an authority reference,No,No,No,"Policies, prevention & societal and economic impact",No,NA,NA,NA,NA,Individuals or communities,NA,NA,NA,Other,0,2020
1336667246773608400,2,Accurate information,Yes,NA,NA,NA,NA,NA,NA,NA,Misinformation is not attributed to an actor,Negativity,The Tweet does not contain an authority reference,No,No,Yes,"News, information and misinformation",No,"Government, politicians and international organizations",NA,NA,NA,NA,NA,NA,NA,Other,0,2020
1268134047760486400,2,Accurate information,No,NA,NA,NA,NA,NA,NA,NA,NA,Neutrality,The Tweet does not contain an authority reference,No,No,No,Spread and detection,No,NA,NA,NA,NA,Individuals or communities,NA,NA,NA,Other,0,2020
1466108698619752400,4,Accurate information,No,NA,NA,NA,NA,NA,NA,NA,NA,Neutrality,The Tweet does not contain an authority reference,No,No,No,"Policies, prevention & societal and economic impact",No,NA,NA,NA,NA,NA,NA,None,NA,Other,0,2021
1366814588990353400,4,Other,No,NA,NA,NA,NA,NA,NA,NA,NA,Neutrality,The Tweet does not contain an authority reference,No,No,No,Existence of covid,Yes,NA,NA,NA,NA,Individuals or communities,NA,NA,NA,Other,0,2021
1293479557228568600,3,Accurate information,No,NA,NA,NA,NA,NA,NA,NA,NA,Neutrality,The Tweet does not contain an authority reference,No,No,No,Spread and detection,No,NA,NA,NA,Other major non-governmental actors,NA,NA,NA,NA,Other,0,2020
1483745259272216600,3,Uncheckable claim,No,NA,NA,NA,NA,NA,NA,NA,NA,Positivity,The Tweet does not contain an authority reference,No,No,No,Spread and detection,No,NA,NA,NA,NA,Individuals or communities,NA,NA,NA,Other,0,2022
1480923017144422400,4,Accurate information,No,NA,NA,NA,NA,NA,NA,NA,NA,Neutrality,The Tweet does not contain an authority reference,No,No,No,Spread and detection,No,NA,NA,NA,Other major non-governmental actors,NA,NA,NA,NA,Other,0,2022
123694384997453e4,3,Other,No,NA,NA,NA,NA,NA,NA,NA,NA,Neutrality,The Tweet does not contain an authority reference,No,No,No,Spread and detection,No,"Government, politicians and international organizations",NA,NA,NA,Individuals or communities,NA,NA,NA,Other,0,2020
1244634232883994600,3,Other,Yes,NA,NA,NA,NA,NA,NA,NA,Misinformation is not attributed to an actor,Negativity,The Tweet does not contain an authority reference,No,No,Yes,"News, information and misinformation",No,NA,NA,NA,NA,NA,NA,None,NA,Other,0,2020
1348920012778709e3,2,Misinformation,No,NA,NA,NA,NA,NA,NA,NA,NA,Negativity,The Tweet contains a non-specific authority reference,No,No,No,Existence of covid,Yes,NA,NA,NA,NA,NA,NA,NA,University or scientific organization,Misinformation,1,2021
1278634825608462300,1,Accurate information,No,NA,NA,NA,NA,NA,NA,NA,NA,Positivity,The Tweet contains a specific authority reference,No,No,No,"Policies, prevention & societal and economic impact",No,NA,NA,NA,Other major non-governmental actors,Individuals or communities,NA,NA,NA,Other,0,2020
1435967761792974800,4,Other,No,NA,NA,NA,NA,NA,NA,NA,NA,Neutrality,The Tweet does not contain an authority reference,No,No,No,"News, information and misinformation",No,NA,NA,NA,NA,NA,NA,None,NA,Other,0,2021
1355129079826165800,1,Other,No,NA,NA,NA,NA,NA,NA,NA,NA,Neutrality,The Tweet does not contain an authority reference,No,No,No,Spread and detection,No,NA,Health services,NA,NA,NA,NA,NA,NA,Other,0,2021
1318942617372065800,4,Accurate information,No,NA,NA,NA,NA,NA,NA,NA,NA,Neutrality,The Tweet does not contain an authority reference,No,No,No,Symptoms or characteristics of covid,No,NA,NA,NA,Other major non-governmental actors,NA,NA,NA,NA,Other,0,2020
1413041041268170800,3,Misinformation,No,NA,NA,NA,NA,NA,NA,NA,NA,Negativity,The Tweet does not contain an authority reference,No,No,No,Vaccination,No,NA,Health services,NA,NA,Individuals or communities,NA,NA,NA,Misinformation,1,2021
1274446554510827500,2,Other,No,NA,NA,NA,NA,NA,NA,NA,NA,Mixed,The Tweet does not contain an authority reference,Yes,Yes,No,Spread and detection,No,NA,NA,NA,NA,NA,NA,None,NA,Other,0,2020
1429012807626940400,1,Misinformation,No,NA,NA,NA,NA,NA,NA,NA,NA,Positivity,The Tweet does not contain an authority reference,No,No,No,Vaccination,No,NA,NA,NA,NA,NA,NA,None,NA,Misinformation,1,2021
1273608072255156200,3,Accurate information,No,NA,NA,NA,NA,NA,NA,NA,NA,Neutrality,The Tweet does not contain an authority reference,No,No,No,Spread and detection,No,NA,NA,NA,NA,NA,NA,None,NA,Other,0,2020
1325480603463061500,2,Accurate information,No,NA,NA,NA,NA,NA,NA,NA,NA,Neutrality,The Tweet contains a specific authority reference,No,No,No,Symptoms or characteristics of covid,No,NA,NA,NA,NA,NA,NA,None,NA,Other,0,2020
1436000262750081e3,1,Other,Yes,NA,NA,NA,NA,NA,NA,NA,Misinformation is not attributed to an actor,Neutrality,The Tweet does not contain an authority reference,No,No,No,"News, information and misinformation",No,NA,NA,NA,Other major non-governmental actors,NA,NA,NA,NA,Other,0,2021
1431375345094123500,4,Other,Yes,NA,NA,NA,NA,NA,NA,NA,Misinformation is not attributed to an actor,Neutrality,The Tweet does not contain an authority reference,No,No,No,"News, information and misinformation",No,NA,NA,NA,Other major non-governmental actors,NA,NA,NA,NA,Other,0,2021
1324119879503519700,2,Accurate information,No,NA,NA,NA,NA,NA,NA,NA,NA,Negativity,The Tweet does not contain an authority reference,No,No,No,"Policies, prevention & societal and economic impact",No,"Government, politicians and international organizations",NA,NA,NA,NA,NA,NA,NA,Other,0,2020
1448561484515139600,2,Unable to classify,No,NA,NA,NA,NA,NA,NA,NA,NA,Negativity,The Tweet contains a specific authority reference,No,No,No,"Policies, prevention & societal and economic impact",No,NA,NA,NA,Other major non-governmental actors,NA,NA,NA,NA,Other,0,2021
1350026644061356e3,2,Other,No,NA,NA,NA,NA,NA,NA,NA,NA,Neutrality,The Tweet does not contain an authority reference,No,No,No,Other,No,NA,NA,NA,NA,NA,NA,None,NA,Other,0,2021
1295130986494206e3,2,Other,No,NA,NA,NA,NA,NA,NA,NA,NA,Neutrality,The Tweet does not contain an authority reference,No,No,No,"Policies, prevention & societal and economic impact",No,NA,NA,NA,NA,NA,NA,None,NA,Other,0,2020
1344351088594591700,1,Other,No,NA,NA,NA,NA,NA,NA,NA,NA,Mixed,The Tweet does not contain an authority reference,Yes,No,No,"Policies, prevention & societal and economic impact",No,NA,NA,NA,NA,Individuals or communities,NA,NA,NA,Other,0,2020
1235243493351547e3,3,Accurate information,Yes,NA,NA,NA,NA,NA,NA,NA,Misinformation is not attributed to an actor,Negativity,The Tweet contains a non-specific authority reference,No,No,No,"News, information and misinformation",No,NA,NA,NA,Other major non-governmental actors,Individuals or communities,NA,NA,NA,Other,0,2020
1450188612881031200,1,Uncheckable claim,No,NA,NA,NA,NA,NA,NA,NA,NA,Neutrality,The Tweet does not contain an authority reference,No,No,No,"Remedies for cure, treatment and prevention",No,NA,NA,NA,NA,Individuals or communities,NA,NA,NA,Other,0,2021
1336572406861852700,1,Accurate information,Yes,NA,NA,NA,NA,NA,NA,NA,Misinformation is not attributed to an actor,Negativity,The Tweet does not contain an authority reference,No,No,Yes,"News, information and misinformation",No,"Government, politicians and international organizations",NA,NA,NA,NA,NA,NA,NA,Other,0,2020
1473964225785704400,1,Accurate information,No,NA,NA,NA,NA,NA,NA,NA,NA,Neutrality,The Tweet does not contain an authority reference,No,No,No,Spread and detection,No,NA,NA,NA,NA,NA,NA,None,NA,Other,0,2021
1400015093346275300,4,Misinformation,No,NA,NA,NA,NA,NA,NA,NA,NA,Negativity,The Tweet does not contain an authority reference,No,No,Yes,Vaccination,No,NA,NA,NA,NA,Individuals or communities,NA,NA,University or scientific organization,Misinformation,1,2021
1381812727530803200,1,Other,No,NA,NA,NA,NA,NA,NA,NA,NA,Neutrality,The Tweet does not contain an authority reference,No,No,No,"Policies, prevention & societal and economic impact",No,NA,NA,NA,NA,NA,NA,None,NA,Other,0,2021
1332275355386830800,3,Misinformation,Yes,NA,NA,"A foreign politician, foreign government, international leader or international organization",NA,NA,NA,NA,NA,Negativity,The Tweet does not contain an authority reference,No,No,No,"News, information and misinformation",No,"Government, politicians and international organizations",NA,Media,NA,Individuals or communities,NA,NA,University or scientific organization,Misinformation,1,2020
1314956130993533e3,4,Other,No,NA,NA,NA,NA,NA,NA,NA,NA,Neutrality,The Tweet does not contain an authority reference,No,No,No,"Policies, prevention & societal and economic impact",No,NA,NA,NA,NA,NA,NA,None,NA,Other,0,2020
1443185791241490400,3,Uncheckable claim,No,NA,NA,NA,NA,NA,NA,NA,NA,Negativity,The Tweet does not contain an authority reference,No,No,No,"Policies, prevention & societal and economic impact",No,NA,NA,NA,NA,Individuals or communities,NA,NA,NA,Other,0,2021
1412388391174520800,1,Accurate information,No,NA,NA,NA,NA,NA,NA,NA,NA,Neutrality,The Tweet contains a specific authority reference,No,No,No,"Remedies for cure, treatment and prevention",No,NA,NA,NA,NA,NA,NA,NA,University or scientific organization,Other,0,2021
1286604744589443e3,3,Misinformation,Yes,NA,NA,NA,NA,NA,"An opinion leader or individual who is not a journalist, and not a part of a government, parliament, or a political party",NA,NA,Negativity,The Tweet does not contain an authority reference,Yes,No,No,"News, information and misinformation",No,NA,NA,Media,NA,Individuals or communities,NA,NA,NA,Misinformation,1,2020
1477607915993378800,1,Other,Yes,NA,NA,NA,NA,NA,NA,NA,Misinformation is not attributed to an actor,Neutrality,The Tweet does not contain an authority reference,No,No,No,"Policies, prevention & societal and economic impact",No,"Government, politicians and international organizations",NA,NA,Other major non-governmental actors,NA,NA,NA,NA,Other,0,2022
1287999736268697600,2,Uncheckable claim,Yes,NA,NA,NA,NA,NA,NA,NA,Misinformation is not attributed to an actor,Mixed,The Tweet does not contain an authority reference,No,No,No,Other,No,NA,NA,NA,NA,Individuals or communities,NA,NA,NA,Other,0,2020
1488563713552666600,4,Other,No,NA,NA,NA,NA,NA,NA,NA,NA,Negativity,The Tweet does not contain an authority reference,No,No,No,Existence of covid,No,NA,Health services,NA,NA,Individuals or communities,NA,NA,NA,Other,0,2022
1319018587621908500,1,Unable to classify,No,NA,NA,NA,NA,NA,NA,NA,NA,Neutrality,The Tweet does not contain an authority reference,No,No,No,Other,No,"Government, politicians and international organizations",Health services,Media,Other major non-governmental actors,NA,NA,NA,NA,Other,0,2020
1349793822700675e3,3,Other,No,NA,NA,NA,NA,NA,NA,NA,NA,Neutrality,The Tweet does not contain an authority reference,No,No,No,Other,No,NA,NA,NA,NA,Individuals or communities,NA,NA,NA,Other,0,2021
1305467304868806700,2,Accurate information,No,NA,NA,NA,NA,NA,NA,NA,NA,Neutrality,The Tweet contains a non-specific authority reference,No,No,No,"Remedies for cure, treatment and prevention",No,NA,NA,NA,NA,NA,NA,NA,University or scientific organization,Other,0,2020
1279530840788209700,4,Misinformation,No,NA,NA,NA,NA,NA,NA,NA,NA,Negativity,The Tweet does not contain an authority reference,No,No,No,Existence of covid,Yes,NA,NA,NA,NA,NA,NA,None,NA,Misinformation,1,2020
1294031048007913500,3,Accurate information,No,NA,NA,NA,NA,NA,NA,NA,NA,Negativity,The Tweet does not contain an authority reference,No,No,No,Spread and detection,No,"Government, politicians and international organizations",NA,NA,NA,Individuals or communities,NA,NA,NA,Other,0,2020
1321434198964641800,4,Accurate information,No,NA,NA,NA,NA,NA,NA,NA,NA,Neutrality,The Tweet does not contain an authority reference,No,No,No,"Remedies for cure, treatment and prevention",No,NA,Health services,NA,NA,NA,NA,NA,University or scientific organization,Other,0,2020
1322071642219032600,4,Accurate information,No,NA,NA,NA,NA,NA,NA,NA,NA,Neutrality,The Tweet contains a non-specific authority reference,No,No,No,"Remedies for cure, treatment and prevention",No,NA,NA,NA,Other major non-governmental actors,NA,NA,NA,University or scientific organization,Other,0,2020
1240239639300051e3,1,Accurate information,Yes,NA,NA,NA,NA,NA,NA,NA,Misinformation is not attributed to an actor,Neutrality,The Tweet does not contain an authority reference,No,No,No,"News, information and misinformation",No,NA,NA,NA,NA,NA,NA,None,NA,Other,0,2020
1338509433773711400,1,Misinformation,No,NA,NA,NA,NA,NA,NA,NA,NA,Neutrality,The Tweet does not contain an authority reference,No,No,No,Spread and detection,No,NA,NA,NA,NA,NA,NA,None,NA,Misinformation,1,2020
1315883095669702700,4,Accurate information,No,NA,NA,NA,NA,NA,NA,NA,NA,Neutrality,The Tweet does not contain an authority reference,No,No,No,"Policies, prevention & societal and economic impact",No,"Government, politicians and international organizations",NA,NA,NA,Individuals or communities,NA,NA,NA,Other,0,2020
1454834930983309300,4,Accurate information,No,NA,NA,NA,NA,NA,NA,NA,NA,Neutrality,The Tweet does not contain an authority reference,No,No,No,Existence of covid,No,NA,NA,NA,NA,Individuals or communities,NA,NA,NA,Other,0,2021
1432359698699784200,2,Misinformation,No,NA,NA,NA,NA,NA,NA,NA,NA,Negativity,The Tweet does not contain an authority reference,No,No,No,Existence of covid,Yes,NA,NA,NA,NA,NA,NA,None,NA,Misinformation,1,2021
1311945485217865700,2,Misinformation,Yes,NA,NA,NA,NA,NA,NA,NA,Misinformation is not attributed to an actor,Neutrality,The Tweet does not contain an authority reference,No,No,No,Spread and detection,No,"Government, politicians and international organizations",NA,NA,NA,NA,NA,NA,NA,Misinformation,1,2020
1302937273382690800,2,Accurate information,No,NA,NA,NA,NA,NA,NA,NA,NA,Negativity,The Tweet does not contain an authority reference,No,No,No,"Policies, prevention & societal and economic impact",No,NA,NA,NA,Other major non-governmental actors,Individuals or communities,NA,NA,NA,Other,0,2020
1451819406972145700,2,Uncheckable claim,No,NA,NA,NA,NA,NA,NA,NA,NA,Negativity,The Tweet does not contain an authority reference,No,No,No,"Policies, prevention & societal and economic impact",No,"Government, politicians and international organizations",NA,NA,NA,NA,NA,NA,University or scientific organization,Other,0,2021
1395287794327724e3,3,Accurate information,Yes,NA,NA,NA,NA,NA,"An opinion leader or individual who is not a journalist, and not a part of a government, parliament, or a political party",NA,NA,Neutrality,The Tweet does not contain an authority reference,Yes,No,No,"News, information and misinformation",No,NA,NA,NA,NA,Individuals or communities,NA,NA,NA,Other,0,2021
1306886789672693800,2,Accurate information,Yes,NA,NA,NA,NA,NA,NA,NA,Misinformation is not attributed to an actor,Neutrality,The Tweet does not contain an authority reference,No,No,No,"News, information and misinformation",No,NA,NA,Media,NA,NA,NA,NA,NA,Other,0,2020
1372871992219680800,1,Accurate information,No,NA,NA,NA,NA,NA,NA,NA,NA,Neutrality,The Tweet does not contain an authority reference,No,No,No,Vaccination,No,"Government, politicians and international organizations",NA,NA,Other major non-governmental actors,NA,NA,NA,NA,Other,0,2021
1397139331702313e3,1,Uncheckable claim,Yes,NA,NA,NA,NA,NA,"An opinion leader or individual who is not a journalist, and not a part of a government, parliament, or a political party",NA,NA,Neutrality,The Tweet does not contain an authority reference,Yes,No,No,"News, information and misinformation",No,NA,Health services,NA,NA,NA,NA,NA,NA,Other,0,2021
1246516649781604400,2,Misinformation,No,NA,NA,NA,NA,NA,NA,NA,NA,Neutrality,The Tweet does not contain an authority reference,No,No,No,"Remedies for cure, treatment and prevention",No,NA,NA,NA,NA,NA,NA,None,NA,Misinformation,1,2020
1477409625863602200,4,Other,Yes,NA,NA,NA,NA,NA,NA,NA,Misinformation is not attributed to an actor,Neutrality,The Tweet does not contain an authority reference,No,No,No,"News, information and misinformation",No,NA,NA,NA,NA,NA,NA,None,NA,Other,0,2022
1246045574031462400,4,Accurate information,No,NA,NA,NA,NA,NA,NA,NA,NA,Neutrality,The Tweet does not contain an authority reference,No,No,No,"News, information and misinformation",No,NA,NA,NA,NA,Individuals or communities,NA,NA,NA,Other,0,2020
1382246718968901600,1,Accurate information,No,NA,NA,NA,NA,NA,NA,NA,NA,Neutrality,The Tweet contains a non-specific authority reference,No,No,No,"Policies, prevention & societal and economic impact",No,"Government, politicians and international organizations",NA,NA,NA,NA,NA,NA,NA,Other,0,2021
1315923040421675e3,2,Uncheckable claim,No,NA,NA,NA,NA,NA,NA,NA,NA,Neutrality,The Tweet contains a specific authority reference,No,No,No,"Policies, prevention & societal and economic impact",No,"Government, politicians and international organizations",NA,NA,NA,NA,NA,NA,NA,Other,0,2020
1296852558007410700,3,Accurate information,Yes,NA,NA,NA,NA,NA,NA,NA,Misinformation is not attributed to an actor,Neutrality,The Tweet contains a non-specific authority reference,No,No,No,"News, information and misinformation",No,NA,NA,Media,Other major non-governmental actors,Individuals or communities,NA,NA,NA,Other,0,2020
1362046303451152400,1,Other,No,NA,NA,NA,NA,NA,NA,NA,NA,Positivity,The Tweet does not contain an authority reference,No,No,No,Vaccination,No,NA,NA,NA,NA,NA,NA,None,NA,Other,0,2021
1308291460517761e3,1,Accurate information,Yes,NA,NA,NA,NA,NA,NA,NA,Misinformation is not attributed to an actor,Neutrality,The Tweet does not contain an authority reference,No,No,No,"News, information and misinformation",No,"Government, politicians and international organizations",NA,NA,NA,NA,NA,NA,NA,Other,0,2020
1252328619931828200,4,Accurate information,No,NA,NA,NA,NA,NA,NA,NA,NA,Neutrality,The Tweet does not contain an authority reference,No,No,Yes,Spread and detection,No,NA,NA,NA,NA,NA,NA,None,NA,Other,0,2020
124680942797559e4,1,Accurate information,No,NA,NA,NA,NA,NA,NA,NA,NA,Mixed,The Tweet does not contain an authority reference,No,No,Yes,"Policies, prevention & societal and economic impact",No,NA,NA,NA,NA,Individuals or communities,NA,NA,NA,Other,0,2020
1240539763091832800,2,Accurate information,Yes,NA,NA,NA,NA,NA,NA,NA,Misinformation is not attributed to an actor,Neutrality,The Tweet does not contain an authority reference,No,No,No,"Policies, prevention & societal and economic impact",No,NA,NA,NA,Other major non-governmental actors,NA,NA,NA,NA,Other,0,2020
1274316783126753300,1,Other,No,NA,NA,NA,NA,NA,NA,NA,NA,Neutrality,The Tweet does not contain an authority reference,No,No,No,Vaccination,No,NA,NA,NA,NA,NA,NA,None,NA,Other,0,2020
1291409780075122700,2,Misinformation,No,NA,NA,NA,NA,NA,NA,NA,NA,Negativity,The Tweet does not contain an authority reference,No,No,No,"Policies, prevention & societal and economic impact",No,"Government, politicians and international organizations",NA,NA,NA,Individuals or communities,NA,NA,NA,Misinformation,1,2020
1321444656278896600,2,Accurate information,No,NA,NA,NA,NA,NA,NA,NA,NA,Neutrality,The Tweet contains a non-specific authority reference,No,No,No,"Remedies for cure, treatment and prevention",No,NA,NA,NA,NA,NA,NA,NA,University or scientific organization,Other,0,2020
1461424833410093e3,4,Other,No,NA,NA,NA,NA,NA,NA,NA,NA,Neutrality,The Tweet does not contain an authority reference,No,No,No,"Policies, prevention & societal and economic impact",No,NA,NA,NA,NA,Individuals or communities,NA,NA,NA,Other,0,2021
1468140677959671800,2,Other,No,NA,NA,NA,NA,NA,NA,NA,NA,Neutrality,The Tweet does not contain an authority reference,No,No,No,Vaccination,No,NA,NA,NA,NA,NA,NA,None,NA,Other,0,2021
1333902820496597e3,2,Other,No,NA,NA,NA,NA,NA,NA,NA,NA,Negativity,The Tweet does not contain an authority reference,No,No,No,"Policies, prevention & societal and economic impact",No,NA,NA,NA,Other major non-governmental actors,NA,NA,NA,NA,Other,0,2020
1.2345104228978401e+18,2,Accurate information,No,NA,NA,NA,NA,NA,NA,NA,NA,Neutrality,The Tweet does not contain an authority reference,No,No,No,Symptoms or characteristics of covid,No,NA,NA,NA,NA,NA,NA,None,NA,Other,0,2020
1243282726960201700,2,Accurate information,No,NA,NA,NA,NA,NA,NA,NA,NA,Negativity,The Tweet does not contain an authority reference,No,No,No,"Policies, prevention & societal and economic impact",No,NA,NA,NA,NA,NA,NA,None,NA,Other,0,2020
1300705211858718700,1,Other,No,NA,NA,NA,NA,NA,NA,NA,NA,Neutrality,The Tweet does not contain an authority reference,No,No,No,"Policies, prevention & societal and economic impact",No,NA,NA,NA,NA,NA,NA,None,NA,Other,0,2020
1347257033666519e3,3,Accurate information,No,NA,NA,NA,NA,NA,NA,NA,NA,Neutrality,The Tweet does not contain an authority reference,No,No,No,Spread and detection,No,NA,NA,NA,NA,Individuals or communities,NA,NA,NA,Other,0,2021
1418850372731474e3,2,Uncheckable claim,No,NA,NA,NA,NA,NA,NA,NA,NA,Neutrality,The Tweet does not contain an authority reference,No,No,No,"Policies, prevention & societal and economic impact",No,NA,NA,NA,Other major non-governmental actors,Individuals or communities,NA,NA,NA,Other,0,2021
1450766967116271600,1,Other,Yes,NA,NA,NA,NA,NA,NA,NA,Misinformation is not attributed to an actor,Neutrality,The Tweet does not contain an authority reference,No,No,No,Other,No,NA,NA,NA,Other major non-governmental actors,NA,NA,NA,NA,Other,0,2021
1317755008251777e3,2,Accurate information,Yes,NA,NA,NA,NA,NA,NA,NA,Misinformation is not attributed to an actor,Negativity,The Tweet does not contain an authority reference,No,No,Yes,"News, information and misinformation",No,NA,NA,NA,NA,NA,NA,None,NA,Other,0,2020
1323290722989187e3,1,Other,No,NA,NA,NA,NA,NA,NA,NA,NA,Negativity,The Tweet does not contain an authority reference,No,Yes,No,Other,No,NA,NA,NA,NA,NA,NA,None,NA,Other,0,2020
1248912518237638700,1,Accurate information,Yes,NA,NA,NA,NA,NA,NA,NA,Misinformation is not attributed to an actor,Neutrality,The Tweet does not contain an authority reference,No,No,No,"News, information and misinformation",No,NA,NA,NA,NA,NA,NA,None,NA,Other,0,2020
1463637917470015500,4,Misinformation,No,NA,NA,NA,NA,NA,NA,NA,NA,Negativity,The Tweet contains a non-specific authority reference,No,No,Yes,Vaccination,No,NA,NA,NA,NA,NA,NA,None,NA,Misinformation,1,2021
1415297314147741700,4,Unable to classify,Yes,NA,NA,NA,NA,NA,NA,NA,Misinformation is not attributed to an actor,Negativity,The Tweet does not contain an authority reference,No,No,No,"News, information and misinformation",No,"Government, politicians and international organizations",NA,Media,NA,Individuals or communities,NA,NA,NA,Other,0,2021
1485291451986722800,2,Accurate information,No,NA,NA,NA,NA,NA,NA,NA,NA,Neutrality,The Tweet does not contain an authority reference,No,No,No,Spread and detection,No,NA,NA,NA,NA,NA,NA,None,NA,Other,0,2022
1407576632794173400,4,Misinformation,Yes,NA,NA,NA,A mainstream media outlet or journalist working in the mainstream media,NA,NA,NA,NA,Neutrality,The Tweet does not contain an authority reference,No,No,No,Severity of covid,No,NA,NA,Media,NA,NA,NA,NA,NA,Misinformation,1,2021
1420812377424027600,2,Accurate information,No,NA,NA,NA,NA,NA,NA,NA,NA,Neutrality,The Tweet contains a specific authority reference,No,No,No,"Policies, prevention & societal and economic impact",No,NA,NA,NA,Other major non-governmental actors,NA,NA,NA,NA,Other,0,2021
1354843702523531300,4,Other,No,NA,NA,NA,NA,NA,NA,NA,NA,Neutrality,The Tweet does not contain an authority reference,No,No,No,Vaccination,No,NA,NA,NA,NA,NA,NA,None,NA,Other,0,2021
1318979255443837e3,3,Misinformation,No,NA,NA,NA,NA,NA,NA,NA,NA,Neutrality,The Tweet does not contain an authority reference,No,No,No,"Remedies for cure, treatment and prevention",No,NA,NA,NA,Other major non-governmental actors,NA,NA,NA,NA,Misinformation,1,2020
1315171242551529500,4,Other,No,NA,NA,NA,NA,NA,NA,NA,NA,Neutrality,The Tweet does not contain an authority reference,No,No,No,"Policies, prevention & societal and economic impact",No,NA,NA,NA,NA,NA,NA,None,NA,Other,0,2020
1249419651647516700,3,Accurate information,No,NA,NA,NA,NA,NA,NA,NA,NA,Neutrality,The Tweet does not contain an authority reference,No,No,No,Other,No,NA,NA,NA,NA,NA,NA,None,NA,Other,0,2020
1315189338477654e3,2,Other,No,NA,NA,NA,NA,NA,NA,NA,NA,Neutrality,The Tweet does not contain an authority reference,No,No,No,"Policies, prevention & societal and economic impact",No,NA,NA,NA,NA,NA,NA,None,NA,Other,0,2020
138123623820467e4,2,Unable to classify,Yes,NA,NA,NA,NA,NA,"An opinion leader or individual who is not a journalist, and not a part of a government, parliament, or a political party",NA,NA,Neutrality,The Tweet does not contain an authority reference,No,No,No,"News, information and misinformation",No,NA,Health services,NA,NA,NA,NA,NA,NA,Other,0,2021
1442058181077835800,2,Uncheckable claim,No,NA,NA,NA,NA,NA,NA,NA,NA,Neutrality,The Tweet does not contain an authority reference,No,No,No,Spread and detection,No,NA,NA,NA,NA,Individuals or communities,NA,NA,NA,Other,0,2021
1316308406798606300,3,Other,No,NA,NA,NA,NA,NA,NA,NA,NA,Neutrality,The Tweet does not contain an authority reference,No,No,No,"Policies, prevention & societal and economic impact",No,NA,NA,NA,NA,NA,NA,None,NA,Other,0,2020
1296701786720538600,4,Accurate information,Yes,NA,NA,NA,NA,NA,"An opinion leader or individual who is not a journalist, and not a part of a government, parliament, or a political party",NA,NA,Neutrality,The Tweet does not contain an authority reference,No,No,No,"News, information and misinformation",No,NA,NA,NA,NA,Individuals or communities,NA,NA,NA,Other,0,2020
1296727605224374300,1,Accurate information,Yes,NA,NA,NA,NA,NA,"An opinion leader or individual who is not a journalist, and not a part of a government, parliament, or a political party",NA,NA,Neutrality,The Tweet contains a specific authority reference,No,No,No,"News, information and misinformation",No,NA,NA,Media,NA,Individuals or communities,NA,NA,NA,Other,0,2020
1265385462925009e3,4,Accurate information,No,NA,NA,NA,NA,NA,NA,NA,NA,Neutrality,The Tweet does not contain an authority reference,No,No,No,"News, information and misinformation",No,"Government, politicians and international organizations",NA,NA,NA,NA,NA,NA,NA,Other,0,2020
1374054703529668600,4,Accurate information,No,NA,NA,NA,NA,NA,NA,NA,NA,Neutrality,The Tweet contains a non-specific authority reference,No,No,No,Symptoms or characteristics of covid,No,NA,NA,NA,NA,NA,NA,NA,University or scientific organization,Other,0,2021
1311655669871841300,2,Uncheckable claim,No,NA,NA,NA,NA,NA,NA,NA,NA,Neutrality,The Tweet does not contain an authority reference,No,No,No,Spread and detection,No,NA,NA,NA,NA,Individuals or communities,NA,NA,NA,Other,0,2020
1324081521377030100,3,Other,No,NA,NA,NA,NA,NA,NA,NA,NA,Neutrality,The Tweet does not contain an authority reference,No,No,No,Vaccination,No,NA,NA,NA,NA,NA,NA,None,NA,Other,0,2020
1412343092087345200,3,Misinformation,No,NA,NA,NA,NA,NA,NA,NA,NA,Negativity,The Tweet contains a non-specific authority reference,No,No,No,Existence of covid,Yes,NA,NA,NA,NA,NA,NA,None,NA,Misinformation,1,2021
145265734882526e4,2,Uncheckable claim,No,NA,NA,NA,NA,NA,NA,NA,NA,Neutrality,The Tweet does not contain an authority reference,No,No,No,Spread and detection,No,NA,NA,NA,NA,Individuals or communities,NA,NA,NA,Other,0,2021
1463369184461602800,1,Uncheckable claim,No,NA,NA,NA,NA,NA,NA,NA,NA,Neutrality,The Tweet does not contain an authority reference,No,No,No,"Policies, prevention & societal and economic impact",No,NA,Health services,NA,NA,Individuals or communities,NA,NA,NA,Other,0,2021
1408329688376819700,1,Accurate information,No,NA,NA,NA,NA,NA,NA,NA,NA,Neutrality,The Tweet does not contain an authority reference,No,No,No,Spread and detection,No,NA,NA,NA,Other major non-governmental actors,NA,NA,NA,NA,Other,0,2021
1372912033000259600,1,Misinformation,No,NA,NA,NA,NA,NA,NA,NA,NA,Negativity,The Tweet does not contain an authority reference,No,No,No,Vaccination,Yes,NA,NA,NA,NA,NA,NA,None,NA,Misinformation,1,2021
1347914410291986400,3,Accurate information,No,NA,NA,NA,NA,NA,NA,NA,NA,Neutrality,The Tweet does not contain an authority reference,No,No,No,Spread and detection,No,NA,NA,NA,NA,NA,NA,None,NA,Other,0,2021
1243618287918952400,3,Accurate information,Yes,NA,NA,NA,NA,NA,NA,NA,Misinformation is not attributed to an actor,Neutrality,The Tweet contains a specific authority reference,No,No,No,"News, information and misinformation",No,NA,NA,NA,Other major non-governmental actors,NA,NA,NA,NA,Other,0,2020
1244953522216501200,2,Accurate information,Yes,NA,NA,NA,NA,NA,"An opinion leader or individual who is not a journalist, and not a part of a government, parliament, or a political party",NA,NA,Neutrality,The Tweet does not contain an authority reference,No,No,No,"News, information and misinformation",No,NA,NA,NA,Other major non-governmental actors,NA,NA,NA,NA,Other,0,2020
1482431342264606700,3,Misinformation,No,NA,NA,NA,NA,NA,NA,NA,NA,Negativity,The Tweet contains a non-specific authority reference,No,No,No,Existence of covid,Yes,NA,NA,NA,NA,Individuals or communities,NA,NA,NA,Misinformation,1,2022
1322855325175844900,2,Other,No,NA,NA,NA,NA,NA,NA,NA,NA,Neutrality,The Tweet does not contain an authority reference,No,No,No,"Policies, prevention & societal and economic impact",No,NA,NA,NA,NA,NA,NA,None,NA,Other,0,2020
131814953964e7,3,Misinformation,Yes,NA,NA,NA,A mainstream media outlet or journalist working in the mainstream media,NA,NA,NA,NA,Negativity,The Tweet does not contain an authority reference,No,No,No,"News, information and misinformation",No,NA,NA,NA,NA,Individuals or communities,NA,NA,NA,Misinformation,1,2020
1419008020894339e3,1,Misinformation,No,NA,NA,NA,NA,NA,NA,NA,NA,Neutrality,The Tweet contains a non-specific authority reference,No,No,No,Symptoms or characteristics of covid,No,NA,NA,NA,NA,NA,NA,NA,University or scientific organization,Misinformation,1,2021
1337428363816956e3,1,Accurate information,Yes,NA,NA,NA,NA,NA,NA,Other actor,NA,Neutrality,The Tweet does not contain an authority reference,No,No,No,"News, information and misinformation",No,NA,NA,NA,NA,Individuals or communities,NA,NA,NA,Other,0,2020
1333848521850622e3,2,Other,No,NA,NA,NA,NA,NA,NA,NA,NA,Neutrality,The Tweet does not contain an authority reference,No,No,No,"Policies, prevention & societal and economic impact",No,NA,NA,NA,Other major non-governmental actors,NA,NA,NA,NA,Other,0,2020
1314831941926088700,1,Other,No,NA,NA,NA,NA,NA,NA,NA,NA,Neutrality,The Tweet does not contain an authority reference,No,No,No,"Policies, prevention & societal and economic impact",No,NA,NA,NA,NA,NA,NA,None,NA,Other,0,2020
1389896251462889500,4,Misinformation,No,NA,NA,NA,NA,NA,NA,NA,NA,Neutrality,The Tweet does not contain an authority reference,No,No,No,Vaccination,No,"Government, politicians and international organizations",NA,NA,Other major non-governmental actors,NA,NA,NA,NA,Misinformation,1,2021
1264100014017728500,1,Uncheckable claim,No,NA,NA,NA,NA,NA,NA,NA,NA,Neutrality,The Tweet does not contain an authority reference,No,No,No,Vaccination,No,NA,NA,NA,NA,Individuals or communities,NA,NA,NA,Other,0,2020
1334564473840021500,1,Uncheckable claim,No,NA,NA,NA,NA,NA,NA,NA,NA,Negativity,The Tweet does not contain an authority reference,No,No,No,Spread and detection,No,NA,NA,NA,NA,Individuals or communities,NA,NA,NA,Other,0,2020
1262085450535252e3,4,Accurate information,No,NA,NA,NA,NA,NA,NA,NA,NA,Neutrality,The Tweet does not contain an authority reference,No,No,No,"Policies, prevention & societal and economic impact",No,NA,NA,NA,NA,Individuals or communities,NA,NA,University or scientific organization,Other,0,2020
1274262830301229e3,1,Other,No,NA,NA,NA,NA,NA,NA,NA,NA,Negativity,The Tweet does not contain an authority reference,No,No,Yes,"Policies, prevention & societal and economic impact",No,"Government, politicians and international organizations",NA,NA,NA,NA,NA,NA,NA,Other,0,2020
1350068910985539600,1,Other,Yes,NA,NA,NA,NA,NA,"An opinion leader or individual who is not a journalist, and not a part of a government, parliament, or a political party",NA,NA,Negativity,The Tweet does not contain an authority reference,Yes,No,No,"News, information and misinformation",No,NA,NA,NA,Other major non-governmental actors,NA,NA,NA,NA,Other,0,2021
1332824936575082500,3,Misinformation,No,NA,NA,NA,NA,NA,NA,NA,NA,Neutrality,The Tweet does not contain an authority reference,No,No,No,Existence of covid,Yes,NA,NA,NA,NA,NA,NA,None,NA,Misinformation,1,2020
1460308393051177e3,3,Misinformation,No,NA,NA,NA,NA,NA,NA,NA,NA,Neutrality,The Tweet does not contain an authority reference,No,No,No,Vaccination,No,NA,NA,NA,NA,Individuals or communities,NA,NA,NA,Misinformation,1,2021
1296709638050549800,1,Accurate information,Yes,NA,NA,NA,NA,NA,NA,Other actor,NA,Neutrality,The Tweet does not contain an authority reference,No,No,No,"News, information and misinformation",No,NA,NA,NA,NA,Individuals or communities,NA,NA,NA,Other,0,2020
1286016079932915700,4,Other,No,NA,NA,NA,NA,NA,NA,NA,NA,Neutrality,The Tweet does not contain an authority reference,Yes,No,No,"Policies, prevention & societal and economic impact",No,NA,NA,NA,Other major non-governmental actors,NA,NA,NA,NA,Other,0,2020
1398700482235936800,3,Misinformation,No,NA,NA,NA,NA,NA,NA,NA,NA,Negativity,The Tweet does not contain an authority reference,No,No,No,"Policies, prevention & societal and economic impact",No,NA,Health services,NA,NA,Individuals or communities,NA,NA,NA,Misinformation,1,2021
1253645723893194800,4,Other,Yes,NA,NA,NA,NA,NA,NA,NA,Misinformation is not attributed to an actor,Neutrality,The Tweet does not contain an authority reference,No,No,No,"News, information and misinformation",No,NA,NA,NA,NA,NA,NA,None,NA,Other,0,2020
1264219450917748700,2,Accurate information,No,NA,NA,NA,NA,NA,NA,NA,NA,Neutrality,The Tweet does not contain an authority reference,No,No,No,Spread and detection,No,NA,NA,NA,NA,Individuals or communities,NA,NA,NA,Other,0,2020
1.4849756111479521e+18,3,Accurate information,No,NA,NA,NA,NA,NA,NA,NA,NA,Neutrality,The Tweet contains a specific authority reference,No,No,No,Severity of covid,No,"Government, politicians and international organizations",NA,NA,NA,NA,NA,NA,NA,Other,0,2022
1460997732164903e3,2,Other,No,NA,NA,NA,NA,NA,NA,NA,NA,Neutrality,The Tweet does not contain an authority reference,No,No,No,Spread and detection,No,NA,NA,NA,NA,NA,NA,None,NA,Other,0,2021
1235497556265713700,2,Suggestive misinformation,No,NA,NA,NA,NA,NA,NA,NA,NA,Negativity,The Tweet contains a specific authority reference,No,No,Yes,Vaccination,No,NA,NA,Media,NA,Individuals or communities,NA,NA,NA,Misinformation,1,2020
1384540317320351700,4,Other,No,NA,NA,NA,NA,NA,NA,NA,NA,Neutrality,The Tweet does not contain an authority reference,No,No,No,"News, information and misinformation",No,NA,NA,NA,NA,NA,NA,None,NA,Other,0,2021
1480495014153277400,4,Other,No,NA,NA,NA,NA,NA,NA,NA,NA,Neutrality,The Tweet does not contain an authority reference,No,No,No,"Policies, prevention & societal and economic impact",No,"Government, politicians and international organizations",NA,NA,NA,NA,NA,NA,NA,Other,0,2022
1384552905647304700,4,Unable to classify,No,NA,NA,NA,NA,NA,NA,NA,NA,Neutrality,The Tweet does not contain an authority reference,No,No,No,Vaccination,No,NA,NA,NA,Other major non-governmental actors,NA,NA,NA,NA,Other,0,2021
1253346289569411e3,1,Other,Yes,NA,NA,"A foreign politician, foreign government, international leader or international organization",NA,NA,NA,NA,NA,Neutrality,The Tweet does not contain an authority reference,No,No,No,"News, information and misinformation",No,"Government, politicians and international organizations",NA,NA,NA,NA,NA,NA,NA,Other,0,2020
1.3217859387758879e+18,4,Other,No,NA,NA,NA,NA,NA,NA,NA,NA,Negativity,The Tweet does not contain an authority reference,No,No,No,"Policies, prevention & societal and economic impact",No,"Government, politicians and international organizations",NA,NA,NA,Individuals or communities,NA,NA,NA,Other,0,2020
1424281575999643600,3,Accurate information,Yes,NA,NA,NA,NA,NA,NA,NA,Misinformation is not attributed to an actor,Neutrality,The Tweet does not contain an authority reference,No,No,No,"News, information and misinformation",No,"Government, politicians and international organizations",NA,NA,Other major non-governmental actors,Individuals or communities,NA,NA,NA,Other,0,2021
1473385306544119800,1,Other,No,NA,NA,NA,NA,NA,NA,NA,NA,Neutrality,The Tweet does not contain an authority reference,No,No,No,"Policies, prevention & societal and economic impact",No,NA,NA,NA,NA,NA,NA,None,NA,Other,0,2021
1242172383559061500,3,Uncheckable claim,No,NA,NA,NA,NA,NA,NA,NA,NA,Neutrality,The Tweet does not contain an authority reference,No,No,No,"Policies, prevention & societal and economic impact",No,NA,NA,Media,NA,NA,NA,NA,NA,Other,0,2020
1371439990417322e3,3,Accurate information,No,NA,NA,NA,NA,NA,NA,NA,NA,Neutrality,The Tweet does not contain an authority reference,No,No,No,Vaccination,No,"Government, politicians and international organizations",NA,NA,NA,NA,NA,NA,NA,Other,0,2021
1315589293944041500,1,Accurate information,No,NA,NA,NA,NA,NA,NA,NA,NA,Neutrality,The Tweet does not contain an authority reference,No,No,No,Spread and detection,No,NA,NA,NA,NA,Individuals or communities,NA,NA,University or scientific organization,Other,0,2020
1339140095786487800,2,Other,No,NA,NA,NA,NA,NA,NA,NA,NA,Negativity,The Tweet does not contain an authority reference,No,No,No,"Policies, prevention & societal and economic impact",No,NA,NA,NA,Other major non-governmental actors,NA,NA,NA,NA,Other,0,2020
1374068313404375e3,2,Misinformation,No,NA,NA,NA,NA,NA,NA,NA,NA,Neutrality,The Tweet does not contain an authority reference,No,No,No,Existence of covid,Yes,NA,NA,NA,NA,NA,NA,None,NA,Misinformation,1,2021
1479406990690553900,1,Other,Yes,NA,NA,NA,NA,NA,NA,NA,Misinformation is not attributed to an actor,Neutrality,The Tweet does not contain an authority reference,No,No,No,"News, information and misinformation",No,"Government, politicians and international organizations",NA,NA,NA,NA,NA,NA,NA,Other,0,2022
1246891790143291400,4,Misinformation,Yes,A Dutch politician (not seated in the Dutch cabinet),NA,NA,NA,NA,NA,NA,NA,Neutrality,The Tweet does not contain an authority reference,No,No,No,"News, information and misinformation",No,"Government, politicians and international organizations",NA,NA,NA,NA,NA,NA,NA,Misinformation,1,2020
1457378083384791e3,3,Misinformation,No,NA,NA,NA,NA,NA,NA,NA,NA,Negativity,The Tweet does not contain an authority reference,No,No,Yes,"Policies, prevention & societal and economic impact",No,NA,NA,NA,NA,Individuals or communities,NA,NA,NA,Misinformation,1,2021
1329002691822051300,2,Other,No,NA,NA,NA,NA,NA,NA,NA,NA,Neutrality,The Tweet does not contain an authority reference,No,No,No,"Remedies for cure, treatment and prevention",No,NA,NA,NA,NA,NA,NA,None,NA,Other,0,2020
1453749892858499e3,1,Misinformation,No,NA,NA,NA,NA,NA,NA,NA,NA,Negativity,The Tweet does not contain an authority reference,No,No,No,Existence of covid,Yes,NA,NA,NA,NA,NA,NA,None,NA,Misinformation,1,2021
1295241042371981300,3,Other,No,NA,NA,NA,NA,NA,NA,NA,NA,Neutrality,The Tweet does not contain an authority reference,No,No,No,"Policies, prevention & societal and economic impact",No,NA,NA,NA,NA,NA,NA,None,NA,Other,0,2020
1259468314100859e3,2,Accurate information,No,NA,NA,NA,NA,NA,NA,NA,NA,Neutrality,The Tweet does not contain an authority reference,No,No,No,Symptoms or characteristics of covid,No,NA,NA,NA,NA,Individuals or communities,NA,NA,NA,Other,0,2020
1253969077263126500,4,Other,No,NA,NA,NA,NA,NA,NA,NA,NA,Negativity,The Tweet does not contain an authority reference,Yes,No,No,"Remedies for cure, treatment and prevention",No,"Government, politicians and international organizations",NA,NA,NA,NA,NA,NA,NA,Other,0,2020
1487132549180702700,4,Accurate information,No,NA,NA,NA,NA,NA,NA,NA,NA,Neutrality,The Tweet does not contain an authority reference,No,No,No,Spread and detection,No,NA,NA,NA,Other major non-governmental actors,NA,NA,NA,NA,Other,0,2022
1251078841495359500,2,Other,No,NA,NA,NA,NA,NA,NA,NA,NA,Neutrality,The Tweet does not contain an authority reference,No,No,No,Other,No,NA,NA,NA,NA,NA,NA,None,NA,Other,0,2020
1325033605987446800,1,Uncheckable claim,No,NA,NA,NA,NA,NA,NA,NA,NA,Neutrality,The Tweet does not contain an authority reference,No,No,No,Spread and detection,No,NA,Health services,NA,NA,NA,NA,NA,NA,Other,0,2020
1466420861909536800,2,Misinformation,No,NA,NA,NA,NA,NA,NA,NA,NA,Negativity,The Tweet does not contain an authority reference,No,No,No,Symptoms or characteristics of covid,No,NA,NA,NA,NA,Individuals or communities,NA,NA,NA,Misinformation,1,2021
1407048945101115400,1,Misinformation,No,NA,NA,NA,NA,NA,NA,NA,NA,Neutrality,The Tweet does not contain an authority reference,No,No,No,Existence of covid,Yes,"Government, politicians and international organizations",NA,Media,NA,NA,NA,NA,NA,Misinformation,1,2021
1320827451124207600,3,Accurate information,No,NA,NA,NA,NA,NA,NA,NA,NA,Neutrality,The Tweet does not contain an authority reference,No,No,No,"Remedies for cure, treatment and prevention",No,NA,NA,NA,NA,NA,NA,None,NA,Other,0,2020
1351135491203195e3,1,Accurate information,No,NA,NA,NA,NA,NA,NA,NA,NA,Neutrality,The Tweet does not contain an authority reference,No,No,No,Spread and detection,No,NA,Health services,NA,NA,NA,NA,NA,NA,Other,0,2021
1241355457593094100,1,Other,No,NA,NA,NA,NA,NA,NA,NA,NA,Neutrality,The Tweet does not contain an authority reference,No,No,No,"Remedies for cure, treatment and prevention",No,NA,NA,NA,NA,NA,NA,None,NA,Other,0,2020
1320783610375508e3,4,Accurate information,No,NA,NA,NA,NA,NA,NA,NA,NA,Neutrality,The Tweet does not contain an authority reference,No,No,No,"Remedies for cure, treatment and prevention",No,NA,NA,NA,NA,NA,NA,None,NA,Other,0,2020
1279316807967522800,2,Other,No,NA,NA,NA,NA,NA,NA,NA,NA,Neutrality,The Tweet does not contain an authority reference,No,No,No,Spread and detection,No,NA,NA,NA,NA,NA,NA,None,NA,Other,0,2020
1299789698647429e3,2,Uncheckable claim,No,NA,NA,NA,NA,NA,NA,NA,NA,Mixed,The Tweet does not contain an authority reference,No,No,No,"Policies, prevention & societal and economic impact",No,NA,NA,NA,Other major non-governmental actors,NA,NA,NA,NA,Other,0,2020
1314984382856298500,4,Other,No,NA,NA,NA,NA,NA,NA,NA,NA,Neutrality,The Tweet does not contain an authority reference,No,No,No,"Policies, prevention & societal and economic impact",No,NA,NA,NA,NA,NA,NA,None,NA,Other,0,2020
1297965853154119700,4,Other,No,NA,NA,NA,NA,NA,NA,NA,NA,Neutrality,The Tweet contains a non-specific authority reference,No,No,No,Symptoms or characteristics of covid,No,NA,Health services,NA,NA,Individuals or communities,NA,NA,University or scientific organization,Other,0,2020
1482639445232918500,3,Misinformation,Yes,NA,NA,NA,NA,NA,NA,NA,Misinformation is not attributed to an actor,Neutrality,The Tweet does not contain an authority reference,No,No,No,"News, information and misinformation",No,NA,NA,NA,NA,NA,NA,None,NA,Misinformation,1,2022
1295265130209575e3,1,Other,No,NA,NA,NA,NA,NA,NA,NA,NA,Neutrality,The Tweet does not contain an authority reference,No,No,No,"Policies, prevention & societal and economic impact",No,NA,NA,NA,NA,NA,NA,None,NA,Other,0,2020
1274958113955856400,2,Other,No,NA,NA,NA,NA,NA,NA,NA,NA,Neutrality,The Tweet does not contain an authority reference,No,No,No,"Remedies for cure, treatment and prevention",No,NA,NA,NA,NA,NA,NA,None,NA,Other,0,2020
1480560653135921200,1,Accurate information,No,NA,NA,NA,NA,NA,NA,NA,NA,Neutrality,The Tweet does not contain an authority reference,No,No,No,Severity of covid,No,"Government, politicians and international organizations",NA,NA,NA,NA,NA,NA,NA,Other,0,2022
1470346279658168300,1,Misinformation,No,NA,NA,NA,NA,NA,NA,NA,NA,Negativity,The Tweet does not contain an authority reference,No,No,Yes,Existence of covid,Yes,NA,NA,NA,NA,NA,NA,None,NA,Misinformation,1,2021
1251036734122582e3,1,Accurate information,No,NA,NA,NA,NA,NA,NA,NA,NA,Positivity,The Tweet does not contain an authority reference,No,No,No,Vaccination,No,"Government, politicians and international organizations",NA,NA,Other major non-governmental actors,NA,NA,NA,NA,Other,0,2020
1245813945409159200,3,Accurate information,No,NA,NA,NA,NA,NA,NA,NA,NA,Negativity,The Tweet does not contain an authority reference,No,No,No,Spread and detection,No,NA,NA,NA,NA,Individuals or communities,NA,NA,NA,Other,0,2020
1481199241280245800,2,Other,No,NA,NA,NA,NA,NA,NA,NA,NA,Neutrality,The Tweet does not contain an authority reference,No,No,No,"Policies, prevention & societal and economic impact",No,NA,NA,NA,NA,Individuals or communities,NA,NA,NA,Other,0,2022
1446755147565211600,1,Uncheckable claim,No,NA,NA,NA,NA,NA,NA,NA,NA,Positivity,The Tweet does not contain an authority reference,No,No,No,"Policies, prevention & societal and economic impact",No,NA,NA,NA,NA,NA,NA,None,NA,Other,0,2021
1373169282025193500,4,Misinformation,Yes,NA,NA,NA,NA,NA,NA,NA,Misinformation is not attributed to an actor,Neutrality,The Tweet contains a specific authority reference,No,No,No,"News, information and misinformation",No,NA,Health services,NA,NA,NA,NA,NA,University or scientific organization,Misinformation,1,2021
1464239037179433e3,1,Accurate information,No,NA,NA,NA,NA,NA,NA,NA,NA,Neutrality,The Tweet does not contain an authority reference,No,No,No,"Remedies for cure, treatment and prevention",No,NA,Health services,NA,NA,Individuals or communities,NA,NA,NA,Other,0,2021
1383821352310775800,1,Other,No,NA,NA,NA,NA,NA,NA,NA,NA,Neutrality,The Tweet does not contain an authority reference,Yes,No,No,"Policies, prevention & societal and economic impact",No,NA,NA,NA,NA,Individuals or communities,NA,NA,NA,Other,0,2021
1364296000538566700,3,Other,No,NA,NA,NA,NA,NA,NA,NA,NA,Negativity,The Tweet does not contain an authority reference,No,No,No,Spread and detection,No,NA,NA,NA,NA,NA,NA,None,NA,Other,0,2021
1313668214841397200,3,Other,No,NA,NA,NA,NA,NA,NA,NA,NA,Negativity,The Tweet does not contain an authority reference,Yes,No,No,Other,No,NA,NA,NA,NA,Individuals or communities,NA,NA,NA,Other,0,2020
1311223169517342700,1,Misinformation,Yes,NA,NA,NA,A mainstream media outlet or journalist working in the mainstream media,NA,NA,NA,NA,Neutrality,The Tweet does not contain an authority reference,No,No,No,"News, information and misinformation",No,NA,NA,Media,NA,NA,NA,NA,NA,Misinformation,1,2020
1243963857812492300,2,Uncheckable claim,Yes,NA,NA,NA,NA,NA,"An opinion leader or individual who is not a journalist, and not a part of a government, parliament, or a political party",NA,NA,Neutrality,The Tweet does not contain an authority reference,No,No,No,"News, information and misinformation",No,NA,NA,Media,NA,Individuals or communities,NA,NA,NA,Other,0,2020
147079537572855e4,3,Uncheckable claim,No,NA,NA,NA,NA,NA,NA,NA,NA,Positivity,The Tweet does not contain an authority reference,No,No,No,Spread and detection,No,NA,NA,NA,NA,Individuals or communities,NA,NA,NA,Other,0,2021
1335251776229027800,4,Accurate information,No,NA,NA,NA,NA,NA,NA,NA,NA,Neutrality,The Tweet does not contain an authority reference,No,No,No,"Remedies for cure, treatment and prevention",No,NA,NA,NA,NA,NA,NA,None,NA,Other,0,2020
1296709405413605400,2,Accurate information,Yes,NA,NA,NA,NA,NA,"An opinion leader or individual who is not a journalist, and not a part of a government, parliament, or a political party",NA,NA,Neutrality,The Tweet does not contain an authority reference,No,No,No,"News, information and misinformation",No,NA,NA,NA,NA,Individuals or communities,NA,NA,NA,Other,0,2020
133670647893427e4,1,Other,No,NA,NA,NA,NA,NA,NA,NA,NA,Neutrality,The Tweet does not contain an authority reference,No,No,No,"Policies, prevention & societal and economic impact",No,NA,NA,NA,NA,NA,NA,None,NA,Other,0,2020
1289586932981276700,3,Misinformation,No,NA,NA,NA,NA,NA,NA,NA,NA,Negativity,The Tweet does not contain an authority reference,No,No,No,Vaccination,No,NA,NA,NA,NA,NA,NA,None,NA,Misinformation,1,2020
1240191704893882400,1,Accurate information,No,NA,NA,NA,NA,NA,NA,NA,NA,Neutrality,The Tweet does not contain an authority reference,No,No,No,Vaccination,No,NA,NA,NA,NA,NA,NA,None,NA,Other,0,2020
1381215649691803600,3,Other,No,NA,NA,NA,NA,NA,NA,NA,NA,Negativity,The Tweet contains a non-specific authority reference,Yes,No,No,Symptoms or characteristics of covid,No,NA,NA,NA,NA,NA,NA,None,NA,Other,0,2021
1261778847885860900,4,Other,No,NA,NA,NA,NA,NA,NA,NA,NA,Neutrality,The Tweet does not contain an authority reference,No,No,No,"Policies, prevention & societal and economic impact",No,"Government, politicians and international organizations",Health services,NA,NA,NA,NA,NA,NA,Other,0,2020
1247494640770658300,1,Misinformation,No,NA,NA,NA,NA,NA,NA,NA,NA,Negativity,The Tweet does not contain an authority reference,No,No,Yes,"Policies, prevention & societal and economic impact",No,NA,NA,NA,NA,Individuals or communities,NA,NA,NA,Misinformation,1,2020
1263385486091e6,2,Uncheckable claim,Yes,NA,NA,NA,NA,NA,"An opinion leader or individual who is not a journalist, and not a part of a government, parliament, or a political party",NA,NA,Negativity,The Tweet contains a specific authority reference,No,No,Yes,"News, information and misinformation",No,"Government, politicians and international organizations",NA,NA,Other major non-governmental actors,NA,NA,NA,NA,Other,0,2020
1484666530998763500,3,Uncheckable claim,No,NA,NA,NA,NA,NA,NA,NA,NA,Neutrality,The Tweet does not contain an authority reference,No,No,No,Spread and detection,No,NA,NA,NA,NA,Individuals or communities,NA,NA,NA,Other,0,2022
1244293967967027200,3,Accurate information,No,NA,NA,NA,NA,NA,NA,NA,NA,Neutrality,The Tweet does not contain an authority reference,No,No,No,"Policies, prevention & societal and economic impact",No,NA,NA,NA,NA,Individuals or communities,NA,NA,NA,Other,0,2020
1308438609742237700,2,Uncheckable claim,No,NA,NA,NA,NA,NA,NA,NA,NA,Negativity,The Tweet does not contain an authority reference,No,No,No,Spread and detection,No,NA,NA,NA,Other major non-governmental actors,NA,NA,NA,NA,Other,0,2020
1364339272589975600,2,Other,No,NA,NA,NA,NA,NA,NA,NA,NA,Negativity,The Tweet does not contain an authority reference,No,Yes,No,Vaccination,No,NA,NA,NA,NA,NA,NA,None,NA,Other,0,2021
1407675469223403500,3,Misinformation,No,NA,NA,NA,NA,NA,NA,NA,NA,Neutrality,The Tweet does not contain an authority reference,No,No,No,Origin of covid,Yes,NA,NA,NA,NA,NA,NA,None,NA,Misinformation,1,2021
1356603571912007700,1,Other,No,NA,NA,NA,NA,NA,NA,NA,NA,Neutrality,The Tweet does not contain an authority reference,No,No,No,Symptoms or characteristics of covid,No,NA,Health services,NA,NA,Individuals or communities,NA,NA,NA,Other,0,2021
1459541143721549800,1,Misinformation,No,NA,NA,NA,NA,NA,NA,NA,NA,Neutrality,The Tweet contains a specific authority reference,No,No,Yes,Vaccination,No,NA,NA,NA,Other major non-governmental actors,Individuals or communities,NA,NA,NA,Misinformation,1,2021
1333419061133389800,4,Other,No,NA,NA,NA,NA,NA,NA,NA,NA,Negativity,The Tweet does not contain an authority reference,No,No,No,Existence of covid,Yes,NA,NA,NA,NA,Individuals or communities,NA,NA,NA,Other,0,2020
1445440897970315300,2,Misinformation,No,NA,NA,NA,NA,NA,NA,NA,NA,Neutrality,The Tweet does not contain an authority reference,No,No,No,Existence of covid,Yes,NA,NA,NA,NA,NA,NA,None,NA,Misinformation,1,2021
1471864898514825200,1,Other,No,NA,NA,NA,NA,NA,NA,NA,NA,Neutrality,The Tweet does not contain an authority reference,No,No,No,Origin of covid,No,NA,NA,NA,NA,NA,NA,None,NA,Other,0,2021
1477388248137752600,2,Other,Yes,NA,NA,NA,NA,NA,NA,NA,Misinformation is not attributed to an actor,Negativity,The Tweet does not contain an authority reference,No,No,No,"News, information and misinformation",No,NA,NA,NA,NA,NA,NA,None,NA,Other,0,2022
1311206268170842e3,4,Other,No,NA,NA,NA,NA,NA,NA,NA,NA,Neutrality,The Tweet does not contain an authority reference,No,No,No,"News, information and misinformation",No,NA,NA,Media,Other major non-governmental actors,NA,NA,NA,University or scientific organization,Other,0,2020
1485904761958420500,4,Accurate information,Yes,NA,NA,NA,NA,NA,"An opinion leader or individual who is not a journalist, and not a part of a government, parliament, or a political party",NA,NA,Neutrality,The Tweet does not contain an authority reference,No,No,No,"News, information and misinformation",No,"Government, politicians and international organizations",NA,NA,Other major non-governmental actors,NA,NA,NA,NA,Other,0,2022
1314216795113316400,4,Accurate information,Yes,NA,NA,NA,NA,NA,NA,NA,Misinformation is not attributed to an actor,Neutrality,The Tweet does not contain an authority reference,No,No,No,"News, information and misinformation",No,"Government, politicians and international organizations",NA,NA,Other major non-governmental actors,NA,NA,NA,NA,Other,0,2020
1431950021294018600,3,Accurate information,No,NA,NA,NA,NA,NA,NA,NA,NA,Neutrality,The Tweet does not contain an authority reference,No,No,No,Spread and detection,No,NA,NA,NA,Other major non-governmental actors,NA,NA,NA,NA,Other,0,2021
1358931384581173200,2,Accurate information,No,NA,NA,NA,NA,NA,NA,NA,NA,Neutrality,The Tweet does not contain an authority reference,No,No,No,Vaccination,No,NA,Health services,NA,NA,NA,NA,NA,NA,Other,0,2021
1288511434767446e3,2,Other,No,NA,NA,NA,NA,NA,NA,NA,NA,Neutrality,The Tweet does not contain an authority reference,No,No,No,Vaccination,No,NA,NA,NA,NA,NA,NA,None,NA,Other,0,2020
1253587675459829800,2,Accurate information,No,NA,NA,NA,NA,NA,NA,NA,NA,Neutrality,The Tweet does not contain an authority reference,No,No,No,"Remedies for cure, treatment and prevention",No,NA,Health services,NA,NA,NA,NA,NA,NA,Other,0,2020
1464602964832751600,3,Other,Yes,NA,NA,NA,NA,NA,NA,NA,Misinformation is not attributed to an actor,Neutrality,The Tweet does not contain an authority reference,No,No,No,"News, information and misinformation",No,"Government, politicians and international organizations",NA,NA,Other major non-governmental actors,NA,NA,NA,NA,Other,0,2021
1.4518568614777119e+18,4,Other,No,NA,NA,NA,NA,NA,NA,NA,NA,Neutrality,The Tweet does not contain an authority reference,No,No,No,"News, information and misinformation",No,"Government, politicians and international organizations",NA,NA,Other major non-governmental actors,NA,NA,NA,NA,Other,0,2021
1265436765042741200,2,Misinformation,No,NA,NA,NA,NA,NA,NA,NA,NA,Neutrality,The Tweet does not contain an authority reference,No,No,No,"Remedies for cure, treatment and prevention",No,NA,NA,NA,NA,NA,NA,None,NA,Misinformation,1,2020
1270462142156869600,2,Unable to classify,Yes,NA,NA,NA,NA,NA,NA,NA,Misinformation is not attributed to an actor,Neutrality,The Tweet does not contain an authority reference,No,No,No,"News, information and misinformation",No,NA,NA,NA,NA,NA,NA,None,NA,Other,0,2020
1426509490648666e3,1,Other,No,NA,NA,NA,NA,NA,NA,NA,NA,Negativity,The Tweet does not contain an authority reference,Yes,No,No,"Policies, prevention & societal and economic impact",No,NA,NA,NA,NA,NA,NA,None,NA,Other,0,2021
1467522165243142100,4,Misinformation,No,NA,NA,NA,NA,NA,NA,NA,NA,Neutrality,The Tweet contains a non-specific authority reference,No,No,No,"Remedies for cure, treatment and prevention",No,NA,NA,NA,NA,Individuals or communities,NA,NA,NA,Misinformation,1,2021
1383084545235292200,3,Misinformation,No,NA,NA,NA,NA,NA,NA,NA,NA,Positivity,The Tweet does not contain an authority reference,No,No,No,Existence of covid,Yes,NA,NA,Media,NA,Individuals or communities,NA,NA,NA,Misinformation,1,2021
1352709934639681500,2,Uncheckable claim,No,NA,NA,NA,NA,NA,NA,NA,NA,Neutrality,The Tweet does not contain an authority reference,No,No,No,"Policies, prevention & societal and economic impact",No,NA,NA,NA,NA,NA,NA,None,NA,Other,0,2021
1262491815640432600,4,Other,No,NA,NA,NA,NA,NA,NA,NA,NA,Negativity,The Tweet does not contain an authority reference,No,No,No,"Policies, prevention & societal and economic impact",No,"Government, politicians and international organizations",NA,NA,Other major non-governmental actors,NA,NA,NA,NA,Other,0,2020
1335720504682901500,4,Accurate information,No,NA,NA,NA,NA,NA,NA,NA,NA,Neutrality,The Tweet does not contain an authority reference,No,No,No,"Remedies for cure, treatment and prevention",No,NA,NA,NA,NA,Individuals or communities,NA,NA,NA,Other,0,2020
1267458173209886700,3,Misinformation,No,NA,NA,NA,NA,NA,NA,NA,NA,Neutrality,The Tweet does not contain an authority reference,No,No,No,Symptoms or characteristics of covid,No,NA,NA,NA,Other major non-governmental actors,NA,NA,NA,NA,Misinformation,1,2020
1460703732815908900,3,Accurate information,No,NA,NA,NA,NA,NA,NA,NA,NA,Neutrality,The Tweet does not contain an authority reference,No,No,No,Spread and detection,No,NA,NA,NA,Other major non-governmental actors,NA,NA,NA,NA,Other,0,2021
1349962776752644e3,1,Accurate information,No,NA,NA,NA,NA,NA,NA,NA,NA,Neutrality,The Tweet does not contain an authority reference,No,No,No,Vaccination,No,NA,NA,NA,NA,Individuals or communities,NA,NA,NA,Other,0,2021
1248902125536632800,2,Other,No,NA,NA,NA,NA,NA,NA,NA,NA,Neutrality,The Tweet does not contain an authority reference,No,No,No,"Policies, prevention & societal and economic impact",No,NA,NA,NA,NA,NA,NA,None,NA,Other,0,2020
1329038091357741e3,4,Accurate information,No,NA,NA,NA,NA,NA,NA,NA,NA,Neutrality,The Tweet does not contain an authority reference,No,No,No,"Remedies for cure, treatment and prevention",No,NA,NA,NA,NA,NA,NA,None,NA,Other,0,2020
1328344550826512400,4,Other,No,NA,NA,NA,NA,NA,NA,NA,NA,Neutrality,The Tweet does not contain an authority reference,No,No,No,"Policies, prevention & societal and economic impact",No,NA,Health services,NA,NA,NA,NA,NA,NA,Other,0,2020
1300305685868052500,2,Accurate information,No,NA,NA,NA,NA,NA,NA,NA,NA,Neutrality,The Tweet does not contain an authority reference,No,No,No,"Policies, prevention & societal and economic impact",No,NA,NA,NA,NA,Individuals or communities,NA,NA,NA,Other,0,2020
1248631982793330700,1,Accurate information,No,NA,NA,NA,NA,NA,NA,NA,NA,Neutrality,The Tweet does not contain an authority reference,No,No,No,"Policies, prevention & societal and economic impact",No,NA,NA,NA,NA,NA,NA,None,NA,Other,0,2020
1265179360866324500,1,Other,Yes,NA,NA,NA,NA,NA,NA,NA,Misinformation is not attributed to an actor,Neutrality,The Tweet does not contain an authority reference,No,No,No,"News, information and misinformation",No,NA,NA,Media,NA,NA,NA,NA,NA,Other,0,2020
1252256315763818500,4,Other,No,NA,NA,NA,NA,NA,NA,NA,NA,Neutrality,The Tweet does not contain an authority reference,No,Yes,No,"Policies, prevention & societal and economic impact",No,NA,NA,NA,NA,Individuals or communities,NA,NA,NA,Other,0,2020
1333085006147817500,1,Other,Yes,NA,NA,NA,NA,NA,NA,NA,Misinformation is not attributed to an actor,Neutrality,The Tweet does not contain an authority reference,No,No,No,"News, information and misinformation",No,NA,NA,NA,NA,NA,NA,None,NA,Other,0,2020
1377884871830483e3,2,Other,No,NA,NA,NA,NA,NA,NA,NA,NA,Negativity,The Tweet does not contain an authority reference,No,No,No,"Policies, prevention & societal and economic impact",No,"Government, politicians and international organizations",NA,NA,NA,NA,NA,NA,NA,Other,0,2021
1274723047048728600,4,Accurate information,No,NA,NA,NA,NA,NA,NA,NA,NA,Neutrality,The Tweet does not contain an authority reference,No,No,No,Spread and detection,No,"Government, politicians and international organizations",NA,NA,NA,NA,NA,NA,NA,Other,0,2020
1271067767328907300,3,Accurate information,Yes,NA,NA,"A foreign politician, foreign government, international leader or international organization",NA,NA,NA,NA,NA,Neutrality,The Tweet contains a specific authority reference,No,No,No,"News, information and misinformation",No,"Government, politicians and international organizations",NA,NA,NA,NA,NA,NA,NA,Other,0,2020
1318477413123317800,4,Other,No,NA,NA,NA,NA,NA,NA,NA,NA,Neutrality,The Tweet does not contain an authority reference,No,No,No,"Policies, prevention & societal and economic impact",No,NA,NA,NA,NA,NA,NA,None,NA,Other,0,2020
1431327358238306300,3,Other,No,NA,NA,NA,NA,NA,NA,NA,NA,Negativity,The Tweet does not contain an authority reference,No,No,No,"Policies, prevention & societal and economic impact",No,"Government, politicians and international organizations",NA,NA,NA,NA,NA,NA,NA,Other,0,2021
1.2913993545243361e+18,4,Other,No,NA,NA,NA,NA,NA,NA,NA,NA,Neutrality,The Tweet does not contain an authority reference,No,No,No,"Remedies for cure, treatment and prevention",No,NA,NA,NA,NA,Individuals or communities,NA,NA,NA,Other,0,2020
1252682861725e6,1,Misinformation,No,NA,NA,NA,NA,NA,NA,NA,NA,Negativity,The Tweet does not contain an authority reference,No,No,No,Symptoms or characteristics of covid,No,NA,Health services,NA,NA,Individuals or communities,NA,NA,NA,Misinformation,1,2020
1349057335403159600,1,Other,No,NA,NA,NA,NA,NA,NA,NA,NA,Neutrality,The Tweet does not contain an authority reference,No,No,No,"Policies, prevention & societal and economic impact",No,"Government, politicians and international organizations",NA,NA,Other major non-governmental actors,NA,NA,NA,NA,Other,0,2021
1288722723477368800,1,Uncheckable claim,No,NA,NA,NA,NA,NA,NA,NA,NA,Neutrality,The Tweet does not contain an authority reference,No,No,No,Other,No,NA,NA,Media,Other major non-governmental actors,Individuals or communities,NA,NA,NA,Other,0,2020
1484114175500693500,2,Uncheckable claim,No,NA,NA,NA,NA,NA,NA,NA,NA,Negativity,The Tweet does not contain an authority reference,No,No,No,Spread and detection,No,"Government, politicians and international organizations",NA,NA,NA,NA,NA,NA,NA,Other,0,2022
1303714416660152300,4,Accurate information,No,NA,NA,NA,NA,NA,NA,NA,NA,Neutrality,The Tweet does not contain an authority reference,No,No,No,"Policies, prevention & societal and economic impact",No,NA,NA,NA,NA,NA,NA,None,NA,Other,0,2020
1468752587902103600,2,Other,Yes,NA,NA,NA,NA,NA,NA,NA,Misinformation is not attributed to an actor,Neutrality,The Tweet does not contain an authority reference,No,No,No,"News, information and misinformation",No,NA,NA,NA,NA,NA,NA,None,NA,Other,0,2021
1357821301549891600,4,Other,No,NA,NA,NA,NA,NA,NA,NA,NA,Neutrality,The Tweet does not contain an authority reference,No,No,No,Existence of covid,Yes,NA,NA,NA,Other major non-governmental actors,NA,NA,NA,NA,Other,0,2021
1243449845156905e3,4,Uncheckable claim,No,NA,NA,NA,NA,NA,NA,NA,NA,Neutrality,The Tweet does not contain an authority reference,No,No,No,Spread and detection,No,NA,NA,NA,NA,Individuals or communities,NA,NA,NA,Other,0,2020
1379116102387662800,3,Other,No,NA,NA,NA,NA,NA,NA,NA,NA,Mixed,The Tweet does not contain an authority reference,No,No,No,"Policies, prevention & societal and economic impact",No,NA,NA,NA,NA,NA,NA,None,NA,Other,0,2021
1369782995779915800,2,Misinformation,No,NA,NA,NA,NA,NA,NA,NA,NA,Neutrality,The Tweet does not contain an authority reference,No,No,No,Existence of covid,Yes,NA,NA,NA,NA,NA,NA,None,NA,Misinformation,1,2021
1300753574524326e3,4,Accurate information,No,NA,NA,NA,NA,NA,NA,NA,NA,Mixed,The Tweet does not contain an authority reference,No,No,No,"Policies, prevention & societal and economic impact",No,"Government, politicians and international organizations",NA,NA,Other major non-governmental actors,Individuals or communities,NA,NA,NA,Other,0,2020
1465236821831557e3,4,Misinformation,No,NA,NA,NA,NA,NA,NA,NA,NA,Neutrality,The Tweet does not contain an authority reference,No,No,No,"Policies, prevention & societal and economic impact",No,"Government, politicians and international organizations",NA,NA,NA,NA,NA,NA,NA,Misinformation,1,2021
1344054912238428200,3,Misinformation,No,NA,NA,NA,NA,NA,NA,NA,NA,Neutrality,The Tweet does not contain an authority reference,No,No,No,Spread and detection,No,NA,NA,NA,NA,Individuals or communities,NA,NA,NA,Misinformation,1,2020
1300705186231521300,1,Misinformation,No,NA,NA,NA,NA,NA,NA,NA,NA,Neutrality,The Tweet does not contain an authority reference,No,No,No,"Remedies for cure, treatment and prevention",No,NA,NA,NA,NA,NA,NA,None,NA,Misinformation,1,2020
1251873067233611800,1,Uncheckable claim,No,NA,NA,NA,NA,NA,NA,NA,NA,Negativity,The Tweet does not contain an authority reference,No,No,No,"Remedies for cure, treatment and prevention",No,NA,NA,NA,NA,Individuals or communities,NA,NA,NA,Other,0,2020
1426442254659596300,1,Unable to classify,No,NA,NA,NA,NA,NA,NA,NA,NA,Neutrality,The Tweet does not contain an authority reference,No,No,No,Symptoms or characteristics of covid,No,NA,Health services,NA,NA,Individuals or communities,NA,NA,NA,Other,0,2021
1299108193428177e3,4,Other,No,NA,NA,NA,NA,NA,NA,NA,NA,Negativity,The Tweet does not contain an authority reference,No,No,Yes,"Policies, prevention & societal and economic impact",No,NA,NA,NA,Other major non-governmental actors,Individuals or communities,NA,NA,NA,Other,0,2020
124385645507115e4,3,Misinformation,No,NA,NA,NA,NA,NA,NA,NA,NA,Neutrality,The Tweet does not contain an authority reference,No,No,No,Severity of covid,No,"Government, politicians and international organizations",Health services,NA,NA,Individuals or communities,NA,NA,NA,Misinformation,1,2020
1432302899875524600,1,Misinformation,Yes,NA,"The Dutch government, cabinet, a member of the Dutch cabinet or civil servant",NA,NA,NA,NA,NA,NA,Negativity,The Tweet does not contain an authority reference,No,No,No,"News, information and misinformation",No,"Government, politicians and international organizations",Health services,NA,NA,Individuals or communities,NA,NA,NA,Misinformation,1,2021
1268124332074717200,1,Accurate information,Yes,NA,NA,NA,NA,NA,NA,NA,Misinformation is not attributed to an actor,Neutrality,The Tweet contains a non-specific authority reference,No,No,No,"News, information and misinformation",No,NA,NA,NA,NA,Individuals or communities,NA,NA,NA,Other,0,2020
1.2843898225477919e+18,2,Accurate information,Yes,NA,NA,NA,NA,NA,NA,NA,Misinformation is not attributed to an actor,Neutrality,The Tweet does not contain an authority reference,No,No,No,"News, information and misinformation",No,NA,NA,NA,Other major non-governmental actors,Individuals or communities,NA,NA,NA,Other,0,2020
1438888491320889300,4,Accurate information,No,NA,NA,NA,NA,NA,NA,NA,NA,Neutrality,The Tweet does not contain an authority reference,No,No,No,"Policies, prevention & societal and economic impact",No,"Government, politicians and international organizations",NA,NA,NA,NA,NA,NA,NA,Other,0,2021
1369401826928427e3,2,Other,No,NA,NA,NA,NA,NA,NA,NA,NA,Neutrality,The Tweet does not contain an authority reference,No,No,No,"Policies, prevention & societal and economic impact",No,NA,NA,NA,NA,NA,NA,None,NA,Other,0,2021
1410832971414884400,1,Accurate information,No,NA,NA,NA,NA,NA,NA,NA,NA,Neutrality,The Tweet does not contain an authority reference,No,No,No,Spread and detection,No,NA,NA,NA,NA,Individuals or communities,NA,NA,NA,Other,0,2021
1307011897934393300,1,Other,Yes,NA,NA,NA,NA,NA,"An opinion leader or individual who is not a journalist, and not a part of a government, parliament, or a political party",NA,NA,Negativity,The Tweet does not contain an authority reference,No,No,Yes,"News, information and misinformation",No,"Government, politicians and international organizations",NA,Media,NA,Individuals or communities,NA,NA,NA,Other,0,2020
1297842149820698600,4,Other,No,NA,NA,NA,NA,NA,NA,NA,NA,Neutrality,The Tweet does not contain an authority reference,No,No,No,Vaccination,No,NA,NA,NA,NA,Individuals or communities,NA,NA,NA,Other,0,2020
1408771680244207600,1,Misinformation,No,NA,NA,NA,NA,NA,NA,NA,NA,Negativity,The Tweet does not contain an authority reference,Yes,No,Yes,Existence of covid,Yes,NA,NA,NA,Other major non-governmental actors,Individuals or communities,NA,NA,NA,Misinformation,1,2021
1251560689757565e3,2,Other,No,NA,NA,NA,NA,NA,NA,NA,NA,Neutrality,The Tweet does not contain an authority reference,No,No,No,"Policies, prevention & societal and economic impact",No,NA,NA,NA,NA,NA,NA,None,NA,Other,0,2020
1314511587076698e3,4,Other,Yes,NA,NA,NA,NA,NA,NA,NA,Misinformation is not attributed to an actor,Neutrality,The Tweet does not contain an authority reference,No,No,No,"News, information and misinformation",No,"Government, politicians and international organizations",NA,Media,NA,Individuals or communities,NA,NA,University or scientific organization,Other,0,2020
1271769671377748e3,3,Misinformation,No,NA,NA,NA,NA,NA,NA,NA,NA,Neutrality,The Tweet does not contain an authority reference,No,No,No,"Remedies for cure, treatment and prevention",No,NA,NA,NA,NA,NA,NA,None,NA,Misinformation,1,2020
1296112087928799200,2,Uncheckable claim,No,NA,NA,NA,NA,NA,NA,NA,NA,Positivity,The Tweet does not contain an authority reference,No,Yes,No,"Policies, prevention & societal and economic impact",No,NA,NA,NA,NA,Individuals or communities,NA,NA,NA,Other,0,2020
1306595497973411800,1,Other,No,NA,NA,NA,NA,NA,NA,NA,NA,Neutrality,The Tweet does not contain an authority reference,No,No,No,"Policies, prevention & societal and economic impact",No,NA,NA,NA,Other major non-governmental actors,NA,NA,NA,NA,Other,0,2020
1481627239896780800,2,Misinformation,No,NA,NA,NA,NA,NA,NA,NA,NA,Negativity,The Tweet does not contain an authority reference,No,No,No,Existence of covid,Yes,NA,NA,NA,Other major non-governmental actors,NA,NA,NA,NA,Misinformation,1,2022
1371056772425912300,3,Misinformation,No,NA,NA,NA,NA,NA,NA,NA,NA,Neutrality,The Tweet does not contain an authority reference,No,No,No,Severity of covid,No,"Government, politicians and international organizations",NA,Media,NA,NA,NA,NA,NA,Misinformation,1,2021
148525512599629e4,3,Misinformation,No,NA,NA,NA,NA,NA,NA,NA,NA,Positivity,The Tweet does not contain an authority reference,No,No,No,"Remedies for cure, treatment and prevention",No,NA,Health services,NA,NA,NA,NA,NA,NA,Misinformation,1,2022
1296695275202007e3,1,Accurate information,Yes,NA,NA,NA,NA,NA,"An opinion leader or individual who is not a journalist, and not a part of a government, parliament, or a political party",NA,NA,Neutrality,The Tweet does not contain an authority reference,No,No,No,"News, information and misinformation",No,NA,NA,NA,NA,Individuals or communities,NA,NA,NA,Other,0,2020
1317573228978688e3,2,Uncheckable claim,No,NA,NA,NA,NA,NA,NA,NA,NA,Neutrality,The Tweet does not contain an authority reference,No,No,No,"Policies, prevention & societal and economic impact",No,NA,NA,NA,NA,Individuals or communities,NA,NA,NA,Other,0,2020
1262379925815713800,4,Other,Yes,NA,NA,NA,NA,NA,NA,NA,Misinformation is not attributed to an actor,Neutrality,The Tweet does not contain an authority reference,No,No,No,"News, information and misinformation",No,NA,NA,NA,NA,NA,NA,None,NA,Other,0,2020
1467804092382818300,1,Misinformation,No,NA,NA,NA,NA,NA,NA,NA,NA,Positivity,The Tweet does not contain an authority reference,No,No,No,"Remedies for cure, treatment and prevention",No,NA,Health services,NA,NA,NA,NA,NA,NA,Misinformation,1,2021
1363743471773888500,2,Misinformation,No,NA,NA,NA,NA,NA,NA,NA,NA,Negativity,The Tweet does not contain an authority reference,No,No,No,Existence of covid,Yes,NA,NA,NA,NA,Individuals or communities,NA,NA,NA,Misinformation,1,2021
1486772847561396200,2,Misinformation,Yes,NA,NA,NA,NA,NA,NA,NA,Misinformation is not attributed to an actor,Negativity,The Tweet does not contain an authority reference,Yes,No,No,"News, information and misinformation",No,NA,NA,NA,Other major non-governmental actors,Individuals or communities,NA,NA,NA,Misinformation,1,2022
1337476086838534100,4,Accurate information,Yes,NA,NA,NA,NA,NA,NA,NA,Misinformation is not attributed to an actor,Neutrality,The Tweet does not contain an authority reference,No,No,No,"News, information and misinformation",No,NA,Health services,NA,NA,NA,NA,NA,NA,Other,0,2020
1315609502520049700,1,Accurate information,Yes,NA,NA,"A foreign politician, foreign government, international leader or international organization",NA,NA,NA,NA,NA,Negativity,The Tweet does not contain an authority reference,Yes,No,No,"News, information and misinformation",No,"Government, politicians and international organizations",NA,NA,NA,NA,NA,NA,NA,Other,0,2020
1306853425628491800,2,Other,No,NA,NA,NA,NA,NA,NA,NA,NA,Neutrality,The Tweet does not contain an authority reference,No,No,No,"Policies, prevention & societal and economic impact",No,NA,NA,NA,NA,NA,NA,None,NA,Other,0,2020
1487285115352928300,4,Accurate information,Yes,NA,NA,NA,NA,NA,NA,NA,Misinformation is not attributed to an actor,Neutrality,The Tweet does not contain an authority reference,No,No,No,"News, information and misinformation",No,NA,NA,NA,Other major non-governmental actors,NA,NA,NA,NA,Other,0,2022
1.2838118669392159e+18,3,Accurate information,No,NA,NA,NA,NA,NA,NA,NA,NA,Neutrality,The Tweet does not contain an authority reference,No,No,No,"Policies, prevention & societal and economic impact",No,"Government, politicians and international organizations",NA,NA,Other major non-governmental actors,NA,NA,NA,NA,Other,0,2020
1295258941795049500,2,Other,No,NA,NA,NA,NA,NA,NA,NA,NA,Neutrality,The Tweet does not contain an authority reference,No,No,No,"Policies, prevention & societal and economic impact",No,NA,NA,NA,NA,NA,NA,None,NA,Other,0,2020
1456142793710125e3,2,Accurate information,No,NA,NA,NA,NA,NA,NA,NA,NA,Neutrality,The Tweet contains a non-specific authority reference,No,No,No,Spread and detection,No,NA,NA,NA,NA,NA,NA,None,NA,Other,0,2021
1263007201653899300,2,Accurate information,No,NA,NA,NA,NA,NA,NA,NA,NA,Neutrality,The Tweet contains a specific authority reference,No,No,No,Origin of covid,No,"Government, politicians and international organizations",NA,NA,NA,NA,NA,NA,NA,Other,0,2020
1462832630513160200,4,Accurate information,Yes,NA,NA,NA,NA,NA,NA,NA,Misinformation is not attributed to an actor,Neutrality,The Tweet does not contain an authority reference,No,No,No,"News, information and misinformation",No,NA,NA,NA,NA,NA,NA,None,NA,Other,0,2021
1314890999538356200,3,Other,No,NA,NA,NA,NA,NA,NA,NA,NA,Neutrality,The Tweet does not contain an authority reference,No,No,No,"Policies, prevention & societal and economic impact",No,NA,NA,NA,NA,NA,NA,None,NA,Other,0,2020
1385117434160558e3,2,Misinformation,No,NA,NA,NA,NA,NA,NA,NA,NA,Neutrality,The Tweet does not contain an authority reference,No,No,No,Existence of covid,Yes,NA,NA,NA,NA,NA,NA,None,NA,Misinformation,1,2021
1477662969454465e3,1,Other,Yes,A Dutch politician (not seated in the Dutch cabinet),NA,NA,NA,NA,"An opinion leader or individual who is not a journalist, and not a part of a government, parliament, or a political party",NA,NA,Negativity,The Tweet does not contain an authority reference,No,No,Yes,"News, information and misinformation",No,"Government, politicians and international organizations",NA,NA,NA,Individuals or communities,NA,NA,NA,Other,0,2022
1267761595528200200,4,Accurate information,No,NA,NA,NA,NA,NA,NA,NA,NA,Neutrality,The Tweet does not contain an authority reference,No,No,No,"Remedies for cure, treatment and prevention",No,NA,NA,NA,NA,NA,NA,None,NA,Other,0,2020
1365303977714327600,4,Accurate information,No,NA,NA,NA,NA,NA,NA,NA,NA,Neutrality,The Tweet contains a specific authority reference,No,No,No,Spread and detection,No,NA,Health services,NA,NA,NA,NA,NA,NA,Other,0,2021
1427955047867035600,2,Accurate information,Yes,NA,NA,NA,NA,NA,"An opinion leader or individual who is not a journalist, and not a part of a government, parliament, or a political party",NA,NA,Neutrality,The Tweet does not contain an authority reference,No,No,No,"News, information and misinformation",No,NA,NA,NA,Other major non-governmental actors,NA,NA,NA,NA,Other,0,2021
1267910639680467e3,2,Uncheckable claim,No,NA,NA,NA,NA,NA,NA,NA,NA,Neutrality,The Tweet does not contain an authority reference,No,No,No,"Policies, prevention & societal and economic impact",No,NA,NA,NA,NA,NA,NA,None,NA,Other,0,2020
1380219161645883400,2,Uncheckable claim,No,NA,NA,NA,NA,NA,NA,NA,NA,Neutrality,The Tweet does not contain an authority reference,No,No,No,"Policies, prevention & societal and economic impact",No,NA,NA,Media,NA,NA,NA,NA,University or scientific organization,Other,0,2021
1337772921025130500,4,Other,No,NA,NA,NA,NA,NA,NA,NA,NA,Neutrality,The Tweet does not contain an authority reference,No,No,No,Symptoms or characteristics of covid,No,NA,NA,NA,NA,Individuals or communities,NA,NA,NA,Other,0,2020
1286196003251642400,2,Accurate information,No,NA,NA,NA,NA,NA,NA,NA,NA,Neutrality,The Tweet does not contain an authority reference,No,No,No,"Policies, prevention & societal and economic impact",No,NA,Health services,NA,NA,NA,NA,NA,NA,Other,0,2020
1247240593497088e3,2,Accurate information,No,NA,NA,NA,NA,NA,NA,NA,NA,Neutrality,The Tweet contains a specific authority reference,No,No,No,Spread and detection,No,NA,Health services,NA,NA,NA,NA,NA,NA,Other,0,2020
1321632032167e6,4,Accurate information,No,NA,NA,NA,NA,NA,NA,NA,NA,Neutrality,The Tweet does not contain an authority reference,No,No,No,"Remedies for cure, treatment and prevention",No,NA,NA,NA,NA,NA,NA,NA,University or scientific organization,Other,0,2020
1437011590210015200,2,Other,No,NA,NA,NA,NA,NA,NA,NA,NA,Neutrality,The Tweet does not contain an authority reference,No,No,No,"Policies, prevention & societal and economic impact",No,NA,NA,NA,NA,NA,NA,None,NA,Other,0,2021
1388545424441622500,1,Unable to classify,Yes,NA,NA,NA,NA,NA,"An opinion leader or individual who is not a journalist, and not a part of a government, parliament, or a political party",NA,NA,Neutrality,The Tweet does not contain an authority reference,Yes,No,Yes,"Policies, prevention & societal and economic impact",No,NA,NA,NA,NA,Individuals or communities,NA,NA,NA,Other,0,2021
1318499090876039200,2,Accurate information,No,NA,NA,NA,NA,NA,NA,NA,NA,Neutrality,The Tweet does not contain an authority reference,No,No,No,"Policies, prevention & societal and economic impact",No,NA,NA,NA,NA,Individuals or communities,NA,NA,NA,Other,0,2020
1250015564883349500,2,Accurate information,Yes,NA,NA,NA,NA,An alternative media outlet or journalist working in alternative media,NA,NA,NA,Negativity,The Tweet does not contain an authority reference,No,No,No,"News, information and misinformation",No,NA,NA,Media,NA,NA,NA,NA,NA,Other,0,2020
1249319861563674600,1,Other,No,NA,NA,NA,NA,NA,NA,NA,NA,Neutrality,The Tweet does not contain an authority reference,No,No,No,Vaccination,No,NA,NA,NA,NA,NA,NA,None,NA,Other,0,2020
1.3612451957031199e+18,3,Uncheckable claim,No,NA,NA,NA,NA,NA,NA,NA,NA,Negativity,The Tweet does not contain an authority reference,No,No,No,"Policies, prevention & societal and economic impact",No,NA,NA,NA,NA,Individuals or communities,NA,NA,NA,Other,0,2021
1330482760306323500,3,Accurate information,No,NA,NA,NA,NA,NA,NA,NA,NA,Neutrality,The Tweet does not contain an authority reference,No,No,No,"Remedies for cure, treatment and prevention",No,NA,NA,NA,Other major non-governmental actors,NA,NA,NA,NA,Other,0,2020
1370682974073667600,1,Uncheckable claim,No,NA,NA,NA,NA,NA,NA,NA,NA,Neutrality,The Tweet does not contain an authority reference,No,No,No,Spread and detection,No,NA,NA,NA,NA,NA,NA,None,NA,Other,0,2021
1328762757592866800,2,Accurate information,No,NA,NA,NA,NA,NA,NA,NA,NA,Mixed,The Tweet does not contain an authority reference,No,No,No,Vaccination,No,NA,NA,NA,NA,Individuals or communities,NA,NA,NA,Other,0,2020
134109617511458e4,4,Other,No,NA,NA,NA,NA,NA,NA,NA,NA,Neutrality,The Tweet does not contain an authority reference,No,No,No,"News, information and misinformation",No,"Government, politicians and international organizations",NA,NA,NA,NA,NA,NA,NA,Other,0,2020
1267051426666164200,3,Uncheckable claim,No,NA,NA,NA,NA,NA,NA,NA,NA,Mixed,The Tweet does not contain an authority reference,No,No,No,"Policies, prevention & societal and economic impact",No,"Government, politicians and international organizations",NA,NA,NA,Individuals or communities,NA,NA,NA,Other,0,2020
1487449879123316700,4,Accurate information,Yes,NA,NA,NA,NA,NA,NA,NA,Misinformation is not attributed to an actor,Neutrality,The Tweet contains a non-specific authority reference,No,No,No,"News, information and misinformation",No,NA,NA,NA,Other major non-governmental actors,NA,NA,NA,NA,Other,0,2022
1459281257557381e3,2,Accurate information,No,NA,NA,NA,NA,NA,NA,NA,NA,Mixed,The Tweet does not contain an authority reference,No,No,No,"Policies, prevention & societal and economic impact",No,NA,NA,NA,Other major non-governmental actors,Individuals or communities,NA,NA,NA,Other,0,2021
1355805771225817e3,3,Accurate information,No,NA,NA,NA,NA,NA,NA,NA,NA,Neutrality,The Tweet does not contain an authority reference,No,No,No,Symptoms or characteristics of covid,No,NA,NA,NA,NA,NA,NA,NA,University or scientific organization,Other,0,2021
1409874087627927600,3,Accurate information,Yes,NA,NA,NA,NA,NA,"An opinion leader or individual who is not a journalist, and not a part of a government, parliament, or a political party",NA,NA,Neutrality,The Tweet does not contain an authority reference,Yes,No,No,"News, information and misinformation",No,NA,NA,NA,NA,Individuals or communities,NA,NA,NA,Other,0,2021
1429875432082579500,3,Accurate information,No,NA,NA,NA,NA,NA,NA,NA,NA,Negativity,The Tweet does not contain an authority reference,No,No,No,Vaccination,No,NA,NA,NA,NA,Individuals or communities,NA,NA,NA,Other,0,2021
1413164233639006200,4,Misinformation,Yes,NA,NA,NA,NA,NA,NA,NA,Misinformation is not attributed to an actor,Negativity,The Tweet does not contain an authority reference,No,No,No,Symptoms or characteristics of covid,No,NA,NA,NA,NA,Individuals or communities,NA,NA,NA,Misinformation,1,2021
1245375742680195e3,2,Unable to classify,No,NA,NA,NA,NA,NA,NA,NA,NA,Negativity,The Tweet does not contain an authority reference,No,No,No,Spread and detection,No,NA,NA,NA,NA,NA,Other,NA,NA,Other,0,2020
1365684000338116600,2,Other,No,NA,NA,NA,NA,NA,NA,NA,NA,Negativity,The Tweet does not contain an authority reference,No,No,No,"News, information and misinformation",No,NA,NA,Media,Other major non-governmental actors,NA,NA,NA,NA,Other,0,2021
1245411517501247500,1,Accurate information,No,NA,NA,NA,NA,NA,NA,NA,NA,Neutrality,The Tweet does not contain an authority reference,No,No,No,"Policies, prevention & societal and economic impact",No,"Government, politicians and international organizations",NA,NA,NA,Individuals or communities,NA,NA,NA,Other,0,2020
1362858053809414100,4,Other,No,NA,NA,NA,NA,NA,NA,NA,NA,Negativity,The Tweet does not contain an authority reference,No,No,Yes,"Policies, prevention & societal and economic impact",No,"Government, politicians and international organizations",NA,NA,NA,Individuals or communities,NA,NA,NA,Other,0,2021
1373149823726157800,3,Accurate information,No,NA,NA,NA,NA,NA,NA,NA,NA,Negativity,The Tweet does not contain an authority reference,No,No,No,Vaccination,No,NA,NA,NA,NA,Individuals or communities,NA,NA,NA,Other,0,2021
1246347534202589200,2,Uncheckable claim,No,NA,NA,NA,NA,NA,NA,NA,NA,Neutrality,The Tweet does not contain an authority reference,No,No,No,"Policies, prevention & societal and economic impact",No,NA,NA,NA,NA,NA,NA,None,NA,Other,0,2020
1461665928123490300,2,Accurate information,No,NA,NA,NA,NA,NA,NA,NA,NA,Neutrality,The Tweet does not contain an authority reference,No,No,No,"Policies, prevention & societal and economic impact",No,"Government, politicians and international organizations",NA,NA,NA,Individuals or communities,NA,NA,NA,Other,0,2021
1384090260661883e3,2,Uncheckable claim,No,NA,NA,NA,NA,NA,NA,NA,NA,Neutrality,The Tweet contains a non-specific authority reference,No,No,No,Vaccination,No,NA,NA,NA,NA,Individuals or communities,NA,NA,NA,Other,0,2021
1256490033831465e3,2,Other,No,NA,NA,NA,NA,NA,NA,NA,NA,Negativity,The Tweet does not contain an authority reference,No,No,No,Spread and detection,No,"Government, politicians and international organizations",NA,NA,Other major non-governmental actors,NA,NA,NA,NA,Other,0,2020
1.4526403878819999e+18,4,Misinformation,No,NA,NA,NA,NA,NA,NA,NA,NA,Neutrality,The Tweet contains a non-specific authority reference,No,No,No,Vaccination,No,NA,NA,NA,NA,NA,NA,None,NA,Misinformation,1,2021
1242569945025822700,2,Accurate information,No,NA,NA,NA,NA,NA,NA,NA,NA,Neutrality,The Tweet does not contain an authority reference,No,No,No,"Policies, prevention & societal and economic impact",No,NA,NA,NA,NA,Individuals or communities,NA,NA,NA,Other,0,2020
1354758435854819300,3,Other,No,NA,NA,NA,NA,NA,NA,NA,NA,Neutrality,The Tweet does not contain an authority reference,No,No,No,"News, information and misinformation",No,NA,NA,NA,NA,Individuals or communities,NA,NA,NA,Other,0,2021
1245302449449177e3,3,Accurate information,No,NA,NA,NA,NA,NA,NA,NA,NA,Neutrality,The Tweet contains a specific authority reference,No,No,No,"News, information and misinformation",No,"Government, politicians and international organizations",NA,NA,NA,NA,NA,NA,NA,Other,0,2020
1460608882385039400,2,Other,No,NA,NA,NA,NA,NA,NA,NA,NA,Negativity,The Tweet does not contain an authority reference,No,No,No,"Policies, prevention & societal and economic impact",No,NA,NA,NA,NA,Individuals or communities,NA,NA,NA,Other,0,2021
1336582935777071e3,4,Accurate information,Yes,NA,NA,NA,NA,NA,NA,NA,Misinformation is not attributed to an actor,Neutrality,The Tweet does not contain an authority reference,No,No,No,"News, information and misinformation",No,"Government, politicians and international organizations",NA,NA,NA,NA,NA,NA,NA,Other,0,2020
1413384573346517e3,2,Uncheckable claim,No,NA,NA,NA,NA,NA,NA,NA,NA,Negativity,The Tweet does not contain an authority reference,No,No,No,Spread and detection,No,NA,NA,NA,Other major non-governmental actors,NA,NA,NA,NA,Other,0,2021
1265173628502577200,2,Accurate information,No,NA,NA,NA,NA,NA,NA,NA,NA,Neutrality,The Tweet does not contain an authority reference,No,No,No,"Policies, prevention & societal and economic impact",No,NA,NA,NA,NA,Individuals or communities,NA,NA,NA,Other,0,2020
1335822242312228900,4,Accurate information,No,NA,NA,NA,NA,NA,NA,NA,NA,Neutrality,The Tweet does not contain an authority reference,No,No,No,"News, information and misinformation",No,NA,NA,NA,NA,Individuals or communities,NA,NA,NA,Other,0,2020
1343156892374331400,1,Misinformation,No,NA,NA,NA,NA,NA,NA,NA,NA,Negativity,The Tweet does not contain an authority reference,No,No,Yes,Existence of covid,Yes,NA,NA,NA,NA,NA,Other,NA,NA,Misinformation,1,2020
1439572156896141300,3,Misinformation,No,NA,NA,NA,NA,NA,NA,NA,NA,Neutrality,The Tweet does not contain an authority reference,No,No,No,Vaccination,No,NA,NA,NA,NA,NA,NA,None,NA,Misinformation,1,2021
1318623972943138800,1,Unable to classify,No,NA,NA,NA,NA,NA,NA,NA,NA,Neutrality,The Tweet does not contain an authority reference,No,No,No,Vaccination,No,NA,NA,NA,NA,NA,NA,None,NA,Other,0,2020
1242764508151582700,2,Uncheckable claim,No,NA,NA,NA,NA,NA,NA,NA,NA,Neutrality,The Tweet does not contain an authority reference,No,No,No,Other,No,NA,NA,NA,NA,NA,NA,None,NA,Other,0,2020
1240223891529912300,4,Accurate information,Yes,NA,NA,"A foreign politician, foreign government, international leader or international organization",NA,NA,NA,NA,NA,Neutrality,The Tweet does not contain an authority reference,No,No,No,"News, information and misinformation",No,"Government, politicians and international organizations",NA,NA,NA,NA,NA,NA,NA,Other,0,2020
1247572370866557e3,4,Misinformation,No,NA,NA,NA,NA,NA,NA,NA,NA,Neutrality,The Tweet contains a non-specific authority reference,No,No,No,"Policies, prevention & societal and economic impact",No,NA,NA,NA,NA,NA,NA,NA,University or scientific organization,Misinformation,1,2020
1299961475021365200,1,Misinformation,No,NA,NA,NA,NA,NA,NA,NA,NA,Neutrality,The Tweet contains a non-specific authority reference,No,No,No,Symptoms or characteristics of covid,No,NA,NA,NA,NA,Individuals or communities,NA,NA,NA,Misinformation,1,2020
1286698757573300200,3,Uncheckable claim,No,NA,NA,NA,NA,NA,NA,NA,NA,Neutrality,The Tweet does not contain an authority reference,No,No,No,"Policies, prevention & societal and economic impact",No,NA,NA,NA,NA,Individuals or communities,NA,NA,NA,Other,0,2020
1295259057381679e3,1,Other,No,NA,NA,NA,NA,NA,NA,NA,NA,Neutrality,The Tweet does not contain an authority reference,No,No,No,"Policies, prevention & societal and economic impact",No,NA,NA,NA,NA,NA,NA,None,NA,Other,0,2020
1482392741954965500,3,Misinformation,No,NA,NA,NA,NA,NA,NA,NA,NA,Negativity,The Tweet does not contain an authority reference,No,No,Yes,"Policies, prevention & societal and economic impact",No,"Government, politicians and international organizations",NA,NA,NA,NA,NA,NA,NA,Misinformation,1,2022
1295459038763847700,1,Other,No,NA,NA,NA,NA,NA,NA,NA,NA,Neutrality,The Tweet does not contain an authority reference,No,No,No,"Policies, prevention & societal and economic impact",No,NA,NA,NA,NA,NA,NA,None,NA,Other,0,2020
1317802868796215300,2,Other,No,NA,NA,NA,NA,NA,NA,NA,NA,Positivity,The Tweet does not contain an authority reference,No,No,No,Spread and detection,No,NA,Health services,NA,NA,NA,NA,NA,NA,Other,0,2020
1293878330861789200,3,Accurate information,No,NA,NA,NA,NA,NA,NA,NA,NA,Neutrality,The Tweet does not contain an authority reference,No,No,No,Spread and detection,No,NA,NA,NA,NA,Individuals or communities,NA,NA,NA,Other,0,2020
1452301086686068700,3,Misinformation,No,NA,NA,NA,NA,NA,NA,NA,NA,Neutrality,The Tweet does not contain an authority reference,No,No,No,Vaccination,No,NA,NA,NA,NA,NA,NA,None,NA,Misinformation,1,2021
1479096816939405300,1,Other,Yes,NA,NA,NA,NA,NA,NA,NA,Misinformation is not attributed to an actor,Neutrality,The Tweet does not contain an authority reference,Yes,No,No,"Policies, prevention & societal and economic impact",No,NA,NA,NA,NA,Individuals or communities,NA,NA,NA,Other,0,2022
1452681436146897e3,4,Uncheckable claim,No,NA,NA,NA,NA,NA,NA,NA,NA,Neutrality,The Tweet does not contain an authority reference,No,No,No,"Remedies for cure, treatment and prevention",No,NA,NA,NA,NA,Individuals or communities,NA,NA,NA,Other,0,2021
1338644445672206300,1,Other,No,NA,NA,NA,NA,NA,NA,NA,NA,Neutrality,The Tweet does not contain an authority reference,No,No,No,Vaccination,No,NA,NA,NA,NA,NA,NA,None,NA,Other,0,2020
1329708938510659600,1,Other,No,NA,NA,NA,NA,NA,NA,NA,NA,Neutrality,The Tweet does not contain an authority reference,No,No,No,"Policies, prevention & societal and economic impact",No,NA,NA,NA,NA,NA,NA,None,NA,Other,0,2020
1264953458421108700,1,Other,No,NA,NA,NA,NA,NA,NA,NA,NA,Negativity,The Tweet does not contain an authority reference,No,No,Yes,Vaccination,No,"Government, politicians and international organizations",NA,NA,NA,NA,NA,NA,NA,Other,0,2020
1362470852428767200,1,Misinformation,No,NA,NA,NA,NA,NA,NA,NA,NA,Neutrality,The Tweet does not contain an authority reference,No,No,No,Existence of covid,Yes,NA,NA,NA,NA,NA,NA,None,NA,Misinformation,1,2021
1262476599745798100,4,Accurate information,No,NA,NA,NA,NA,NA,NA,NA,NA,Neutrality,The Tweet contains a specific authority reference,No,No,No,"Remedies for cure, treatment and prevention",No,NA,NA,NA,NA,NA,NA,NA,University or scientific organization,Other,0,2020
1413245002399035400,3,Accurate information,No,NA,NA,NA,NA,NA,NA,NA,NA,Neutrality,The Tweet does not contain an authority reference,No,No,No,Spread and detection,No,NA,NA,NA,NA,NA,NA,None,NA,Other,0,2021
1350450695984582700,2,Uncheckable claim,No,NA,NA,NA,NA,NA,NA,NA,NA,Neutrality,The Tweet does not contain an authority reference,No,No,No,Other,No,NA,NA,NA,NA,NA,NA,None,NA,Other,0,2021
1326787854555635700,1,Accurate information,No,NA,NA,NA,NA,NA,NA,NA,NA,Positivity,The Tweet does not contain an authority reference,No,No,No,"Policies, prevention & societal and economic impact",No,"Government, politicians and international organizations",NA,NA,NA,Individuals or communities,NA,NA,NA,Other,0,2020
1359253038100316200,1,Other,Yes,NA,NA,NA,NA,NA,"An opinion leader or individual who is not a journalist, and not a part of a government, parliament, or a political party",NA,NA,Neutrality,The Tweet does not contain an authority reference,No,No,No,"News, information and misinformation",No,"Government, politicians and international organizations",NA,NA,NA,Individuals or communities,NA,NA,NA,Other,0,2021
1463422283423395800,3,Misinformation,No,NA,NA,NA,NA,NA,NA,NA,NA,Neutrality,The Tweet does not contain an authority reference,Yes,No,No,Severity of covid,No,NA,NA,NA,NA,Individuals or communities,NA,NA,NA,Misinformation,1,2021
1329025670400385e3,2,Uncheckable claim,No,NA,NA,NA,NA,NA,NA,NA,NA,Negativity,The Tweet does not contain an authority reference,No,No,No,Symptoms or characteristics of covid,No,NA,NA,NA,NA,NA,NA,None,NA,Other,0,2020
1314837113322516500,2,Uncheckable claim,No,NA,NA,NA,NA,NA,NA,NA,NA,Mixed,The Tweet does not contain an authority reference,No,No,No,Spread and detection,No,NA,NA,NA,NA,Individuals or communities,NA,NA,NA,Other,0,2020
1341044246401441800,1,Accurate information,No,NA,NA,NA,NA,NA,NA,NA,NA,Neutrality,The Tweet does not contain an authority reference,No,No,No,Symptoms or characteristics of covid,No,NA,NA,NA,NA,Individuals or communities,NA,NA,NA,Other,0,2020
1279137264954679300,4,Accurate information,No,NA,NA,NA,NA,NA,NA,NA,NA,Neutrality,The Tweet contains a specific authority reference,No,No,No,Spread and detection,No,"Government, politicians and international organizations",NA,NA,NA,Individuals or communities,NA,NA,NA,Other,0,2020
1.2460309515552481e+18,3,Accurate information,No,NA,NA,NA,NA,NA,NA,NA,NA,Neutrality,The Tweet does not contain an authority reference,No,No,No,Symptoms or characteristics of covid,No,"Government, politicians and international organizations",NA,NA,NA,Individuals or communities,NA,NA,NA,Other,0,2020
1296694512283267e3,3,Accurate information,Yes,NA,NA,NA,NA,NA,"An opinion leader or individual who is not a journalist, and not a part of a government, parliament, or a political party",NA,NA,Positivity,The Tweet contains a specific authority reference,No,No,No,"News, information and misinformation",No,NA,NA,Media,NA,Individuals or communities,NA,NA,NA,Other,0,2020
1300842769838215200,1,Other,No,NA,NA,NA,NA,NA,NA,NA,NA,Neutrality,The Tweet does not contain an authority reference,No,No,No,Other,No,NA,NA,NA,NA,Individuals or communities,NA,NA,NA,Other,0,2020
1295195730534072300,4,Other,No,NA,NA,NA,NA,NA,NA,NA,NA,Neutrality,The Tweet does not contain an authority reference,No,No,No,"Policies, prevention & societal and economic impact",No,NA,NA,NA,NA,NA,NA,None,NA,Other,0,2020
1288985562674876400,4,Uncheckable claim,No,NA,NA,NA,NA,NA,NA,NA,NA,Neutrality,The Tweet contains a specific authority reference,No,No,No,"Policies, prevention & societal and economic impact",No,NA,NA,Media,NA,NA,NA,NA,NA,Other,0,2020
1477561993682952200,2,Other,Yes,NA,NA,NA,NA,NA,NA,NA,Misinformation is not attributed to an actor,Negativity,The Tweet does not contain an authority reference,No,No,No,"News, information and misinformation",No,NA,NA,NA,NA,NA,NA,None,NA,Other,0,2022
1277921958806425600,4,Other,No,NA,NA,NA,NA,NA,NA,NA,NA,Neutrality,The Tweet does not contain an authority reference,No,No,No,"Policies, prevention & societal and economic impact",No,"Government, politicians and international organizations",NA,NA,NA,NA,NA,NA,NA,Other,0,2020
1306586226057592800,4,Accurate information,No,NA,NA,NA,NA,NA,NA,NA,NA,Neutrality,The Tweet does not contain an authority reference,No,No,No,"Remedies for cure, treatment and prevention",No,NA,NA,NA,NA,NA,NA,None,NA,Other,0,2020
1481315572650586e3,4,Misinformation,No,NA,NA,NA,NA,NA,NA,NA,NA,Negativity,The Tweet does not contain an authority reference,No,No,No,Existence of covid,Yes,"Government, politicians and international organizations",NA,NA,NA,NA,NA,NA,NA,Misinformation,1,2022
1483883083648667600,4,Accurate information,No,NA,NA,NA,NA,NA,NA,NA,NA,Neutrality,The Tweet does not contain an authority reference,No,No,No,"Policies, prevention & societal and economic impact",No,NA,NA,NA,NA,Individuals or communities,NA,NA,NA,Other,0,2022
1.2648241779508961e+18,1,Other,No,NA,NA,NA,NA,NA,NA,NA,NA,Neutrality,The Tweet does not contain an authority reference,No,No,No,"Policies, prevention & societal and economic impact",No,NA,NA,NA,NA,NA,NA,None,NA,Other,0,2020
1445704606453960700,2,Accurate information,Yes,A Dutch politician (not seated in the Dutch cabinet),NA,NA,NA,NA,NA,NA,NA,Neutrality,The Tweet does not contain an authority reference,No,No,No,"News, information and misinformation",No,"Government, politicians and international organizations",NA,NA,Other major non-governmental actors,NA,NA,NA,NA,Other,0,2021
1485486435499188200,4,Misinformation,No,NA,NA,NA,NA,NA,NA,NA,NA,Neutrality,The Tweet contains a non-specific authority reference,No,No,No,Vaccination,No,NA,NA,NA,Other major non-governmental actors,NA,NA,NA,NA,Misinformation,1,2022
1422174772935417900,3,Other,No,NA,NA,NA,NA,NA,NA,NA,NA,Negativity,The Tweet does not contain an authority reference,No,No,No,Severity of covid,No,NA,NA,NA,NA,Individuals or communities,NA,NA,NA,Other,0,2021
1394385604847231e3,2,Misinformation,No,NA,NA,NA,NA,NA,NA,NA,NA,Neutrality,The Tweet does not contain an authority reference,No,No,No,"Policies, prevention & societal and economic impact",No,NA,NA,NA,NA,NA,NA,None,NA,Misinformation,1,2021
1343187434620772400,4,Accurate information,Yes,NA,NA,"A foreign politician, foreign government, international leader or international organization",NA,NA,NA,NA,NA,Neutrality,The Tweet does not contain an authority reference,No,No,No,"News, information and misinformation",No,"Government, politicians and international organizations",NA,NA,NA,NA,NA,NA,NA,Other,0,2020
1252545011687841800,4,Other,No,NA,NA,NA,NA,NA,NA,NA,NA,Neutrality,The Tweet does not contain an authority reference,No,No,No,"Policies, prevention & societal and economic impact",No,NA,NA,NA,Other major non-governmental actors,NA,NA,NA,NA,Other,0,2020
1251039937094393900,1,Accurate information,No,NA,NA,NA,NA,NA,NA,NA,NA,Neutrality,The Tweet does not contain an authority reference,No,No,No,Symptoms or characteristics of covid,No,NA,Health services,NA,NA,Individuals or communities,NA,NA,NA,Other,0,2020
1309441871287124e3,2,Other,No,NA,NA,NA,NA,NA,NA,NA,NA,Negativity,The Tweet does not contain an authority reference,No,No,No,Vaccination,No,NA,NA,NA,NA,NA,NA,None,NA,Other,0,2020
1275460103160975400,3,Other,Yes,NA,NA,NA,NA,NA,NA,NA,Misinformation is not attributed to an actor,Neutrality,The Tweet does not contain an authority reference,No,No,No,"News, information and misinformation",No,NA,NA,NA,Other major non-governmental actors,NA,NA,NA,NA,Other,0,2020
1335925748314611700,3,Accurate information,No,NA,NA,NA,NA,NA,NA,NA,NA,Neutrality,The Tweet does not contain an authority reference,No,No,No,"Remedies for cure, treatment and prevention",No,NA,Health services,NA,NA,Individuals or communities,NA,NA,University or scientific organization,Other,0,2020
1261327351880847400,4,Accurate information,No,NA,NA,NA,NA,NA,NA,NA,NA,Neutrality,The Tweet does not contain an authority reference,No,No,No,Symptoms or characteristics of covid,No,NA,NA,NA,NA,Individuals or communities,NA,NA,NA,Other,0,2020
1235656950664183800,1,Accurate information,Yes,NA,NA,NA,NA,NA,NA,NA,Misinformation is not attributed to an actor,Negativity,The Tweet does not contain an authority reference,No,Yes,No,"News, information and misinformation",No,NA,Health services,NA,NA,NA,NA,NA,NA,Other,0,2020
1315763586007027700,2,Accurate information,No,NA,NA,NA,NA,NA,NA,NA,NA,Neutrality,The Tweet does not contain an authority reference,No,No,No,"Policies, prevention & societal and economic impact",No,NA,NA,NA,NA,Individuals or communities,NA,NA,NA,Other,0,2020
1345111741211041800,4,Other,No,NA,NA,NA,NA,NA,NA,NA,NA,Neutrality,The Tweet does not contain an authority reference,No,No,No,Spread and detection,No,NA,NA,NA,NA,Individuals or communities,NA,NA,NA,Other,0,2021
1463822887832461300,2,Misinformation,No,NA,NA,NA,NA,NA,NA,NA,NA,Neutrality,The Tweet does not contain an authority reference,No,No,No,Vaccination,No,NA,NA,NA,NA,Individuals or communities,NA,NA,NA,Misinformation,1,2021
1418541814961819600,4,Other,No,NA,NA,NA,NA,NA,NA,NA,NA,Neutrality,The Tweet does not contain an authority reference,No,No,No,Vaccination,No,NA,NA,NA,NA,NA,NA,None,NA,Other,0,2021
1301275147412934700,3,Other,No,NA,NA,NA,NA,NA,NA,NA,NA,Neutrality,The Tweet does not contain an authority reference,No,No,No,"Policies, prevention & societal and economic impact",No,NA,NA,NA,NA,NA,NA,None,NA,Other,0,2020
1237649755670556700,2,Misinformation,Yes,NA,NA,NA,NA,NA,NA,NA,Misinformation is not attributed to an actor,Negativity,The Tweet does not contain an authority reference,Yes,No,No,Spread and detection,No,"Government, politicians and international organizations",NA,NA,NA,Individuals or communities,NA,NA,NA,Misinformation,1,2020
1391670370269384700,3,Accurate information,No,NA,NA,NA,NA,NA,NA,NA,NA,Neutrality,The Tweet does not contain an authority reference,No,No,No,Vaccination,No,"Government, politicians and international organizations",NA,NA,NA,NA,NA,NA,NA,Other,0,2021
1406127092803289e3,1,Other,No,NA,NA,NA,NA,NA,NA,NA,NA,Neutrality,The Tweet does not contain an authority reference,No,No,No,"Policies, prevention & societal and economic impact",No,NA,NA,NA,NA,NA,NA,None,NA,Other,0,2021
1456652837564321800,3,Uncheckable claim,No,NA,NA,NA,NA,NA,NA,NA,NA,Negativity,The Tweet contains a non-specific authority reference,No,No,No,"Policies, prevention & societal and economic impact",No,NA,NA,Media,Other major non-governmental actors,Individuals or communities,NA,NA,NA,Other,0,2021
1367310404917948400,4,Accurate information,No,NA,NA,NA,NA,NA,NA,NA,NA,Neutrality,The Tweet contains a specific authority reference,No,No,No,"Remedies for cure, treatment and prevention",No,NA,Health services,NA,NA,NA,NA,NA,NA,Other,0,2021
1319017904541732900,4,Other,No,NA,NA,NA,NA,NA,NA,NA,NA,Positivity,The Tweet does not contain an authority reference,No,No,No,Other,No,NA,NA,NA,NA,Individuals or communities,NA,NA,NA,Other,0,2020
1344785674973679600,2,Misinformation,Yes,NA,NA,NA,A mainstream media outlet or journalist working in the mainstream media,NA,NA,NA,NA,Neutrality,The Tweet does not contain an authority reference,No,No,No,"News, information and misinformation",No,NA,NA,Media,NA,NA,NA,NA,NA,Misinformation,1,2020
1313825706179260400,1,Accurate information,No,NA,NA,NA,NA,NA,NA,NA,NA,Neutrality,The Tweet does not contain an authority reference,No,No,No,"Policies, prevention & societal and economic impact",No,NA,NA,NA,Other major non-governmental actors,NA,NA,NA,NA,Other,0,2020
1377620671417757700,1,Accurate information,No,NA,NA,NA,NA,NA,NA,NA,NA,Neutrality,The Tweet does not contain an authority reference,No,No,No,Symptoms or characteristics of covid,No,NA,NA,NA,NA,NA,NA,None,NA,Other,0,2021
1415640343501054e3,4,Other,No,NA,NA,NA,NA,NA,NA,NA,NA,Neutrality,The Tweet does not contain an authority reference,No,No,No,Spread and detection,No,NA,NA,NA,Other major non-governmental actors,Individuals or communities,NA,NA,NA,Other,0,2021
1481614487161561e3,4,Accurate information,No,NA,NA,NA,NA,NA,NA,NA,NA,Neutrality,The Tweet contains a non-specific authority reference,No,No,No,"Remedies for cure, treatment and prevention",No,NA,NA,Media,NA,NA,NA,NA,University or scientific organization,Other,0,2022
1.3206357881120481e+18,4,Other,No,NA,NA,NA,NA,NA,NA,NA,NA,Neutrality,The Tweet does not contain an authority reference,No,No,No,Symptoms or characteristics of covid,No,NA,Health services,NA,NA,Individuals or communities,NA,NA,NA,Other,0,2020
1423399920518799400,1,Uncheckable claim,No,NA,NA,NA,NA,NA,NA,NA,NA,Negativity,The Tweet does not contain an authority reference,No,No,Yes,"Policies, prevention & societal and economic impact",No,NA,NA,NA,Other major non-governmental actors,NA,NA,NA,NA,Other,0,2021
1321944163798143e3,1,Accurate information,No,NA,NA,NA,NA,NA,NA,NA,NA,Neutrality,The Tweet contains a specific authority reference,No,No,No,"Remedies for cure, treatment and prevention",No,NA,NA,NA,Other major non-governmental actors,NA,NA,NA,University or scientific organization,Other,0,2020
124599076817655e4,3,Other,No,NA,NA,NA,NA,NA,NA,NA,NA,Negativity,The Tweet does not contain an authority reference,No,No,No,"Policies, prevention & societal and economic impact",No,"Government, politicians and international organizations",NA,NA,NA,NA,NA,NA,NA,Other,0,2020
1284251812682436600,4,Other,Yes,NA,NA,NA,NA,NA,NA,NA,Misinformation is not attributed to an actor,Neutrality,The Tweet does not contain an authority reference,No,No,No,"News, information and misinformation",No,"Government, politicians and international organizations",NA,NA,NA,NA,NA,NA,NA,Other,0,2020
1452678069353947100,4,Other,No,NA,NA,NA,NA,NA,NA,NA,NA,Neutrality,The Tweet does not contain an authority reference,No,No,No,"Policies, prevention & societal and economic impact",No,NA,NA,NA,NA,Individuals or communities,NA,NA,NA,Other,0,2021
1311238639515578400,4,Other,No,NA,NA,NA,NA,NA,NA,NA,NA,Neutrality,The Tweet does not contain an authority reference,No,No,No,"Policies, prevention & societal and economic impact",No,"Government, politicians and international organizations",NA,NA,NA,Individuals or communities,NA,NA,NA,Other,0,2020
1433537134359572500,3,Uncheckable claim,No,NA,NA,NA,NA,NA,NA,NA,NA,Negativity,The Tweet does not contain an authority reference,No,No,No,Spread and detection,No,"Government, politicians and international organizations",NA,NA,NA,Individuals or communities,NA,NA,NA,Other,0,2021
1237095784702754800,2,Accurate information,No,NA,NA,NA,NA,NA,NA,NA,NA,Neutrality,The Tweet does not contain an authority reference,No,No,No,Spread and detection,No,NA,NA,NA,NA,NA,NA,None,NA,Other,0,2020
1349586362715009e3,2,Accurate information,No,NA,NA,NA,NA,NA,NA,NA,NA,Positivity,The Tweet does not contain an authority reference,No,No,No,"Policies, prevention & societal and economic impact",No,NA,NA,NA,Other major non-governmental actors,NA,NA,NA,NA,Other,0,2021
1476294765973061600,4,Other,Yes,NA,NA,NA,NA,NA,"An opinion leader or individual who is not a journalist, and not a part of a government, parliament, or a political party",NA,NA,Neutrality,The Tweet does not contain an authority reference,No,No,No,"News, information and misinformation",No,NA,NA,NA,NA,Individuals or communities,NA,NA,NA,Other,0,2021
1248177986270085e3,1,Misinformation,No,NA,NA,NA,NA,NA,NA,NA,NA,Negativity,The Tweet does not contain an authority reference,No,No,Yes,Existence of covid,Yes,NA,NA,NA,Other major non-governmental actors,NA,NA,NA,NA,Misinformation,1,2020
1350821097843863600,1,Other,Yes,NA,NA,NA,NA,NA,NA,NA,Misinformation is not attributed to an actor,Mixed,The Tweet does not contain an authority reference,No,No,Yes,"News, information and misinformation",No,NA,NA,NA,NA,NA,NA,None,NA,Other,0,2021
13399039605562e5,1,Other,No,NA,NA,NA,NA,NA,NA,NA,NA,Neutrality,The Tweet does not contain an authority reference,No,No,No,"Policies, prevention & societal and economic impact",No,NA,Health services,NA,Other major non-governmental actors,Individuals or communities,NA,NA,NA,Other,0,2020
1486990211015975e3,3,Uncheckable claim,No,NA,NA,NA,NA,NA,NA,NA,NA,Negativity,The Tweet does not contain an authority reference,No,No,No,Spread and detection,No,NA,NA,NA,NA,NA,NA,None,NA,Other,0,2022
1336618098829344800,2,Accurate information,Yes,NA,NA,NA,NA,NA,NA,NA,Misinformation is not attributed to an actor,Neutrality,The Tweet contains a specific authority reference,No,No,Yes,"News, information and misinformation",No,"Government, politicians and international organizations",NA,Media,NA,NA,NA,NA,NA,Other,0,2020
1384919100716195800,1,Other,No,NA,NA,NA,NA,NA,NA,NA,NA,Neutrality,The Tweet does not contain an authority reference,No,No,No,"Policies, prevention & societal and economic impact",No,NA,NA,NA,NA,NA,NA,None,NA,Other,0,2021
1245096507461812200,4,Misinformation,No,NA,NA,NA,NA,NA,NA,NA,NA,Negativity,The Tweet does not contain an authority reference,No,No,Yes,"News, information and misinformation",Yes,"Government, politicians and international organizations",NA,NA,NA,NA,NA,NA,University or scientific organization,Misinformation,1,2020
1235835495659098e3,2,Other,No,NA,NA,NA,NA,NA,NA,NA,NA,Positivity,The Tweet does not contain an authority reference,No,No,No,"Remedies for cure, treatment and prevention",No,NA,NA,NA,NA,NA,NA,None,NA,Other,0,2020
1396068989391065e3,4,Other,No,NA,NA,NA,NA,NA,NA,NA,NA,Neutrality,The Tweet does not contain an authority reference,No,No,No,"Policies, prevention & societal and economic impact",No,"Government, politicians and international organizations",NA,NA,NA,NA,NA,NA,NA,Other,0,2021
1349253354245869600,1,Other,No,NA,NA,NA,NA,NA,NA,NA,NA,Neutrality,The Tweet does not contain an authority reference,No,No,No,"Policies, prevention & societal and economic impact",No,NA,NA,NA,Other major non-governmental actors,NA,NA,NA,NA,Other,0,2021
1248149561354395600,2,Misinformation,No,NA,NA,NA,NA,NA,NA,NA,NA,Neutrality,The Tweet does not contain an authority reference,No,No,No,Other,No,NA,NA,NA,NA,NA,NA,None,NA,Misinformation,1,2020
1312437876810903600,2,Uncheckable claim,No,NA,NA,NA,NA,NA,NA,NA,NA,Neutrality,The Tweet does not contain an authority reference,No,No,No,"Policies, prevention & societal and economic impact",No,NA,NA,NA,NA,NA,NA,None,NA,Other,0,2020
1.4819616599671521e+18,3,Misinformation,No,NA,NA,NA,NA,NA,NA,NA,NA,Neutrality,The Tweet does not contain an authority reference,No,No,Yes,"Policies, prevention & societal and economic impact",No,NA,NA,Media,Other major non-governmental actors,NA,NA,NA,NA,Misinformation,1,2022
1243975618557083600,1,Unable to classify,Yes,NA,NA,NA,NA,NA,NA,NA,Misinformation is not attributed to an actor,Neutrality,The Tweet does not contain an authority reference,No,No,No,"News, information and misinformation",No,NA,NA,NA,Other major non-governmental actors,NA,NA,NA,NA,Other,0,2020
1265879044576419800,2,Other,Yes,NA,NA,NA,NA,NA,NA,NA,Misinformation is not attributed to an actor,Neutrality,The Tweet does not contain an authority reference,No,No,No,"News, information and misinformation",No,NA,NA,NA,NA,NA,NA,None,NA,Other,0,2020
1307936935353221e3,4,Other,Yes,NA,NA,NA,NA,NA,NA,NA,Misinformation is not attributed to an actor,Neutrality,The Tweet does not contain an authority reference,No,No,No,"News, information and misinformation",No,"Government, politicians and international organizations",NA,NA,NA,NA,NA,NA,NA,Other,0,2020
1437332567565422600,1,Unable to classify,No,NA,NA,NA,NA,NA,NA,NA,NA,Neutrality,The Tweet does not contain an authority reference,No,No,No,"Policies, prevention & societal and economic impact",No,NA,NA,NA,NA,Individuals or communities,NA,NA,NA,Other,0,2021
1296732703782559700,1,Suggestive misinformation,Yes,NA,NA,NA,A mainstream media outlet or journalist working in the mainstream media,NA,NA,NA,NA,Neutrality,The Tweet does not contain an authority reference,No,No,No,"News, information and misinformation",No,NA,NA,Media,NA,Individuals or communities,NA,NA,NA,Misinformation,1,2020
1274312423592386600,2,Accurate information,No,NA,NA,NA,NA,NA,NA,NA,NA,Neutrality,The Tweet does not contain an authority reference,No,No,No,"Remedies for cure, treatment and prevention",No,NA,NA,NA,NA,NA,NA,None,NA,Other,0,2020
1296760687600033800,4,Other,Yes,NA,NA,NA,NA,NA,NA,Other actor,NA,Negativity,The Tweet does not contain an authority reference,Yes,Yes,No,"News, information and misinformation",No,NA,NA,Media,Other major non-governmental actors,NA,NA,NA,NA,Other,0,2020
1292415323795345400,1,Other,Yes,NA,NA,NA,NA,NA,NA,NA,Misinformation is not attributed to an actor,Neutrality,The Tweet does not contain an authority reference,No,No,No,"News, information and misinformation",No,NA,NA,NA,NA,NA,NA,None,NA,Other,0,2020
1353474352340217900,4,Misinformation,No,NA,NA,NA,NA,NA,NA,NA,NA,Negativity,The Tweet contains a non-specific authority reference,No,No,No,"Policies, prevention & societal and economic impact",No,NA,Health services,NA,Other major non-governmental actors,NA,NA,NA,NA,Misinformation,1,2021
1296747274220044300,2,Accurate information,Yes,NA,NA,NA,NA,NA,"An opinion leader or individual who is not a journalist, and not a part of a government, parliament, or a political party",NA,NA,Neutrality,The Tweet does not contain an authority reference,No,No,No,"News, information and misinformation",No,NA,NA,NA,Other major non-governmental actors,NA,NA,NA,NA,Other,0,2020
1381986724574855200,3,Accurate information,No,NA,NA,NA,NA,NA,NA,NA,NA,Neutrality,The Tweet does not contain an authority reference,No,No,No,Vaccination,No,NA,NA,NA,NA,Individuals or communities,NA,NA,NA,Other,0,2021
1296737141179981800,1,Accurate information,Yes,NA,NA,NA,NA,NA,"An opinion leader or individual who is not a journalist, and not a part of a government, parliament, or a political party",NA,NA,Neutrality,The Tweet does not contain an authority reference,No,No,No,"News, information and misinformation",No,NA,NA,NA,NA,Individuals or communities,NA,NA,NA,Other,0,2020
1295295970708725800,2,Other,No,NA,NA,NA,NA,NA,NA,NA,NA,Neutrality,The Tweet does not contain an authority reference,No,No,No,"Policies, prevention & societal and economic impact",No,NA,NA,NA,NA,NA,NA,None,NA,Other,0,2020
1319578511582154800,3,Accurate information,No,NA,NA,NA,NA,NA,NA,NA,NA,Neutrality,The Tweet does not contain an authority reference,No,No,No,Symptoms or characteristics of covid,No,NA,NA,NA,NA,NA,NA,None,NA,Other,0,2020
1333182390211145700,1,Unable to classify,No,NA,NA,NA,NA,NA,NA,NA,NA,Neutrality,The Tweet does not contain an authority reference,No,No,No,Other,No,"Government, politicians and international organizations",NA,NA,NA,Individuals or communities,NA,NA,NA,Other,0,2020
1312828679274270700,3,Misinformation,No,NA,NA,NA,NA,NA,NA,NA,NA,Positivity,The Tweet does not contain an authority reference,No,No,No,Existence of covid,Yes,"Government, politicians and international organizations",NA,NA,NA,NA,NA,NA,NA,Misinformation,1,2020
1365919859671e6,1,Misinformation,No,NA,NA,NA,NA,NA,NA,NA,NA,Neutrality,The Tweet does not contain an authority reference,Yes,No,No,Other,No,"Government, politicians and international organizations",NA,Media,Other major non-governmental actors,NA,NA,NA,University or scientific organization,Misinformation,1,2021
1322087630415212500,3,Other,No,NA,NA,NA,NA,NA,NA,NA,NA,Neutrality,The Tweet does not contain an authority reference,No,No,No,"Remedies for cure, treatment and prevention",No,NA,NA,NA,NA,NA,NA,None,NA,Other,0,2020
1322272318589030400,1,Accurate information,No,NA,NA,NA,NA,NA,NA,NA,NA,Neutrality,The Tweet does not contain an authority reference,No,No,No,"Policies, prevention & societal and economic impact",No,NA,NA,NA,Other major non-governmental actors,NA,NA,NA,NA,Other,0,2020
1448968625629638700,4,Other,No,NA,NA,NA,NA,NA,NA,NA,NA,Neutrality,The Tweet does not contain an authority reference,No,No,No,"Remedies for cure, treatment and prevention",No,NA,NA,NA,NA,Individuals or communities,NA,NA,NA,Other,0,2021
1279503131374739500,1,Accurate information,No,NA,NA,NA,NA,NA,NA,NA,NA,Neutrality,The Tweet does not contain an authority reference,No,No,No,Spread and detection,No,NA,NA,NA,Other major non-governmental actors,NA,NA,NA,NA,Other,0,2020
1297297522583642e3,2,Accurate information,Yes,NA,NA,NA,NA,NA,"An opinion leader or individual who is not a journalist, and not a part of a government, parliament, or a political party",NA,NA,Neutrality,The Tweet does not contain an authority reference,No,No,No,"News, information and misinformation",No,NA,NA,NA,NA,Individuals or communities,NA,NA,NA,Other,0,2020
1315687837157806e3,1,Accurate information,No,NA,NA,NA,NA,NA,NA,NA,NA,Neutrality,The Tweet does not contain an authority reference,No,No,No,Spread and detection,No,NA,NA,NA,Other major non-governmental actors,Individuals or communities,NA,NA,University or scientific organization,Other,0,2020
1447284767284777e3,1,Unable to classify,No,NA,NA,NA,NA,NA,NA,NA,NA,Neutrality,The Tweet does not contain an authority reference,No,No,No,Existence of covid,Yes,NA,NA,NA,NA,NA,NA,None,NA,Other,0,2021
1236252692772786200,2,Uncheckable claim,No,NA,NA,NA,NA,NA,NA,NA,NA,Neutrality,The Tweet does not contain an authority reference,No,No,No,"Remedies for cure, treatment and prevention",No,NA,NA,Media,Other major non-governmental actors,NA,NA,NA,NA,Other,0,2020
1356173968122798e3,4,Other,No,NA,NA,NA,NA,NA,NA,NA,NA,Neutrality,The Tweet does not contain an authority reference,No,No,No,"Policies, prevention & societal and economic impact",No,"Government, politicians and international organizations",NA,NA,NA,NA,NA,NA,NA,Other,0,2021
1367151218905211e3,3,Accurate information,No,NA,NA,NA,NA,NA,NA,NA,NA,Neutrality,The Tweet does not contain an authority reference,No,No,No,"Remedies for cure, treatment and prevention",No,NA,NA,NA,NA,NA,NA,None,NA,Other,0,2021
1395009333986009e3,3,Accurate information,No,NA,NA,NA,NA,NA,NA,NA,NA,Neutrality,The Tweet does not contain an authority reference,No,No,No,"Policies, prevention & societal and economic impact",No,"Government, politicians and international organizations",NA,NA,NA,NA,NA,NA,NA,Other,0,2021
1474823744338149400,1,Accurate information,No,NA,NA,NA,NA,NA,NA,NA,NA,Neutrality,The Tweet does not contain an authority reference,No,No,No,Existence of covid,No,NA,NA,NA,Other major non-governmental actors,NA,NA,NA,NA,Other,0,2021
1.3237844117546721e+18,2,Uncheckable claim,No,NA,NA,NA,NA,NA,NA,NA,NA,Positivity,The Tweet does not contain an authority reference,No,Yes,No,"Policies, prevention & societal and economic impact",No,NA,NA,NA,NA,Individuals or communities,NA,NA,NA,Other,0,2020
1322225544960893e3,2,Accurate information,No,NA,NA,NA,NA,NA,NA,NA,NA,Neutrality,The Tweet does not contain an authority reference,No,No,No,"Remedies for cure, treatment and prevention",No,NA,NA,NA,Other major non-governmental actors,NA,NA,NA,NA,Other,0,2020
1315656098590883800,3,Other,No,NA,NA,NA,NA,NA,NA,NA,NA,Neutrality,The Tweet does not contain an authority reference,No,No,No,"Policies, prevention & societal and economic impact",No,NA,NA,NA,NA,NA,NA,None,NA,Other,0,2020
1235065069505065e3,4,Accurate information,Yes,NA,NA,NA,NA,NA,NA,NA,Misinformation is not attributed to an actor,Neutrality,The Tweet does not contain an authority reference,No,No,No,"News, information and misinformation",No,NA,NA,NA,NA,NA,NA,None,NA,Other,0,2020
1350011809886048300,3,Other,No,NA,NA,NA,NA,NA,NA,NA,NA,Neutrality,The Tweet does not contain an authority reference,No,No,No,"Policies, prevention & societal and economic impact",No,NA,NA,NA,NA,NA,NA,None,NA,Other,0,2021
1363497029951979500,2,Accurate information,No,NA,NA,NA,NA,NA,NA,NA,NA,Neutrality,The Tweet does not contain an authority reference,No,No,No,Symptoms or characteristics of covid,No,NA,NA,NA,NA,NA,NA,None,NA,Other,0,2021
1.4565315419543839e+18,3,Misinformation,No,NA,NA,NA,NA,NA,NA,NA,NA,Negativity,The Tweet does not contain an authority reference,No,No,No,Symptoms or characteristics of covid,No,NA,NA,NA,NA,Individuals or communities,NA,NA,NA,Misinformation,1,2021
1295983639910645800,4,Accurate information,No,NA,NA,NA,NA,NA,NA,NA,NA,Neutrality,The Tweet does not contain an authority reference,No,No,No,Symptoms or characteristics of covid,No,NA,NA,NA,NA,NA,NA,None,NA,Other,0,2020
1471022752261886e3,4,Misinformation,No,NA,NA,NA,NA,NA,NA,NA,NA,Negativity,The Tweet does not contain an authority reference,No,No,No,Severity of covid,No,"Government, politicians and international organizations",NA,NA,NA,Individuals or communities,NA,NA,NA,Misinformation,1,2021
1368137666068365300,3,Other,No,NA,NA,NA,NA,NA,NA,NA,NA,Negativity,The Tweet does not contain an authority reference,No,No,No,Vaccination,No,NA,NA,NA,NA,NA,NA,None,NA,Other,0,2021
1456643390339227600,4,Other,No,NA,NA,NA,NA,NA,NA,NA,NA,Neutrality,The Tweet does not contain an authority reference,No,No,No,Vaccination,No,NA,NA,NA,NA,NA,NA,None,NA,Other,0,2021
1285652845170176e3,4,Other,No,NA,NA,NA,NA,NA,NA,NA,NA,Neutrality,The Tweet does not contain an authority reference,No,No,No,Spread and detection,No,NA,NA,NA,NA,Individuals or communities,NA,NA,NA,Other,0,2020
1253103870806540300,1,Accurate information,No,NA,NA,NA,NA,NA,NA,NA,NA,Neutrality,The Tweet does not contain an authority reference,No,No,No,"Remedies for cure, treatment and prevention",No,NA,NA,NA,NA,NA,NA,None,NA,Other,0,2020
1296735003968241700,2,Accurate information,Yes,NA,NA,NA,NA,NA,"An opinion leader or individual who is not a journalist, and not a part of a government, parliament, or a political party",NA,NA,Negativity,The Tweet does not contain an authority reference,Yes,No,No,"News, information and misinformation",No,NA,NA,NA,NA,Individuals or communities,NA,NA,NA,Other,0,2020
1278616646018642e3,3,Accurate information,No,NA,NA,NA,NA,NA,NA,NA,NA,Positivity,The Tweet does not contain an authority reference,No,No,No,"Policies, prevention & societal and economic impact",No,NA,NA,NA,Other major non-governmental actors,NA,NA,NA,NA,Other,0,2020
1.4109023079072481e+18,2,Other,No,NA,NA,NA,NA,NA,NA,NA,NA,Neutrality,The Tweet does not contain an authority reference,No,No,No,"Remedies for cure, treatment and prevention",No,NA,NA,NA,NA,NA,NA,NA,University or scientific organization,Other,0,2021
148007966156467e4,4,Accurate information,No,NA,NA,NA,NA,NA,NA,NA,NA,Positivity,The Tweet does not contain an authority reference,No,No,No,"News, information and misinformation",No,NA,NA,NA,NA,NA,NA,None,NA,Other,0,2022
1278054286388334600,2,Other,No,NA,NA,NA,NA,NA,NA,NA,NA,Negativity,The Tweet does not contain an authority reference,No,No,No,"Policies, prevention & societal and economic impact",No,"Government, politicians and international organizations",NA,NA,Other major non-governmental actors,NA,NA,NA,NA,Other,0,2020
1349706957767266300,4,Other,No,NA,NA,NA,NA,NA,NA,NA,NA,Neutrality,The Tweet does not contain an authority reference,No,No,No,"Policies, prevention & societal and economic impact",No,NA,NA,NA,NA,NA,NA,None,NA,Other,0,2021
1469307690153578500,3,Other,No,NA,NA,NA,NA,NA,NA,NA,NA,Negativity,The Tweet does not contain an authority reference,No,No,No,Spread and detection,No,NA,NA,NA,Other major non-governmental actors,NA,NA,NA,NA,Other,0,2021
1359590798216622e3,4,Other,No,NA,NA,NA,NA,NA,NA,NA,NA,Neutrality,The Tweet does not contain an authority reference,No,No,No,Existence of covid,No,"Government, politicians and international organizations",NA,NA,NA,NA,NA,NA,NA,Other,0,2021
1351146944215855e3,4,Unable to classify,No,NA,NA,NA,NA,NA,NA,NA,NA,Neutrality,The Tweet does not contain an authority reference,No,No,No,Existence of covid,Yes,NA,NA,NA,NA,NA,NA,NA,University or scientific organization,Other,0,2021
1263641055389454300,1,Uncheckable claim,Yes,NA,NA,NA,NA,NA,"An opinion leader or individual who is not a journalist, and not a part of a government, parliament, or a political party",NA,NA,Negativity,The Tweet does not contain an authority reference,Yes,No,No,"News, information and misinformation",No,NA,NA,NA,NA,Individuals or communities,NA,NA,NA,Other,0,2020
1296842205731201e3,1,Accurate information,Yes,NA,NA,NA,NA,NA,"An opinion leader or individual who is not a journalist, and not a part of a government, parliament, or a political party",NA,NA,Neutrality,The Tweet does not contain an authority reference,Yes,No,No,"News, information and misinformation",No,NA,NA,NA,NA,Individuals or communities,NA,NA,NA,Other,0,2020
1369203664548724700,1,Accurate information,No,NA,NA,NA,NA,NA,NA,NA,NA,Neutrality,The Tweet contains a non-specific authority reference,No,No,No,Origin of covid,No,NA,NA,NA,NA,NA,NA,NA,University or scientific organization,Other,0,2021
1453244779731591200,4,Other,Yes,NA,"The Dutch government, cabinet, a member of the Dutch cabinet or civil servant",NA,NA,NA,NA,NA,NA,Neutrality,The Tweet does not contain an authority reference,No,No,No,"News, information and misinformation",No,"Government, politicians and international organizations",NA,NA,NA,NA,NA,NA,NA,Other,0,2021
146534532920576e4,1,Uncheckable claim,No,NA,NA,NA,NA,NA,NA,NA,NA,Negativity,The Tweet does not contain an authority reference,No,No,No,"Policies, prevention & societal and economic impact",No,NA,NA,NA,NA,Individuals or communities,NA,NA,NA,Other,0,2021
1240296213230112800,1,Accurate information,No,NA,NA,NA,NA,NA,NA,NA,NA,Negativity,The Tweet contains a specific authority reference,No,No,No,"Policies, prevention & societal and economic impact",No,NA,NA,NA,Other major non-governmental actors,NA,NA,NA,NA,Other,0,2020
1368915327736766500,4,Other,Yes,NA,"The Dutch government, cabinet, a member of the Dutch cabinet or civil servant",NA,NA,NA,NA,NA,NA,Neutrality,The Tweet does not contain an authority reference,No,No,No,"News, information and misinformation",No,"Government, politicians and international organizations",NA,NA,NA,NA,NA,NA,NA,Other,0,2021
1367139635676270600,2,Other,No,NA,NA,NA,NA,NA,NA,NA,NA,Neutrality,The Tweet does not contain an authority reference,No,No,No,"Remedies for cure, treatment and prevention",No,"Government, politicians and international organizations",NA,NA,NA,NA,NA,NA,NA,Other,0,2021
1340741418143330300,4,Misinformation,No,NA,NA,NA,NA,NA,NA,NA,NA,Neutrality,The Tweet does not contain an authority reference,No,No,No,Existence of covid,Yes,"Government, politicians and international organizations",NA,NA,Other major non-governmental actors,NA,NA,NA,NA,Misinformation,1,2020
1470310658646450200,2,Uncheckable claim,No,NA,NA,NA,NA,NA,NA,NA,NA,Neutrality,The Tweet does not contain an authority reference,No,No,Yes,"Policies, prevention & societal and economic impact",No,NA,NA,NA,NA,NA,NA,None,NA,Other,0,2021
1293105878690943e3,3,Misinformation,No,NA,NA,NA,NA,NA,NA,NA,NA,Negativity,The Tweet does not contain an authority reference,No,No,Yes,Vaccination,No,NA,NA,NA,NA,NA,NA,NA,University or scientific organization,Misinformation,1,2020
1348927279804674e3,3,Uncheckable claim,No,NA,NA,NA,NA,NA,NA,NA,NA,Negativity,The Tweet does not contain an authority reference,No,No,No,Spread and detection,No,NA,NA,NA,NA,NA,NA,None,NA,Other,0,2021
1407932888226709500,2,Misinformation,No,NA,NA,NA,NA,NA,NA,NA,NA,Neutrality,The Tweet does not contain an authority reference,No,No,No,Existence of covid,Yes,"Government, politicians and international organizations",NA,NA,NA,NA,NA,NA,NA,Misinformation,1,2021
1241156590411145200,4,Misinformation,Yes,NA,NA,NA,NA,NA,NA,NA,Misinformation is not attributed to an actor,Neutrality,The Tweet does not contain an authority reference,No,No,No,Symptoms or characteristics of covid,No,NA,NA,NA,NA,NA,NA,None,NA,Misinformation,1,2020
1283107845261664300,4,Misinformation,Yes,NA,NA,NA,NA,NA,NA,NA,Misinformation is not attributed to an actor,Neutrality,The Tweet does not contain an authority reference,No,No,No,"Policies, prevention & societal and economic impact",No,"Government, politicians and international organizations",NA,NA,NA,NA,NA,NA,NA,Misinformation,1,2020
1320102855328628700,1,Uncheckable claim,Yes,NA,NA,NA,NA,NA,NA,Other actor,NA,Neutrality,The Tweet does not contain an authority reference,No,No,Yes,"News, information and misinformation",No,NA,NA,NA,NA,NA,NA,None,NA,Other,0,2020
1454893815152644e3,3,Misinformation,No,NA,NA,NA,NA,NA,NA,NA,NA,Negativity,The Tweet contains a non-specific authority reference,No,No,No,"Remedies for cure, treatment and prevention",No,NA,NA,NA,NA,Individuals or communities,NA,NA,NA,Misinformation,1,2021
1397904699601260500,1,Other,No,NA,NA,NA,NA,NA,NA,NA,NA,Neutrality,The Tweet does not contain an authority reference,No,No,No,"Policies, prevention & societal and economic impact",No,NA,NA,NA,NA,NA,NA,None,NA,Other,0,2021
1400109985904791600,3,Accurate information,No,NA,NA,NA,NA,NA,NA,NA,NA,Neutrality,The Tweet does not contain an authority reference,No,No,No,Spread and detection,No,"Government, politicians and international organizations",NA,NA,NA,Individuals or communities,NA,NA,NA,Other,0,2021
1375082675845873700,2,Misinformation,No,NA,NA,NA,NA,NA,NA,NA,NA,Neutrality,The Tweet does not contain an authority reference,No,No,No,Existence of covid,Yes,NA,NA,NA,NA,NA,NA,None,NA,Misinformation,1,2021
1360146862167228400,4,Suggestive misinformation,No,NA,NA,NA,NA,NA,NA,NA,NA,Neutrality,The Tweet does not contain an authority reference,No,No,No,"Policies, prevention & societal and economic impact",No,NA,NA,NA,NA,NA,NA,None,NA,Misinformation,1,2021
1260866854366711800,4,Accurate information,Yes,NA,NA,"A foreign politician, foreign government, international leader or international organization",NA,NA,NA,NA,NA,Neutrality,The Tweet contains a specific authority reference,No,No,No,"News, information and misinformation",No,"Government, politicians and international organizations",NA,NA,NA,NA,NA,NA,NA,Other,0,2020
1467305366488817700,4,Other,No,NA,NA,NA,NA,NA,NA,NA,NA,Neutrality,The Tweet does not contain an authority reference,No,No,No,"Policies, prevention & societal and economic impact",No,"Government, politicians and international organizations",NA,NA,NA,Individuals or communities,NA,NA,NA,Other,0,2021
1399510084095459300,4,Accurate information,No,NA,NA,NA,NA,NA,NA,NA,NA,Neutrality,The Tweet contains a specific authority reference,No,No,No,"Policies, prevention & societal and economic impact",No,"Government, politicians and international organizations",NA,NA,NA,NA,NA,NA,NA,Other,0,2021
1275501921919475700,3,Accurate information,No,NA,NA,NA,NA,NA,NA,NA,NA,Negativity,The Tweet does not contain an authority reference,No,No,No,Spread and detection,No,NA,NA,NA,Other major non-governmental actors,Individuals or communities,NA,NA,NA,Other,0,2020
1318129870161981400,2,Accurate information,No,NA,NA,NA,NA,NA,NA,NA,NA,Neutrality,The Tweet does not contain an authority reference,No,No,No,Origin of covid,No,NA,NA,NA,NA,NA,NA,None,NA,Other,0,2020
1321750084627976200,3,Misinformation,No,NA,NA,NA,NA,NA,NA,NA,NA,Neutrality,The Tweet contains a non-specific authority reference,No,No,No,"Remedies for cure, treatment and prevention",No,NA,NA,NA,NA,NA,NA,NA,University or scientific organization,Misinformation,1,2020
1410521257385336800,4,Other,No,NA,NA,NA,NA,NA,NA,NA,NA,Positivity,The Tweet does not contain an authority reference,No,No,No,"Policies, prevention & societal and economic impact",No,NA,NA,NA,NA,NA,NA,None,NA,Other,0,2021
1407065345215639600,1,Uncheckable claim,No,NA,NA,NA,NA,NA,NA,NA,NA,Neutrality,The Tweet does not contain an authority reference,No,No,No,"Policies, prevention & societal and economic impact",No,NA,NA,NA,NA,NA,NA,None,NA,Other,0,2021
1294325572840063e3,4,Other,No,NA,NA,NA,NA,NA,NA,NA,NA,Negativity,The Tweet does not contain an authority reference,No,Yes,No,Spread and detection,No,NA,NA,NA,NA,NA,NA,NA,University or scientific organization,Other,0,2020
1345466589714526200,3,Misinformation,No,NA,NA,NA,NA,NA,NA,NA,NA,Neutrality,The Tweet does not contain an authority reference,No,No,No,Vaccination,No,NA,NA,NA,NA,NA,NA,None,NA,Misinformation,1,2021
1293134758340419600,2,Accurate information,No,NA,NA,NA,NA,NA,NA,NA,NA,Neutrality,The Tweet contains a specific authority reference,No,No,No,Vaccination,No,"Government, politicians and international organizations",NA,NA,NA,Individuals or communities,NA,NA,NA,Other,0,2020
1420820745349959700,1,Misinformation,Yes,NA,NA,NA,NA,NA,NA,NA,Misinformation is not attributed to an actor,Negativity,The Tweet does not contain an authority reference,No,No,Yes,Vaccination,No,NA,NA,NA,NA,NA,NA,None,NA,Misinformation,1,2021
1436151515824238600,3,Other,No,NA,NA,NA,NA,NA,NA,NA,NA,Neutrality,The Tweet does not contain an authority reference,No,No,No,"Remedies for cure, treatment and prevention",No,NA,NA,NA,NA,NA,NA,None,NA,Other,0,2021
1336313850434629600,3,Other,No,NA,NA,NA,NA,NA,NA,NA,NA,Negativity,The Tweet does not contain an authority reference,No,No,No,"Policies, prevention & societal and economic impact",No,NA,NA,Media,NA,NA,NA,NA,NA,Other,0,2020
1389095687246209e3,2,Uncheckable claim,No,NA,NA,NA,NA,NA,NA,NA,NA,Negativity,The Tweet does not contain an authority reference,No,No,No,Spread and detection,No,NA,NA,NA,NA,NA,NA,None,NA,Other,0,2021
1295280173017976800,1,Other,No,NA,NA,NA,NA,NA,NA,NA,NA,Neutrality,The Tweet does not contain an authority reference,No,No,No,"Policies, prevention & societal and economic impact",No,NA,NA,NA,NA,NA,NA,None,NA,Other,0,2020
1316664186072707e3,2,Uncheckable claim,No,NA,NA,NA,NA,NA,NA,NA,NA,Neutrality,The Tweet does not contain an authority reference,No,No,No,"Policies, prevention & societal and economic impact",No,NA,NA,NA,NA,NA,NA,None,NA,Other,0,2020
1352597012051599400,1,Misinformation,Yes,NA,NA,NA,NA,NA,"An opinion leader or individual who is not a journalist, and not a part of a government, parliament, or a political party",NA,NA,Negativity,The Tweet does not contain an authority reference,No,No,Yes,"News, information and misinformation",No,NA,Health services,NA,Other major non-governmental actors,NA,NA,NA,NA,Misinformation,1,2021
1484030436909088800,2,Accurate information,No,NA,NA,NA,NA,NA,NA,NA,NA,Neutrality,The Tweet does not contain an authority reference,No,No,No,Spread and detection,No,NA,NA,NA,Other major non-governmental actors,Individuals or communities,NA,NA,NA,Other,0,2022
1377263463450443800,3,Other,No,NA,NA,NA,NA,NA,NA,NA,NA,Negativity,The Tweet does not contain an authority reference,No,No,No,"Policies, prevention & societal and economic impact",No,"Government, politicians and international organizations",NA,NA,NA,Individuals or communities,NA,NA,NA,Other,0,2021
1296744105981157400,2,Accurate information,Yes,NA,NA,NA,NA,NA,"An opinion leader or individual who is not a journalist, and not a part of a government, parliament, or a political party",NA,NA,Neutrality,The Tweet does not contain an authority reference,No,No,No,"News, information and misinformation",No,NA,NA,NA,NA,Individuals or communities,NA,NA,NA,Other,0,2020
1314959436847476700,2,Other,No,NA,NA,NA,NA,NA,NA,NA,NA,Neutrality,The Tweet does not contain an authority reference,No,No,No,"Policies, prevention & societal and economic impact",No,NA,NA,NA,NA,NA,NA,None,NA,Other,0,2020
1256520500039299e3,1,Other,No,NA,NA,NA,NA,NA,NA,NA,NA,Neutrality,The Tweet does not contain an authority reference,No,No,No,Existence of covid,Yes,NA,NA,NA,NA,NA,NA,None,NA,Other,0,2020
1.3109340357792481e+18,1,Misinformation,No,NA,NA,NA,NA,NA,NA,NA,NA,Negativity,The Tweet does not contain an authority reference,No,No,Yes,Existence of covid,Yes,NA,NA,NA,NA,Individuals or communities,NA,NA,NA,Misinformation,1,2020
1284851515052699600,2,Other,Yes,NA,NA,NA,NA,NA,NA,NA,Misinformation is not attributed to an actor,Neutrality,The Tweet does not contain an authority reference,No,No,No,"News, information and misinformation",No,"Government, politicians and international organizations",NA,Media,NA,NA,NA,NA,NA,Other,0,2020
1432658323028e6,2,Other,Yes,NA,NA,NA,NA,NA,NA,NA,Misinformation is not attributed to an actor,Positivity,The Tweet does not contain an authority reference,No,No,No,"News, information and misinformation",No,NA,NA,NA,Other major non-governmental actors,NA,NA,NA,NA,Other,0,2021
1319172432008269800,1,Uncheckable claim,No,NA,NA,NA,NA,NA,NA,NA,NA,Neutrality,The Tweet does not contain an authority reference,No,No,Yes,Spread and detection,No,"Government, politicians and international organizations",Health services,NA,NA,NA,NA,NA,NA,Other,0,2020
1284447058955513900,2,Uncheckable claim,No,NA,NA,NA,NA,NA,NA,NA,NA,Positivity,The Tweet does not contain an authority reference,No,No,No,Spread and detection,No,NA,NA,NA,NA,Individuals or communities,NA,NA,NA,Other,0,2020
1314980142800928800,1,Other,No,NA,NA,NA,NA,NA,NA,NA,NA,Neutrality,The Tweet does not contain an authority reference,No,No,No,"Policies, prevention & societal and economic impact",No,NA,NA,NA,NA,NA,NA,None,NA,Other,0,2020
1448668489326243800,3,Accurate information,No,NA,NA,NA,NA,NA,NA,NA,NA,Positivity,The Tweet does not contain an authority reference,No,No,No,Spread and detection,No,NA,NA,NA,NA,Individuals or communities,NA,NA,NA,Other,0,2021
1311925635691020300,1,Other,No,NA,NA,NA,NA,NA,NA,NA,NA,Negativity,The Tweet does not contain an authority reference,No,No,No,"Policies, prevention & societal and economic impact",No,"Government, politicians and international organizations",NA,NA,NA,NA,NA,NA,NA,Other,0,2020
1395327231468216300,2,Accurate information,Yes,NA,NA,NA,NA,NA,"An opinion leader or individual who is not a journalist, and not a part of a government, parliament, or a political party",NA,NA,Neutrality,The Tweet contains a specific authority reference,No,No,No,"News, information and misinformation",No,NA,NA,Media,NA,Individuals or communities,NA,NA,NA,Other,0,2021
1278568490090233900,1,Accurate information,No,NA,NA,NA,NA,NA,NA,NA,NA,Neutrality,The Tweet does not contain an authority reference,No,No,No,Spread and detection,No,"Government, politicians and international organizations",NA,NA,NA,NA,NA,NA,NA,Other,0,2020
1295121693925679e3,1,Other,No,NA,NA,NA,NA,NA,NA,NA,NA,Neutrality,The Tweet does not contain an authority reference,No,No,No,"Policies, prevention & societal and economic impact",No,NA,NA,NA,NA,NA,NA,None,NA,Other,0,2020
1264973275454681e3,1,Misinformation,No,NA,NA,NA,NA,NA,NA,NA,NA,Neutrality,The Tweet does not contain an authority reference,No,No,No,Existence of covid,Yes,"Government, politicians and international organizations",NA,NA,NA,NA,NA,NA,University or scientific organization,Misinformation,1,2020
1410053026480537600,3,Accurate information,No,NA,NA,NA,NA,NA,NA,NA,NA,Neutrality,The Tweet does not contain an authority reference,No,No,No,Other,No,"Government, politicians and international organizations",NA,NA,NA,NA,NA,NA,NA,Other,0,2021
1243169756913549300,2,Accurate information,Yes,NA,NA,NA,NA,NA,NA,NA,Misinformation is not attributed to an actor,Neutrality,The Tweet does not contain an authority reference,No,No,No,"News, information and misinformation",No,NA,NA,NA,Other major non-governmental actors,NA,NA,NA,NA,Other,0,2020
1487048156852502500,1,Unable to classify,Yes,NA,NA,NA,NA,NA,NA,NA,Misinformation is not attributed to an actor,Neutrality,The Tweet does not contain an authority reference,No,No,No,"News, information and misinformation",No,NA,NA,NA,NA,Individuals or communities,NA,NA,NA,Other,0,2022
1421215156110041e3,4,Misinformation,Yes,NA,NA,NA,NA,NA,NA,NA,Misinformation is not attributed to an actor,Neutrality,The Tweet does not contain an authority reference,No,No,No,Vaccination,No,NA,NA,Media,Other major non-governmental actors,NA,NA,NA,NA,Misinformation,1,2021
1257267369493368800,2,Uncheckable claim,Yes,NA,NA,NA,NA,NA,NA,NA,Misinformation is not attributed to an actor,Neutrality,The Tweet does not contain an authority reference,No,No,No,"News, information and misinformation",No,NA,NA,NA,NA,NA,NA,None,NA,Other,0,2020
1295774262054326300,1,Other,No,NA,NA,NA,NA,NA,NA,NA,NA,Neutrality,The Tweet does not contain an authority reference,No,No,No,"Policies, prevention & societal and economic impact",No,NA,NA,NA,NA,NA,NA,None,NA,Other,0,2020
1480159611252531200,3,Accurate information,No,NA,NA,NA,NA,NA,NA,NA,NA,Neutrality,The Tweet contains a non-specific authority reference,No,No,No,Spread and detection,No,NA,NA,NA,NA,NA,NA,None,NA,Other,0,2022
1353767138868265e3,3,Misinformation,No,NA,NA,NA,NA,NA,NA,NA,NA,Neutrality,The Tweet does not contain an authority reference,No,No,No,"Remedies for cure, treatment and prevention",No,NA,NA,NA,NA,Individuals or communities,NA,NA,NA,Misinformation,1,2021
1415395567283445800,3,Other,Yes,NA,NA,NA,NA,NA,NA,NA,Misinformation is not attributed to an actor,Negativity,The Tweet does not contain an authority reference,No,No,Yes,"News, information and misinformation",No,NA,NA,NA,NA,NA,NA,None,NA,Other,0,2021
1405591420459683800,4,Other,No,NA,NA,NA,NA,NA,NA,NA,NA,Neutrality,The Tweet does not contain an authority reference,No,No,No,Spread and detection,No,NA,NA,NA,NA,Individuals or communities,NA,NA,NA,Other,0,2021
1300747253133578200,3,Other,No,NA,NA,NA,NA,NA,NA,NA,NA,Neutrality,The Tweet does not contain an authority reference,No,No,No,"Remedies for cure, treatment and prevention",No,NA,NA,NA,NA,Individuals or communities,NA,NA,NA,Other,0,2020
1257234445939114e3,4,Other,No,NA,NA,NA,NA,NA,NA,NA,NA,Neutrality,The Tweet does not contain an authority reference,No,No,No,"News, information and misinformation",No,NA,NA,NA,NA,Individuals or communities,NA,NA,NA,Other,0,2020
1284215056079581200,3,Accurate information,No,NA,NA,NA,NA,NA,NA,NA,NA,Neutrality,The Tweet does not contain an authority reference,No,No,No,Spread and detection,No,NA,NA,NA,NA,Individuals or communities,NA,NA,NA,Other,0,2020
1286964722206675e3,3,Uncheckable claim,No,NA,NA,NA,NA,NA,NA,NA,NA,Neutrality,The Tweet does not contain an authority reference,No,No,No,Spread and detection,No,NA,NA,NA,Other major non-governmental actors,Individuals or communities,NA,NA,NA,Other,0,2020
1486447529571016700,4,Misinformation,Yes,NA,"The Dutch government, cabinet, a member of the Dutch cabinet or civil servant",NA,NA,NA,NA,NA,NA,Negativity,The Tweet does not contain an authority reference,No,No,No,Severity of covid,No,"Government, politicians and international organizations",NA,NA,NA,NA,NA,NA,NA,Misinformation,1,2022
1390672635554635800,4,Accurate information,No,NA,NA,NA,NA,NA,NA,NA,NA,Neutrality,The Tweet does not contain an authority reference,No,No,No,"Policies, prevention & societal and economic impact",No,"Government, politicians and international organizations",NA,NA,Other major non-governmental actors,NA,NA,NA,NA,Other,0,2021
1275744456298434600,3,Accurate information,No,NA,NA,NA,NA,NA,NA,NA,NA,Positivity,The Tweet does not contain an authority reference,No,No,No,"Policies, prevention & societal and economic impact",No,NA,NA,NA,NA,NA,NA,NA,University or scientific organization,Other,0,2020
1404812185092726800,4,Misinformation,No,NA,NA,NA,NA,NA,NA,NA,NA,Neutrality,The Tweet contains a non-specific authority reference,No,No,No,Vaccination,No,NA,NA,NA,NA,Individuals or communities,NA,NA,University or scientific organization,Misinformation,1,2021
1363407966335099e3,1,Misinformation,No,NA,NA,NA,NA,NA,NA,NA,NA,Neutrality,The Tweet does not contain an authority reference,No,No,No,Symptoms or characteristics of covid,No,NA,NA,NA,NA,Individuals or communities,NA,NA,NA,Misinformation,1,2021
1321931432072269800,2,Accurate information,No,NA,NA,NA,NA,NA,NA,NA,NA,Neutrality,The Tweet does not contain an authority reference,No,No,No,"Policies, prevention & societal and economic impact",No,NA,NA,NA,Other major non-governmental actors,NA,NA,NA,NA,Other,0,2020
1315254582948266e3,1,Other,No,NA,NA,NA,NA,NA,NA,NA,NA,Neutrality,The Tweet does not contain an authority reference,No,No,No,"Remedies for cure, treatment and prevention",No,NA,NA,NA,NA,NA,NA,None,NA,Other,0,2020
1390567983936856e3,4,Other,Yes,NA,NA,NA,NA,NA,"An opinion leader or individual who is not a journalist, and not a part of a government, parliament, or a political party",NA,NA,Neutrality,The Tweet does not contain an authority reference,No,No,No,"News, information and misinformation",No,NA,NA,NA,Other major non-governmental actors,Individuals or communities,NA,NA,University or scientific organization,Other,0,2021
1378559210854604800,3,Accurate information,No,NA,NA,NA,NA,NA,NA,NA,NA,Neutrality,The Tweet contains a non-specific authority reference,No,No,No,Symptoms or characteristics of covid,No,NA,NA,NA,NA,Individuals or communities,NA,NA,NA,Other,0,2021
1345430167611609e3,2,Accurate information,No,NA,NA,NA,NA,NA,NA,NA,NA,Positivity,The Tweet contains a specific authority reference,No,No,No,"Remedies for cure, treatment and prevention",No,NA,NA,NA,Other major non-governmental actors,NA,NA,NA,NA,Other,0,2021
1317761280384618500,4,Accurate information,No,NA,NA,NA,NA,NA,NA,NA,NA,Neutrality,The Tweet does not contain an authority reference,No,No,No,"Remedies for cure, treatment and prevention",No,NA,NA,NA,NA,NA,NA,None,NA,Other,0,2020
1473266142147928e3,2,Other,No,NA,NA,NA,NA,NA,NA,NA,NA,Neutrality,The Tweet does not contain an authority reference,No,No,No,Symptoms or characteristics of covid,No,NA,NA,NA,NA,NA,NA,NA,University or scientific organization,Other,0,2021
1385866348572536800,2,Uncheckable claim,No,NA,NA,NA,NA,NA,NA,NA,NA,Neutrality,The Tweet contains a specific authority reference,No,No,No,"Remedies for cure, treatment and prevention",No,"Government, politicians and international organizations",NA,Media,NA,NA,NA,NA,NA,Other,0,2021
1318941371458355200,4,Misinformation,No,NA,NA,NA,NA,NA,NA,NA,NA,Neutrality,The Tweet does not contain an authority reference,No,No,No,Existence of covid,Yes,NA,NA,NA,NA,Individuals or communities,NA,NA,NA,Misinformation,1,2020
1244565982489849900,4,Accurate information,No,NA,NA,NA,NA,NA,NA,NA,NA,Neutrality,The Tweet does not contain an authority reference,No,No,No,"Policies, prevention & societal and economic impact",No,NA,Health services,NA,NA,NA,NA,NA,NA,Other,0,2020
1290317132752760800,1,Accurate information,No,NA,NA,NA,NA,NA,NA,NA,NA,Negativity,The Tweet contains a specific authority reference,No,No,No,"Policies, prevention & societal and economic impact",No,"Government, politicians and international organizations",NA,NA,NA,NA,NA,NA,NA,Other,0,2020
1377885698607489e3,1,Uncheckable claim,No,NA,NA,NA,NA,NA,NA,NA,NA,Neutrality,The Tweet does not contain an authority reference,No,No,No,Spread and detection,No,NA,NA,NA,NA,NA,NA,None,NA,Other,0,2021
1424991730210857e3,4,Misinformation,No,NA,NA,NA,NA,NA,NA,NA,NA,Neutrality,The Tweet contains a non-specific authority reference,No,No,No,Existence of covid,Yes,"Government, politicians and international organizations",NA,NA,NA,NA,NA,NA,NA,Misinformation,1,2021
1462904883598831600,2,Accurate information,No,NA,NA,NA,NA,NA,NA,NA,NA,Neutrality,The Tweet does not contain an authority reference,No,No,No,Spread and detection,No,"Government, politicians and international organizations",NA,NA,NA,NA,NA,NA,NA,Other,0,2021
1254791186822267e3,1,Accurate information,Yes,NA,NA,NA,NA,NA,NA,NA,Misinformation is not attributed to an actor,Neutrality,The Tweet does not contain an authority reference,No,No,No,"News, information and misinformation",No,"Government, politicians and international organizations",NA,NA,NA,NA,NA,NA,NA,Other,0,2020
1316469393665163300,1,Uncheckable claim,No,NA,NA,NA,NA,NA,NA,NA,NA,Neutrality,The Tweet does not contain an authority reference,No,No,No,"Policies, prevention & societal and economic impact",No,NA,Health services,NA,NA,NA,NA,NA,NA,Other,0,2020
1422958775389106200,2,Misinformation,No,NA,NA,NA,NA,NA,NA,NA,NA,Neutrality,The Tweet does not contain an authority reference,No,Yes,No,"Policies, prevention & societal and economic impact",No,NA,NA,Media,NA,Individuals or communities,NA,NA,NA,Misinformation,1,2021
1373615092034584600,1,Accurate information,No,NA,NA,NA,NA,NA,NA,NA,NA,Neutrality,The Tweet does not contain an authority reference,No,No,No,"Policies, prevention & societal and economic impact",No,"Government, politicians and international organizations",NA,NA,NA,NA,NA,NA,NA,Other,0,2021
1394939126089240600,2,Accurate information,No,NA,NA,NA,NA,NA,NA,NA,NA,Neutrality,The Tweet does not contain an authority reference,No,No,No,"Policies, prevention & societal and economic impact",No,"Government, politicians and international organizations",NA,NA,NA,NA,NA,NA,NA,Other,0,2021
1356940375907270700,3,Accurate information,No,NA,NA,NA,NA,NA,NA,NA,NA,Neutrality,The Tweet does not contain an authority reference,No,No,No,"Remedies for cure, treatment and prevention",No,NA,NA,NA,NA,NA,NA,None,NA,Other,0,2021
1458085050587680800,1,Misinformation,No,NA,NA,NA,NA,NA,NA,NA,NA,Neutrality,The Tweet contains a specific authority reference,No,No,No,Severity of covid,No,"Government, politicians and international organizations",NA,NA,NA,NA,NA,NA,NA,Misinformation,1,2021
1247578323955286e3,3,Other,No,NA,NA,NA,NA,NA,NA,NA,NA,Positivity,The Tweet does not contain an authority reference,No,No,No,"Policies, prevention & societal and economic impact",No,NA,Health services,NA,NA,NA,NA,NA,NA,Other,0,2020
1382613527320477700,2,Accurate information,No,NA,NA,NA,NA,NA,NA,NA,NA,Neutrality,The Tweet contains a specific authority reference,No,No,No,"Policies, prevention & societal and economic impact",No,NA,NA,NA,NA,Individuals or communities,NA,NA,University or scientific organization,Other,0,2021
1271060109385519e3,2,Unable to classify,No,NA,NA,NA,NA,NA,NA,NA,NA,Neutrality,The Tweet does not contain an authority reference,No,No,No,"Policies, prevention & societal and economic impact",No,NA,Health services,Media,NA,NA,NA,NA,NA,Other,0,2020
1252477806237241300,3,Accurate information,Yes,NA,NA,NA,NA,NA,NA,NA,Misinformation is not attributed to an actor,Neutrality,The Tweet does not contain an authority reference,No,No,No,"News, information and misinformation",No,"Government, politicians and international organizations",NA,NA,NA,NA,NA,NA,NA,Other,0,2020
138855570718054e4,1,Misinformation,No,NA,NA,NA,NA,NA,NA,NA,NA,Neutrality,The Tweet does not contain an authority reference,No,No,Yes,Existence of covid,Yes,NA,NA,NA,NA,NA,NA,None,NA,Misinformation,1,2021
1460527637877563400,4,Accurate information,No,NA,NA,NA,NA,NA,NA,NA,NA,Neutrality,The Tweet does not contain an authority reference,No,No,No,Severity of covid,No,NA,NA,NA,NA,NA,NA,None,NA,Other,0,2021
1386283314798006300,4,Misinformation,No,NA,NA,NA,NA,NA,NA,NA,NA,Neutrality,The Tweet does not contain an authority reference,No,No,No,Vaccination,No,NA,NA,NA,NA,Individuals or communities,NA,NA,NA,Misinformation,1,2021
1264081826747945e3,2,Accurate information,No,NA,NA,NA,NA,NA,NA,NA,NA,Neutrality,The Tweet does not contain an authority reference,No,No,No,Symptoms or characteristics of covid,No,NA,NA,NA,NA,Individuals or communities,NA,NA,NA,Other,0,2020
1241327807743045600,4,Accurate information,Yes,NA,NA,NA,NA,NA,NA,NA,Misinformation is not attributed to an actor,Neutrality,The Tweet does not contain an authority reference,No,No,No,"News, information and misinformation",No,NA,NA,NA,NA,Individuals or communities,NA,NA,NA,Other,0,2020
1255208275525714e3,4,Unable to classify,No,NA,NA,NA,NA,NA,NA,NA,NA,Neutrality,The Tweet does not contain an authority reference,No,No,No,Symptoms or characteristics of covid,No,NA,NA,NA,NA,NA,NA,None,NA,Other,0,2020
1354781961009700900,2,Misinformation,No,NA,NA,NA,NA,NA,NA,NA,NA,Negativity,The Tweet does not contain an authority reference,No,No,No,Vaccination,No,NA,NA,NA,NA,Individuals or communities,NA,NA,NA,Misinformation,1,2021
1411740445466562600,4,Other,No,NA,NA,NA,NA,NA,NA,NA,NA,Neutrality,The Tweet does not contain an authority reference,No,No,No,Symptoms or characteristics of covid,No,NA,NA,NA,NA,NA,NA,None,NA,Other,0,2021
1293155808042201e3,2,Misinformation,Yes,NA,NA,NA,NA,NA,NA,NA,Misinformation is not attributed to an actor,Neutrality,The Tweet does not contain an authority reference,No,No,No,Existence of covid,Yes,NA,NA,NA,Other major non-governmental actors,NA,NA,NA,NA,Misinformation,1,2020
1353470635373187e3,4,Misinformation,No,NA,NA,NA,NA,NA,NA,NA,NA,Neutrality,The Tweet does not contain an authority reference,No,No,No,Existence of covid,Yes,NA,NA,NA,Other major non-governmental actors,NA,NA,NA,NA,Misinformation,1,2021
1349069393636987e3,2,Accurate information,No,NA,NA,NA,NA,NA,NA,NA,NA,Neutrality,The Tweet does not contain an authority reference,No,No,No,"Policies, prevention & societal and economic impact",No,NA,NA,NA,NA,NA,NA,None,NA,Other,0,2021
1429481147671662600,4,Unable to classify,Yes,NA,NA,NA,NA,NA,NA,NA,Misinformation is not attributed to an actor,Neutrality,The Tweet does not contain an authority reference,No,No,No,"News, information and misinformation",No,NA,NA,NA,NA,Individuals or communities,NA,NA,NA,Other,0,2021
1310537804896710700,2,Other,No,NA,NA,NA,NA,NA,NA,NA,NA,Neutrality,The Tweet does not contain an authority reference,No,No,No,Spread and detection,No,NA,NA,NA,NA,NA,NA,None,NA,Other,0,2020
1313903020418232300,2,Suggestive misinformation,Yes,NA,NA,NA,NA,NA,NA,NA,Misinformation is not attributed to an actor,Positivity,The Tweet does not contain an authority reference,No,No,No,Symptoms or characteristics of covid,No,"Government, politicians and international organizations",NA,NA,NA,Individuals or communities,NA,NA,NA,Misinformation,1,2020
1240190777118077e3,4,Unable to classify,No,NA,NA,NA,NA,NA,NA,NA,NA,Neutrality,The Tweet does not contain an authority reference,No,No,No,Other,No,NA,NA,NA,NA,NA,NA,None,NA,Other,0,2020
1477557046493e6,1,Uncheckable claim,Yes,NA,NA,NA,NA,NA,NA,NA,Misinformation is not attributed to an actor,Positivity,The Tweet does not contain an authority reference,No,No,No,"Policies, prevention & societal and economic impact",No,NA,Health services,NA,Other major non-governmental actors,Individuals or communities,NA,NA,NA,Other,0,2022
1462184818364534800,4,Other,No,NA,NA,NA,NA,NA,NA,NA,NA,Negativity,The Tweet does not contain an authority reference,No,No,Yes,"Policies, prevention & societal and economic impact",No,"Government, politicians and international organizations",NA,NA,NA,Individuals or communities,NA,NA,NA,Other,0,2021
1363275663495606300,1,Other,Yes,NA,NA,NA,NA,NA,NA,NA,Misinformation is not attributed to an actor,Neutrality,The Tweet does not contain an authority reference,No,No,No,"News, information and misinformation",No,"Government, politicians and international organizations",NA,NA,NA,NA,NA,NA,NA,Other,0,2021
1381955384005562400,4,Accurate information,No,NA,NA,NA,NA,NA,NA,NA,NA,Neutrality,The Tweet contains a specific authority reference,No,No,No,"Policies, prevention & societal and economic impact",No,NA,Health services,NA,Other major non-governmental actors,Individuals or communities,NA,NA,NA,Other,0,2021
1290966027455651800,4,Other,No,NA,NA,NA,NA,NA,NA,NA,NA,Negativity,The Tweet does not contain an authority reference,No,Yes,No,"Policies, prevention & societal and economic impact",No,"Government, politicians and international organizations",NA,NA,NA,NA,NA,NA,NA,Other,0,2020
1240526405324214300,2,Accurate information,No,NA,NA,NA,NA,NA,NA,NA,NA,Neutrality,The Tweet does not contain an authority reference,No,No,No,Spread and detection,No,NA,Health services,NA,NA,NA,NA,NA,NA,Other,0,2020
1258988973059223600,2,Other,Yes,NA,NA,NA,NA,NA,NA,NA,Misinformation is not attributed to an actor,Mixed,The Tweet does not contain an authority reference,No,No,No,"News, information and misinformation",No,NA,NA,NA,NA,NA,NA,None,NA,Other,0,2020
1309071137515733e3,4,Other,No,NA,NA,NA,NA,NA,NA,NA,NA,Negativity,The Tweet does not contain an authority reference,No,No,No,Spread and detection,No,NA,Health services,NA,NA,NA,NA,NA,NA,Other,0,2020
1460325493132116e3,2,Accurate information,No,NA,NA,NA,NA,NA,NA,NA,NA,Neutrality,The Tweet does not contain an authority reference,No,No,No,"Policies, prevention & societal and economic impact",No,NA,NA,NA,Other major non-governmental actors,NA,NA,NA,NA,Other,0,2021
1317742191821885400,2,Accurate information,No,NA,NA,NA,NA,NA,NA,NA,NA,Positivity,The Tweet contains a specific authority reference,No,No,No,"Policies, prevention & societal and economic impact",No,NA,NA,Media,NA,NA,NA,NA,NA,Other,0,2020
1459846641951854600,2,Accurate information,No,NA,NA,NA,NA,NA,NA,NA,NA,Positivity,The Tweet does not contain an authority reference,No,No,No,"Remedies for cure, treatment and prevention",No,NA,NA,NA,NA,Individuals or communities,NA,NA,NA,Other,0,2021
1242743198751039500,3,Accurate information,No,NA,NA,NA,NA,NA,NA,NA,NA,Neutrality,The Tweet contains a specific authority reference,No,No,No,"Policies, prevention & societal and economic impact",No,"Government, politicians and international organizations",NA,NA,NA,NA,NA,NA,University or scientific organization,Other,0,2020
1321745070211633200,4,Accurate information,No,NA,NA,NA,NA,NA,NA,NA,NA,Negativity,The Tweet does not contain an authority reference,Yes,Yes,No,"Policies, prevention & societal and economic impact",No,NA,NA,NA,NA,Individuals or communities,NA,NA,NA,Other,0,2020
1353068759599116300,1,Other,No,NA,NA,NA,NA,NA,NA,NA,NA,Neutrality,The Tweet does not contain an authority reference,No,No,No,"Remedies for cure, treatment and prevention",No,NA,NA,NA,NA,NA,NA,None,NA,Other,0,2021
1439512814545219600,3,Misinformation,No,NA,NA,NA,NA,NA,NA,NA,NA,Neutrality,The Tweet does not contain an authority reference,No,No,No,Vaccination,No,NA,NA,NA,Other major non-governmental actors,Individuals or communities,NA,NA,NA,Misinformation,1,2021
1282710198356934700,2,Accurate information,No,NA,NA,NA,NA,NA,NA,NA,NA,Neutrality,The Tweet does not contain an authority reference,No,No,No,Spread and detection,No,"Government, politicians and international organizations",NA,NA,NA,NA,NA,NA,NA,Other,0,2020
1431126835979604e3,1,Other,Yes,NA,NA,NA,NA,NA,NA,NA,Misinformation is not attributed to an actor,Neutrality,The Tweet does not contain an authority reference,No,No,No,"News, information and misinformation",No,NA,NA,NA,NA,NA,NA,None,NA,Other,0,2021
1239637949488050200,3,Accurate information,Yes,NA,NA,NA,NA,NA,NA,NA,Misinformation is not attributed to an actor,Neutrality,The Tweet contains a specific authority reference,No,No,No,"News, information and misinformation",No,NA,NA,NA,Other major non-governmental actors,NA,NA,NA,NA,Other,0,2020
1441058960014983200,1,Misinformation,No,NA,NA,NA,NA,NA,NA,NA,NA,Negativity,The Tweet contains a non-specific authority reference,No,No,Yes,Vaccination,No,NA,NA,NA,NA,Individuals or communities,NA,NA,NA,Misinformation,1,2021
1478398192349855700,4,Misinformation,No,NA,NA,NA,NA,NA,NA,NA,NA,Neutrality,The Tweet does not contain an authority reference,No,No,No,Existence of covid,Yes,"Government, politicians and international organizations",NA,NA,NA,NA,NA,NA,NA,Misinformation,1,2022
1282938431245557800,4,Accurate information,No,NA,NA,NA,NA,NA,NA,NA,NA,Neutrality,The Tweet contains a specific authority reference,No,No,No,"Policies, prevention & societal and economic impact",No,NA,NA,NA,Other major non-governmental actors,Individuals or communities,NA,NA,University or scientific organization,Other,0,2020
1386426560878547e3,3,Misinformation,Yes,NA,NA,"A foreign politician, foreign government, international leader or international organization",NA,NA,NA,NA,NA,Neutrality,The Tweet does not contain an authority reference,No,No,No,"News, information and misinformation",No,"Government, politicians and international organizations",NA,NA,NA,NA,NA,NA,NA,Misinformation,1,2021
1315048146347724800,1,Other,No,NA,NA,NA,NA,NA,NA,NA,NA,Neutrality,The Tweet does not contain an authority reference,No,No,No,"Policies, prevention & societal and economic impact",No,NA,NA,NA,NA,NA,NA,None,NA,Other,0,2020
1260262719791431700,1,Uncheckable claim,No,NA,NA,NA,NA,NA,NA,NA,NA,Neutrality,The Tweet does not contain an authority reference,No,No,No,"Policies, prevention & societal and economic impact",No,NA,NA,NA,NA,Individuals or communities,NA,NA,NA,Other,0,2020
1470744372325007400,4,Accurate information,No,NA,NA,NA,NA,NA,NA,NA,NA,Neutrality,The Tweet contains a non-specific authority reference,No,No,No,Symptoms or characteristics of covid,No,NA,NA,NA,NA,Individuals or communities,NA,NA,NA,Other,0,2021
1243973447757312e3,2,Uncheckable claim,No,NA,NA,NA,NA,NA,NA,NA,NA,Negativity,The Tweet does not contain an authority reference,No,Yes,No,Origin of covid,No,"Government, politicians and international organizations",NA,NA,NA,Individuals or communities,NA,NA,NA,Other,0,2020
1315321500795371500,4,Other,No,NA,NA,NA,NA,NA,NA,NA,NA,Neutrality,The Tweet does not contain an authority reference,No,No,No,"Policies, prevention & societal and economic impact",No,NA,NA,NA,NA,NA,NA,None,NA,Other,0,2020
1377158008237555700,1,Misinformation,No,NA,NA,NA,NA,NA,NA,NA,NA,Neutrality,The Tweet contains a non-specific authority reference,No,No,No,Spread and detection,No,"Government, politicians and international organizations",NA,NA,Other major non-governmental actors,NA,NA,NA,NA,Misinformation,1,2021
1247203067029749800,4,Other,No,NA,NA,NA,NA,NA,NA,NA,NA,Neutrality,The Tweet contains a specific authority reference,No,No,No,"Policies, prevention & societal and economic impact",No,"Government, politicians and international organizations",NA,NA,NA,Individuals or communities,NA,NA,NA,Other,0,2020
1.2840816112739041e+18,1,Accurate information,No,NA,NA,NA,NA,NA,NA,NA,NA,Neutrality,The Tweet does not contain an authority reference,No,No,No,Spread and detection,No,NA,NA,Media,Other major non-governmental actors,Individuals or communities,NA,NA,NA,Other,0,2020
1291267577000464400,3,Accurate information,Yes,NA,NA,"A foreign politician, foreign government, international leader or international organization",NA,NA,NA,NA,NA,Neutrality,The Tweet does not contain an authority reference,No,No,No,"News, information and misinformation",No,"Government, politicians and international organizations",NA,NA,Other major non-governmental actors,NA,NA,NA,NA,Other,0,2020
1290677315807191e3,1,Other,No,NA,NA,NA,NA,NA,NA,NA,NA,Neutrality,The Tweet does not contain an authority reference,No,No,Yes,"Policies, prevention & societal and economic impact",No,"Government, politicians and international organizations",NA,NA,NA,NA,NA,NA,NA,Other,0,2020
1297262199136817200,2,Uncheckable claim,No,NA,NA,NA,NA,NA,NA,NA,NA,Positivity,The Tweet does not contain an authority reference,No,No,No,Spread and detection,No,NA,NA,NA,NA,NA,NA,None,NA,Other,0,2020
1362737248563847200,4,Misinformation,Yes,NA,NA,NA,NA,NA,NA,NA,Misinformation is not attributed to an actor,Neutrality,The Tweet contains a specific authority reference,No,No,No,"News, information and misinformation",No,NA,NA,NA,Other major non-governmental actors,NA,NA,NA,NA,Misinformation,1,2021
1488609215740526600,4,Misinformation,Yes,NA,NA,NA,A mainstream media outlet or journalist working in the mainstream media,NA,NA,NA,NA,Negativity,The Tweet does not contain an authority reference,No,No,No,"News, information and misinformation",No,NA,NA,Media,NA,Individuals or communities,NA,NA,NA,Misinformation,1,2022
1455927447476658200,4,Other,No,NA,NA,NA,NA,NA,NA,NA,NA,Neutrality,The Tweet does not contain an authority reference,No,No,No,"Policies, prevention & societal and economic impact",No,NA,NA,NA,NA,NA,NA,None,NA,Other,0,2021
1401087370330521600,4,Other,No,NA,NA,NA,NA,NA,NA,NA,NA,Neutrality,The Tweet does not contain an authority reference,No,No,No,Vaccination,No,NA,NA,NA,NA,Individuals or communities,NA,NA,NA,Other,0,2021
1336994167323562e3,2,Accurate information,No,NA,NA,NA,NA,NA,NA,NA,NA,Neutrality,The Tweet does not contain an authority reference,No,No,No,"Remedies for cure, treatment and prevention",No,NA,NA,NA,NA,NA,NA,None,NA,Other,0,2020
1297681256122060800,1,Misinformation,Yes,NA,NA,NA,NA,NA,NA,NA,Misinformation is not attributed to an actor,Neutrality,The Tweet does not contain an authority reference,No,No,No,Existence of covid,No,"Government, politicians and international organizations",NA,NA,NA,NA,NA,NA,NA,Misinformation,1,2020
1296737047839944700,1,Accurate information,Yes,NA,NA,NA,NA,NA,"An opinion leader or individual who is not a journalist, and not a part of a government, parliament, or a political party",NA,NA,Neutrality,The Tweet does not contain an authority reference,No,No,No,"News, information and misinformation",No,NA,NA,NA,NA,Individuals or communities,NA,NA,NA,Other,0,2020
1342184245452820500,3,Accurate information,No,NA,NA,NA,NA,NA,NA,NA,NA,Positivity,The Tweet does not contain an authority reference,No,No,No,Other,No,NA,NA,NA,NA,Individuals or communities,NA,NA,NA,Other,0,2020
1312409078283595800,1,Accurate information,No,NA,NA,NA,NA,NA,NA,NA,NA,Neutrality,The Tweet does not contain an authority reference,No,No,No,Symptoms or characteristics of covid,No,"Government, politicians and international organizations",NA,NA,NA,NA,NA,NA,NA,Other,0,2020
1310314290797334500,2,Other,No,NA,NA,NA,NA,NA,NA,NA,NA,Positivity,The Tweet does not contain an authority reference,No,No,No,Symptoms or characteristics of covid,No,NA,NA,NA,NA,Individuals or communities,NA,NA,NA,Other,0,2020
1414876917816340500,4,Misinformation,No,NA,NA,NA,NA,NA,NA,NA,NA,Negativity,The Tweet does not contain an authority reference,No,No,Yes,Vaccination,Yes,NA,NA,Media,NA,Individuals or communities,NA,NA,University or scientific organization,Misinformation,1,2021
1477618692158591e3,4,Other,Yes,NA,NA,NA,NA,NA,NA,NA,Misinformation is not attributed to an actor,Neutrality,The Tweet does not contain an authority reference,No,Yes,No,"News, information and misinformation",No,"Government, politicians and international organizations",NA,NA,NA,NA,NA,NA,NA,Other,0,2022
1363368958611644400,2,Uncheckable claim,No,NA,NA,NA,NA,NA,NA,NA,NA,Neutrality,The Tweet does not contain an authority reference,No,No,No,Spread and detection,No,NA,NA,NA,NA,Individuals or communities,NA,NA,NA,Other,0,2021
1.3224238180492001e+18,1,Accurate information,No,NA,NA,NA,NA,NA,NA,NA,NA,Neutrality,The Tweet does not contain an authority reference,No,No,No,"Policies, prevention & societal and economic impact",No,NA,NA,NA,Other major non-governmental actors,NA,NA,NA,NA,Other,0,2020
1367121468937490400,3,Accurate information,No,NA,NA,NA,NA,NA,NA,NA,NA,Neutrality,The Tweet does not contain an authority reference,No,No,No,"Remedies for cure, treatment and prevention",No,NA,NA,NA,NA,NA,NA,None,NA,Other,0,2021
1424316557799444500,1,Misinformation,No,NA,NA,NA,NA,NA,NA,NA,NA,Negativity,The Tweet does not contain an authority reference,No,No,Yes,Existence of covid,Yes,NA,NA,NA,NA,NA,NA,None,NA,Misinformation,1,2021
1362143234521194500,4,Other,No,NA,NA,NA,NA,NA,NA,NA,NA,Negativity,The Tweet does not contain an authority reference,No,Yes,No,"Policies, prevention & societal and economic impact",No,NA,NA,NA,NA,Individuals or communities,NA,NA,NA,Other,0,2021
1311892729329258500,1,Other,Yes,NA,NA,NA,NA,NA,NA,NA,Misinformation is not attributed to an actor,Neutrality,The Tweet does not contain an authority reference,No,No,No,"News, information and misinformation",No,NA,NA,NA,NA,Individuals or communities,NA,NA,NA,Other,0,2020
1407305935719219200,4,Other,Yes,NA,NA,NA,NA,NA,NA,NA,Misinformation is not attributed to an actor,Negativity,The Tweet does not contain an authority reference,Yes,No,No,"News, information and misinformation",No,NA,NA,NA,NA,NA,NA,None,NA,Other,0,2021
1292026124042743800,4,Other,No,NA,NA,NA,NA,NA,NA,NA,NA,Neutrality,The Tweet does not contain an authority reference,No,No,No,Symptoms or characteristics of covid,No,NA,NA,NA,NA,NA,NA,None,NA,Other,0,2020
1321770780011671600,1,Accurate information,Yes,NA,NA,"A foreign politician, foreign government, international leader or international organization",NA,NA,NA,NA,NA,Negativity,The Tweet does not contain an authority reference,No,Yes,No,"News, information and misinformation",No,"Government, politicians and international organizations",Health services,NA,Other major non-governmental actors,Individuals or communities,NA,NA,NA,Other,0,2020
1337308782024650800,3,Accurate information,Yes,NA,NA,NA,NA,NA,NA,NA,Misinformation is not attributed to an actor,Neutrality,The Tweet does not contain an authority reference,No,No,No,"News, information and misinformation",No,NA,Health services,NA,NA,NA,NA,NA,NA,Other,0,2020
1314828448972583e3,3,Other,No,NA,NA,NA,NA,NA,NA,NA,NA,Neutrality,The Tweet does not contain an authority reference,No,No,No,"Policies, prevention & societal and economic impact",No,NA,NA,NA,NA,NA,NA,None,NA,Other,0,2020
1295398645785911300,2,Other,Yes,NA,NA,NA,NA,NA,NA,NA,Misinformation is not attributed to an actor,Neutrality,The Tweet does not contain an authority reference,No,No,No,"News, information and misinformation",No,NA,NA,NA,NA,NA,NA,None,NA,Other,0,2020
1311923171914850300,4,Other,Yes,NA,NA,NA,NA,NA,NA,NA,Misinformation is not attributed to an actor,Neutrality,The Tweet does not contain an authority reference,No,No,No,"News, information and misinformation",No,"Government, politicians and international organizations",NA,NA,NA,Individuals or communities,NA,NA,NA,Other,0,2020
1258695305832300500,3,Accurate information,No,NA,NA,NA,NA,NA,NA,NA,NA,Positivity,The Tweet does not contain an authority reference,No,No,No,Spread and detection,No,NA,NA,NA,NA,Individuals or communities,NA,NA,NA,Other,0,2020
1247832835681144800,1,Accurate information,No,NA,NA,NA,NA,NA,NA,NA,NA,Negativity,The Tweet contains a specific authority reference,No,No,No,"Policies, prevention & societal and economic impact",No,"Government, politicians and international organizations",NA,NA,NA,NA,NA,NA,NA,Other,0,2020
1295246799054274600,4,Other,No,NA,NA,NA,NA,NA,NA,NA,NA,Neutrality,The Tweet does not contain an authority reference,No,No,No,"Policies, prevention & societal and economic impact",No,NA,NA,NA,NA,NA,NA,None,NA,Other,0,2020
1332276247439798300,1,Other,Yes,NA,NA,NA,NA,NA,NA,NA,Misinformation is not attributed to an actor,Negativity,The Tweet does not contain an authority reference,No,No,Yes,"Policies, prevention & societal and economic impact",No,"Government, politicians and international organizations",NA,NA,NA,NA,NA,NA,NA,Other,0,2020
1255756065276342300,3,Accurate information,Yes,NA,NA,NA,NA,NA,NA,NA,Misinformation is not attributed to an actor,Neutrality,The Tweet does not contain an authority reference,No,No,No,"News, information and misinformation",No,"Government, politicians and international organizations",NA,Media,NA,NA,NA,NA,NA,Other,0,2020
1323008879878430700,4,Accurate information,No,NA,NA,NA,NA,NA,NA,NA,NA,Neutrality,The Tweet does not contain an authority reference,No,No,No,Symptoms or characteristics of covid,No,NA,Health services,NA,NA,Individuals or communities,NA,NA,NA,Other,0,2020
146451060117513e4,2,Accurate information,No,NA,NA,NA,NA,NA,NA,NA,NA,Positivity,The Tweet does not contain an authority reference,No,No,No,"Policies, prevention & societal and economic impact",No,NA,NA,NA,NA,Individuals or communities,NA,NA,NA,Other,0,2021
1315174875389190100,1,Accurate information,No,NA,NA,NA,NA,NA,NA,NA,NA,Neutrality,The Tweet does not contain an authority reference,No,No,No,"Policies, prevention & societal and economic impact",No,NA,NA,NA,NA,NA,NA,None,NA,Other,0,2020
1371497737875824600,1,Misinformation,No,NA,NA,NA,NA,NA,NA,NA,NA,Neutrality,The Tweet does not contain an authority reference,No,No,No,Existence of covid,Yes,"Government, politicians and international organizations",NA,NA,NA,NA,NA,NA,NA,Misinformation,1,2021
1328652722405576700,2,Uncheckable claim,No,NA,NA,NA,NA,NA,NA,NA,NA,Negativity,The Tweet does not contain an authority reference,Yes,No,No,Vaccination,No,NA,NA,NA,NA,Individuals or communities,NA,NA,NA,Other,0,2020
1373766249159794700,3,Other,No,NA,NA,NA,NA,NA,NA,NA,NA,Negativity,The Tweet does not contain an authority reference,No,No,Yes,Severity of covid,No,NA,NA,NA,NA,NA,NA,None,NA,Other,0,2021
1267341682661486600,2,Accurate information,No,NA,NA,NA,NA,NA,NA,NA,NA,Neutrality,The Tweet does not contain an authority reference,No,No,No,Spread and detection,No,NA,NA,NA,NA,Individuals or communities,NA,NA,NA,Other,0,2020
1312496956963352600,4,Accurate information,Yes,NA,NA,NA,NA,NA,NA,NA,Misinformation is not attributed to an actor,Neutrality,The Tweet contains a specific authority reference,No,No,No,"News, information and misinformation",No,NA,NA,NA,NA,NA,NA,NA,University or scientific organization,Other,0,2020
1264931841364066300,1,Misinformation,No,NA,NA,NA,NA,NA,NA,NA,NA,Neutrality,The Tweet does not contain an authority reference,No,No,No,Spread and detection,No,NA,NA,NA,NA,NA,NA,None,NA,Misinformation,1,2020
1321347631910686700,4,Accurate information,No,NA,NA,NA,NA,NA,NA,NA,NA,Neutrality,The Tweet does not contain an authority reference,No,No,No,"Remedies for cure, treatment and prevention",No,NA,NA,NA,NA,NA,NA,NA,University or scientific organization,Other,0,2020
1257708824858964e3,3,Suggestive misinformation,No,NA,NA,NA,NA,NA,NA,NA,NA,Positivity,The Tweet does not contain an authority reference,No,No,No,"Remedies for cure, treatment and prevention",No,NA,Health services,Media,NA,NA,NA,NA,NA,Misinformation,1,2020
1267475974033215500,2,Misinformation,No,NA,NA,NA,NA,NA,NA,NA,NA,Negativity,The Tweet does not contain an authority reference,Yes,No,No,Existence of covid,Yes,NA,NA,NA,NA,NA,NA,None,NA,Misinformation,1,2020
1290767825234206700,4,Accurate information,No,NA,NA,NA,NA,NA,NA,NA,NA,Neutrality,The Tweet does not contain an authority reference,No,No,No,"News, information and misinformation",No,NA,NA,Media,Other major non-governmental actors,NA,NA,NA,University or scientific organization,Other,0,2020
1299254728908509200,4,Accurate information,No,NA,NA,NA,NA,NA,NA,NA,NA,Neutrality,The Tweet does not contain an authority reference,No,No,No,"News, information and misinformation",No,NA,NA,NA,NA,NA,NA,NA,University or scientific organization,Other,0,2020
1316050285597462500,4,Other,No,NA,NA,NA,NA,NA,NA,NA,NA,Neutrality,The Tweet does not contain an authority reference,No,No,No,Symptoms or characteristics of covid,No,NA,NA,NA,NA,Individuals or communities,NA,NA,NA,Other,0,2020
1309789073637343200,3,Accurate information,No,NA,NA,NA,NA,NA,NA,NA,NA,Negativity,The Tweet does not contain an authority reference,No,No,No,Symptoms or characteristics of covid,No,NA,NA,NA,NA,NA,NA,None,NA,Other,0,2020
1397716689056321500,1,Unable to classify,No,NA,NA,NA,NA,NA,NA,NA,NA,Neutrality,The Tweet does not contain an authority reference,No,No,No,"News, information and misinformation",No,NA,NA,NA,NA,Individuals or communities,NA,NA,NA,Other,0,2021
1372328307652497400,2,Misinformation,No,NA,NA,NA,NA,NA,NA,NA,NA,Neutrality,The Tweet does not contain an authority reference,No,No,No,Severity of covid,No,"Government, politicians and international organizations",NA,NA,NA,NA,NA,NA,NA,Misinformation,1,2021
1284540986836897800,1,Unable to classify,Yes,NA,NA,NA,NA,NA,NA,NA,Misinformation is not attributed to an actor,Neutrality,The Tweet does not contain an authority reference,No,No,No,"News, information and misinformation",No,NA,NA,NA,NA,Individuals or communities,NA,NA,NA,Other,0,2020
1251784212602069e3,2,Accurate information,No,NA,NA,NA,NA,NA,NA,NA,NA,Neutrality,The Tweet does not contain an authority reference,No,No,No,"Remedies for cure, treatment and prevention",No,NA,NA,NA,NA,NA,NA,None,NA,Other,0,2020
1332620384613650400,1,Accurate information,No,NA,NA,NA,NA,NA,NA,NA,NA,Neutrality,The Tweet does not contain an authority reference,No,No,No,"Remedies for cure, treatment and prevention",No,"Government, politicians and international organizations",NA,NA,NA,NA,NA,NA,NA,Other,0,2020
1240321319536918500,2,Accurate information,Yes,NA,NA,"A foreign politician, foreign government, international leader or international organization",NA,NA,NA,NA,NA,Neutrality,The Tweet does not contain an authority reference,No,No,No,"News, information and misinformation",No,"Government, politicians and international organizations",NA,NA,NA,NA,NA,NA,NA,Other,0,2020
1427967947373490200,1,Accurate information,Yes,NA,NA,NA,NA,NA,"An opinion leader or individual who is not a journalist, and not a part of a government, parliament, or a political party",Other actor,NA,Mixed,The Tweet does not contain an authority reference,No,No,Yes,"Policies, prevention & societal and economic impact",No,NA,NA,NA,Other major non-governmental actors,NA,NA,NA,NA,Other,0,2021
1337352013986861e3,2,Accurate information,Yes,NA,NA,NA,NA,NA,NA,NA,Misinformation is not attributed to an actor,Negativity,The Tweet does not contain an authority reference,No,No,No,"News, information and misinformation",No,"Government, politicians and international organizations",NA,NA,NA,NA,NA,NA,NA,Other,0,2020
1340759235840389e3,4,Misinformation,No,NA,NA,NA,NA,NA,NA,NA,NA,Neutrality,The Tweet does not contain an authority reference,No,No,No,Existence of covid,Yes,"Government, politicians and international organizations",NA,NA,Other major non-governmental actors,NA,NA,NA,NA,Misinformation,1,2020
1317929133746290700,1,Other,No,NA,NA,NA,NA,NA,NA,NA,NA,Neutrality,The Tweet does not contain an authority reference,No,No,No,"Policies, prevention & societal and economic impact",No,NA,NA,NA,NA,NA,NA,None,NA,Other,0,2020
1466184370998362e3,2,Misinformation,No,NA,NA,NA,NA,NA,NA,NA,NA,Neutrality,The Tweet does not contain an authority reference,No,No,No,Vaccination,No,NA,NA,NA,NA,Individuals or communities,NA,NA,NA,Misinformation,1,2021
1310515039447679e3,1,Other,No,NA,NA,NA,NA,NA,NA,NA,NA,Negativity,The Tweet does not contain an authority reference,Yes,No,No,Existence of covid,No,NA,NA,NA,Other major non-governmental actors,Individuals or communities,NA,NA,NA,Other,0,2020
1288437779735732200,1,Unable to classify,Yes,NA,NA,NA,NA,NA,NA,NA,Misinformation is not attributed to an actor,Neutrality,The Tweet does not contain an authority reference,No,No,No,"News, information and misinformation",No,NA,NA,NA,NA,NA,NA,None,NA,Other,0,2020
1314918544400887800,4,Other,No,NA,NA,NA,NA,NA,NA,NA,NA,Neutrality,The Tweet does not contain an authority reference,No,No,No,"Policies, prevention & societal and economic impact",No,NA,NA,NA,NA,NA,NA,None,NA,Other,0,2020
1337379630207168500,1,Accurate information,Yes,NA,NA,NA,NA,NA,NA,Other actor,NA,Neutrality,The Tweet does not contain an authority reference,No,No,No,"News, information and misinformation",No,NA,Health services,NA,NA,NA,NA,NA,NA,Other,0,2020
1234553569669517300,4,Misinformation,Yes,NA,NA,NA,NA,NA,"An opinion leader or individual who is not a journalist, and not a part of a government, parliament, or a political party",NA,NA,Neutrality,The Tweet does not contain an authority reference,No,Yes,No,"News, information and misinformation",No,NA,NA,NA,Other major non-governmental actors,NA,NA,NA,NA,Misinformation,1,2020
1386153889154670600,2,Accurate information,No,NA,NA,NA,NA,NA,NA,NA,NA,Neutrality,The Tweet contains a non-specific authority reference,No,No,No,Symptoms or characteristics of covid,No,NA,NA,NA,NA,Individuals or communities,NA,NA,NA,Other,0,2021
1252906437464010800,3,Uncheckable claim,No,NA,NA,NA,NA,NA,NA,NA,NA,Positivity,The Tweet does not contain an authority reference,No,No,No,"News, information and misinformation",No,"Government, politicians and international organizations",NA,NA,NA,NA,NA,NA,NA,Other,0,2020
1336574916372680700,4,Accurate information,Yes,NA,"The Dutch government, cabinet, a member of the Dutch cabinet or civil servant",NA,NA,NA,NA,NA,NA,Neutrality,The Tweet does not contain an authority reference,No,No,Yes,"News, information and misinformation",No,"Government, politicians and international organizations",NA,NA,NA,NA,NA,NA,NA,Other,0,2020
1424971380722970600,1,Misinformation,No,NA,NA,NA,NA,NA,NA,NA,NA,Neutrality,The Tweet does not contain an authority reference,No,No,No,Existence of covid,Yes,NA,NA,NA,NA,NA,NA,None,NA,Misinformation,1,2021
1432596391071715300,4,Other,No,NA,NA,NA,NA,NA,NA,NA,NA,Neutrality,The Tweet does not contain an authority reference,No,No,No,Spread and detection,No,NA,NA,NA,NA,NA,NA,None,NA,Other,0,2021
1380789668803969e3,3,Accurate information,No,NA,NA,NA,NA,NA,NA,NA,NA,Neutrality,The Tweet does not contain an authority reference,No,No,No,"Policies, prevention & societal and economic impact",No,"Government, politicians and international organizations",NA,NA,NA,NA,NA,NA,NA,Other,0,2021
1379366617902112800,4,Accurate information,No,NA,NA,NA,NA,NA,NA,NA,NA,Neutrality,The Tweet does not contain an authority reference,No,No,No,Symptoms or characteristics of covid,No,NA,NA,NA,NA,NA,NA,None,NA,Other,0,2021
1334224017830580200,2,Misinformation,Yes,NA,NA,NA,NA,NA,"An opinion leader or individual who is not a journalist, and not a part of a government, parliament, or a political party",NA,NA,Negativity,The Tweet does not contain an authority reference,No,No,No,Origin of covid,No,NA,NA,NA,Other major non-governmental actors,Individuals or communities,NA,NA,NA,Misinformation,1,2020
1445270113926713300,4,Accurate information,No,NA,NA,NA,NA,NA,NA,NA,NA,Neutrality,The Tweet does not contain an authority reference,No,No,No,Symptoms or characteristics of covid,No,NA,NA,NA,NA,NA,NA,None,NA,Other,0,2021
1243133793092825e3,1,Uncheckable claim,No,NA,NA,NA,NA,NA,NA,NA,NA,Mixed,The Tweet does not contain an authority reference,No,No,No,"Policies, prevention & societal and economic impact",No,NA,NA,NA,Other major non-governmental actors,NA,NA,NA,NA,Other,0,2020
1395285045556957200,4,Accurate information,Yes,NA,NA,NA,NA,NA,NA,NA,Misinformation is not attributed to an actor,Neutrality,The Tweet does not contain an authority reference,No,No,No,"News, information and misinformation",No,NA,NA,NA,NA,Individuals or communities,NA,NA,NA,Other,0,2021
1286712026023297e3,1,Uncheckable claim,Yes,NA,NA,NA,NA,NA,"An opinion leader or individual who is not a journalist, and not a part of a government, parliament, or a political party",NA,NA,Neutrality,The Tweet does not contain an authority reference,No,No,No,"News, information and misinformation",No,NA,NA,NA,Other major non-governmental actors,Individuals or communities,NA,NA,NA,Other,0,2020
1338442204046561300,1,Other,No,NA,NA,NA,NA,NA,NA,NA,NA,Neutrality,The Tweet does not contain an authority reference,No,No,No,"Policies, prevention & societal and economic impact",No,NA,NA,NA,NA,NA,NA,None,NA,Other,0,2020
1265008585228025900,3,Accurate information,No,NA,NA,NA,NA,NA,NA,NA,NA,Neutrality,The Tweet contains a specific authority reference,No,No,No,Vaccination,No,"Government, politicians and international organizations",NA,NA,NA,Individuals or communities,NA,NA,NA,Other,0,2020
1249230793924317200,4,Other,No,NA,NA,NA,NA,NA,NA,NA,NA,Neutrality,The Tweet does not contain an authority reference,No,No,No,"Policies, prevention & societal and economic impact",No,NA,NA,NA,NA,NA,NA,None,NA,Other,0,2020
1337319469383741400,4,Accurate information,No,NA,NA,NA,NA,NA,NA,NA,NA,Neutrality,The Tweet does not contain an authority reference,No,No,No,Vaccination,No,NA,Health services,NA,NA,NA,NA,NA,NA,Other,0,2020
1258086841846321200,2,Other,No,NA,NA,NA,NA,NA,NA,NA,NA,Neutrality,The Tweet does not contain an authority reference,No,No,No,"Policies, prevention & societal and economic impact",No,NA,NA,NA,NA,NA,NA,None,NA,Other,0,2020
1243087288705470500,4,Accurate information,No,NA,NA,NA,NA,NA,NA,NA,NA,Neutrality,The Tweet contains a specific authority reference,No,No,No,"Policies, prevention & societal and economic impact",No,NA,NA,NA,Other major non-governmental actors,NA,NA,NA,NA,Other,0,2020
1258303889591468e3,3,Accurate information,No,NA,NA,NA,NA,NA,NA,NA,NA,Neutrality,The Tweet does not contain an authority reference,No,No,No,Spread and detection,No,NA,NA,NA,NA,NA,NA,None,NA,Other,0,2020
1452885135154630700,3,Uncheckable claim,No,NA,NA,NA,NA,NA,NA,NA,NA,Neutrality,The Tweet does not contain an authority reference,No,No,No,Severity of covid,No,NA,NA,NA,NA,Individuals or communities,NA,NA,NA,Other,0,2021
1473003879373627400,4,Other,No,NA,NA,NA,NA,NA,NA,NA,NA,Neutrality,The Tweet does not contain an authority reference,No,No,No,"Policies, prevention & societal and economic impact",No,NA,NA,NA,NA,NA,NA,None,NA,Other,0,2021
1251815429439459300,1,Other,No,NA,NA,NA,NA,NA,NA,NA,NA,Neutrality,The Tweet does not contain an authority reference,No,No,No,"Policies, prevention & societal and economic impact",No,NA,NA,NA,NA,NA,NA,None,NA,Other,0,2020
1467598942137426e3,1,Misinformation,No,NA,NA,NA,NA,NA,NA,NA,NA,Neutrality,The Tweet contains a non-specific authority reference,No,No,No,"Remedies for cure, treatment and prevention",No,NA,NA,NA,NA,Individuals or communities,NA,NA,NA,Misinformation,1,2021
1471809081929347e3,1,Misinformation,No,NA,NA,NA,NA,NA,NA,NA,NA,Negativity,The Tweet does not contain an authority reference,No,No,No,Severity of covid,No,"Government, politicians and international organizations",Health services,NA,NA,Individuals or communities,NA,NA,NA,Misinformation,1,2021
130655789972079e4,1,Uncheckable claim,Yes,NA,NA,NA,NA,NA,NA,NA,Misinformation is not attributed to an actor,Negativity,The Tweet does not contain an authority reference,No,Yes,Yes,"News, information and misinformation",No,NA,NA,NA,Other major non-governmental actors,Individuals or communities,NA,NA,NA,Other,0,2020
128410722585045e4,3,Accurate information,No,NA,NA,NA,NA,NA,NA,NA,NA,Neutrality,The Tweet does not contain an authority reference,No,No,No,Spread and detection,No,NA,NA,NA,NA,Individuals or communities,NA,NA,NA,Other,0,2020
1418434652096934e3,1,Misinformation,No,NA,NA,NA,NA,NA,NA,NA,NA,Neutrality,The Tweet contains a non-specific authority reference,No,No,Yes,Vaccination,No,NA,NA,NA,NA,NA,NA,NA,University or scientific organization,Misinformation,1,2021
1358424148113059800,1,Misinformation,No,NA,NA,NA,NA,NA,NA,NA,NA,Neutrality,The Tweet does not contain an authority reference,No,No,No,Existence of covid,Yes,NA,NA,NA,NA,NA,NA,None,NA,Misinformation,1,2021
1251376627931586600,1,Accurate information,No,NA,NA,NA,NA,NA,NA,NA,NA,Neutrality,The Tweet does not contain an authority reference,No,No,No,"Remedies for cure, treatment and prevention",No,NA,NA,NA,NA,NA,NA,NA,University or scientific organization,Other,0,2020
1387305737269940200,3,Suggestive misinformation,Yes,NA,NA,NA,NA,NA,NA,NA,Misinformation is not attributed to an actor,Neutrality,The Tweet does not contain an authority reference,No,No,No,"News, information and misinformation",No,NA,NA,NA,NA,NA,NA,None,NA,Misinformation,1,2021
1395483650586816500,2,Uncheckable claim,Yes,NA,NA,"A foreign politician, foreign government, international leader or international organization",NA,NA,NA,NA,NA,Neutrality,The Tweet does not contain an authority reference,No,No,No,"News, information and misinformation",No,"Government, politicians and international organizations",NA,NA,NA,NA,NA,NA,NA,Other,0,2021
1321884619755659300,4,Accurate information,No,NA,NA,NA,NA,NA,NA,NA,NA,Neutrality,The Tweet does not contain an authority reference,No,No,No,"Remedies for cure, treatment and prevention",No,NA,NA,NA,NA,NA,NA,NA,University or scientific organization,Other,0,2020
1362824707452645400,1,Accurate information,No,NA,NA,NA,NA,NA,NA,NA,NA,Neutrality,The Tweet contains a non-specific authority reference,No,No,No,Symptoms or characteristics of covid,No,NA,NA,NA,NA,NA,NA,None,NA,Other,0,2021
1287368692238614500,3,Accurate information,No,NA,NA,NA,NA,NA,NA,NA,NA,Neutrality,The Tweet does not contain an authority reference,No,No,No,"Policies, prevention & societal and economic impact",No,"Government, politicians and international organizations",NA,NA,Other major non-governmental actors,NA,NA,NA,NA,Other,0,2020
1254473334802219e3,2,Other,Yes,NA,NA,NA,NA,NA,NA,NA,Misinformation is not attributed to an actor,Negativity,The Tweet does not contain an authority reference,No,No,No,"News, information and misinformation",No,"Government, politicians and international organizations",NA,NA,NA,NA,NA,NA,NA,Other,0,2020
1245332349367320600,3,Other,No,NA,NA,NA,NA,NA,NA,NA,NA,Positivity,The Tweet does not contain an authority reference,No,Yes,No,"Policies, prevention & societal and economic impact",No,NA,NA,NA,NA,NA,NA,None,NA,Other,0,2020
1440364234987110400,3,Accurate information,No,NA,NA,NA,NA,NA,NA,NA,NA,Neutrality,The Tweet does not contain an authority reference,No,No,No,Spread and detection,No,NA,NA,NA,NA,Individuals or communities,NA,NA,NA,Other,0,2021
1313346695300878300,3,Other,No,NA,NA,NA,NA,NA,NA,NA,NA,Neutrality,The Tweet contains a non-specific authority reference,No,No,No,Spread and detection,No,"Government, politicians and international organizations",NA,NA,NA,Individuals or communities,NA,NA,NA,Other,0,2020
1.2547321204901601e+18,1,Other,No,NA,NA,NA,NA,NA,NA,NA,NA,Negativity,The Tweet does not contain an authority reference,No,No,No,"Policies, prevention & societal and economic impact",No,"Government, politicians and international organizations",NA,NA,NA,NA,NA,NA,NA,Other,0,2020
1380813625871458300,2,Accurate information,No,NA,NA,NA,NA,NA,NA,NA,NA,Neutrality,The Tweet does not contain an authority reference,No,No,No,"Policies, prevention & societal and economic impact",No,NA,NA,NA,NA,Individuals or communities,NA,NA,NA,Other,0,2021
1440372834216202200,4,Accurate information,No,NA,NA,NA,NA,NA,NA,NA,NA,Neutrality,The Tweet does not contain an authority reference,No,No,No,Symptoms or characteristics of covid,No,"Government, politicians and international organizations",NA,NA,NA,NA,NA,NA,NA,Other,0,2021
1366688301520990200,4,Other,No,NA,NA,NA,NA,NA,NA,NA,NA,Neutrality,The Tweet does not contain an authority reference,No,No,No,Symptoms or characteristics of covid,No,NA,NA,NA,NA,Individuals or communities,NA,NA,NA,Other,0,2021
1255807618666250200,2,Accurate information,No,NA,NA,NA,NA,NA,NA,NA,NA,Neutrality,The Tweet does not contain an authority reference,No,No,No,"Policies, prevention & societal and economic impact",No,NA,NA,NA,Other major non-governmental actors,NA,NA,NA,University or scientific organization,Other,0,2020
1309908835675582500,1,Uncheckable claim,No,NA,NA,NA,NA,NA,NA,NA,NA,Neutrality,The Tweet contains a specific authority reference,No,No,No,"Remedies for cure, treatment and prevention",No,NA,NA,NA,NA,Individuals or communities,NA,NA,University or scientific organization,Other,0,2020
1352272908165513200,1,Misinformation,No,NA,NA,NA,NA,NA,NA,NA,NA,Neutrality,The Tweet does not contain an authority reference,No,No,No,"Policies, prevention & societal and economic impact",No,"Government, politicians and international organizations",NA,NA,NA,NA,NA,NA,NA,Misinformation,1,2021
1.3916634487660001e+18,1,Misinformation,No,NA,NA,NA,NA,NA,NA,NA,NA,Negativity,The Tweet does not contain an authority reference,No,No,No,Spread and detection,No,NA,NA,NA,NA,NA,NA,None,NA,Misinformation,1,2021
1295311959810814e3,2,Other,No,NA,NA,NA,NA,NA,NA,NA,NA,Neutrality,The Tweet does not contain an authority reference,No,No,No,"Policies, prevention & societal and economic impact",No,NA,NA,NA,NA,NA,NA,None,NA,Other,0,2020
129590333110639e4,2,Misinformation,No,NA,NA,NA,NA,NA,NA,NA,NA,Neutrality,The Tweet does not contain an authority reference,No,No,No,"Remedies for cure, treatment and prevention",No,NA,NA,NA,NA,NA,NA,None,NA,Misinformation,1,2020
1288113123736477700,2,Accurate information,Yes,NA,NA,"A foreign politician, foreign government, international leader or international organization",NA,NA,"An opinion leader or individual who is not a journalist, and not a part of a government, parliament, or a political party",NA,NA,Neutrality,The Tweet does not contain an authority reference,No,No,No,"News, information and misinformation",No,"Government, politicians and international organizations",NA,NA,Other major non-governmental actors,NA,NA,NA,NA,Other,0,2020
1480543516099059700,3,Accurate information,No,NA,NA,NA,NA,NA,NA,NA,NA,Neutrality,The Tweet does not contain an authority reference,No,No,No,Severity of covid,No,"Government, politicians and international organizations",NA,NA,NA,NA,NA,NA,NA,Other,0,2022
1296706155591471e3,3,Accurate information,No,NA,NA,NA,NA,NA,NA,NA,NA,Neutrality,The Tweet does not contain an authority reference,No,No,No,"News, information and misinformation",No,NA,NA,Media,NA,NA,NA,NA,NA,Other,0,2020
1337162551080128500,1,Accurate information,Yes,NA,NA,NA,NA,NA,NA,Other actor,NA,Neutrality,The Tweet does not contain an authority reference,No,No,No,"News, information and misinformation",No,NA,NA,NA,NA,Individuals or communities,NA,NA,NA,Other,0,2020
1314968711133106200,2,Other,No,NA,NA,NA,NA,NA,NA,NA,NA,Neutrality,The Tweet does not contain an authority reference,No,No,No,"Policies, prevention & societal and economic impact",No,NA,NA,NA,NA,NA,NA,None,NA,Other,0,2020
1255950817972101e3,4,Accurate information,No,NA,NA,NA,NA,NA,NA,NA,NA,Neutrality,The Tweet does not contain an authority reference,No,No,No,Symptoms or characteristics of covid,No,NA,NA,NA,NA,NA,NA,None,NA,Other,0,2020
1322323748230451200,3,Other,No,NA,NA,NA,NA,NA,NA,NA,NA,Neutrality,The Tweet does not contain an authority reference,No,No,No,"Policies, prevention & societal and economic impact",No,NA,NA,NA,NA,NA,NA,None,NA,Other,0,2020
1478446088529096700,2,Accurate information,No,NA,NA,NA,NA,NA,NA,NA,NA,Negativity,The Tweet contains a non-specific authority reference,No,No,Yes,Vaccination,No,NA,NA,NA,NA,Individuals or communities,NA,NA,University or scientific organization,Other,0,2022
1381992399933747200,1,Accurate information,No,NA,NA,NA,NA,NA,NA,NA,NA,Neutrality,The Tweet contains a specific authority reference,No,No,No,"Policies, prevention & societal and economic impact",No,"Government, politicians and international organizations",NA,NA,NA,Individuals or communities,NA,NA,NA,Other,0,2021
1479116581401608200,2,Accurate information,Yes,NA,NA,NA,NA,NA,NA,NA,Misinformation is not attributed to an actor,Neutrality,The Tweet contains a non-specific authority reference,No,No,No,"News, information and misinformation",No,NA,Health services,NA,NA,NA,NA,NA,NA,Other,0,2022
1454740583403171800,1,Other,Yes,NA,NA,NA,NA,NA,NA,Other actor,NA,Neutrality,The Tweet does not contain an authority reference,No,No,No,"News, information and misinformation",No,NA,NA,NA,Other major non-governmental actors,NA,NA,NA,NA,Other,0,2021
1254662951853850600,2,Accurate information,No,NA,NA,NA,NA,NA,NA,NA,NA,Neutrality,The Tweet contains a specific authority reference,No,No,No,Spread and detection,No,NA,NA,NA,NA,NA,NA,NA,University or scientific organization,Other,0,2020
1363755650833145900,2,Uncheckable claim,No,NA,NA,NA,NA,NA,NA,NA,NA,Positivity,The Tweet does not contain an authority reference,No,No,No,"Policies, prevention & societal and economic impact",No,NA,NA,NA,NA,NA,NA,None,NA,Other,0,2021
1236553875961909200,2,Misinformation,No,NA,NA,NA,NA,NA,NA,NA,NA,Neutrality,The Tweet does not contain an authority reference,No,No,No,"Remedies for cure, treatment and prevention",No,"Government, politicians and international organizations",NA,NA,NA,NA,NA,NA,NA,Misinformation,1,2020
1317043498638577700,1,Unable to classify,Yes,NA,NA,NA,NA,NA,NA,NA,Misinformation is not attributed to an actor,Neutrality,The Tweet does not contain an authority reference,No,No,No,"News, information and misinformation",No,NA,NA,NA,NA,NA,NA,None,NA,Other,0,2020
1295276709894393900,3,Other,No,NA,NA,NA,NA,NA,NA,NA,NA,Neutrality,The Tweet does not contain an authority reference,No,No,No,"Policies, prevention & societal and economic impact",No,NA,NA,NA,NA,NA,NA,None,NA,Other,0,2020
1240654194786394e3,2,Misinformation,No,NA,NA,NA,NA,NA,NA,NA,NA,Neutrality,The Tweet does not contain an authority reference,No,No,No,Existence of covid,No,"Government, politicians and international organizations",NA,NA,NA,NA,NA,NA,NA,Misinformation,1,2020
1478669239175291e3,2,Uncheckable claim,No,NA,NA,NA,NA,NA,NA,NA,NA,Neutrality,The Tweet does not contain an authority reference,No,No,No,Symptoms or characteristics of covid,No,NA,NA,NA,NA,NA,NA,None,NA,Other,0,2022
1329403033717969e3,2,Misinformation,No,NA,NA,NA,NA,NA,NA,NA,NA,Negativity,The Tweet does not contain an authority reference,No,No,No,Existence of covid,Yes,"Government, politicians and international organizations",NA,Media,NA,NA,NA,NA,NA,Misinformation,1,2020
1450373466071474200,1,Other,No,NA,NA,NA,NA,NA,NA,NA,NA,Neutrality,The Tweet does not contain an authority reference,No,No,No,"Policies, prevention & societal and economic impact",No,NA,NA,NA,NA,NA,NA,None,NA,Other,0,2021
1296779052502655e3,1,Accurate information,No,NA,NA,NA,NA,NA,NA,NA,NA,Neutrality,The Tweet does not contain an authority reference,No,No,No,"Policies, prevention & societal and economic impact",No,"Government, politicians and international organizations",NA,NA,NA,NA,NA,NA,NA,Other,0,2020
1292557865656422400,4,Other,No,NA,NA,NA,NA,NA,NA,NA,NA,Neutrality,The Tweet does not contain an authority reference,No,No,No,Existence of covid,No,NA,NA,Media,NA,NA,NA,NA,NA,Other,0,2020
1438050631676219400,3,Misinformation,No,NA,NA,NA,NA,NA,NA,NA,NA,Negativity,The Tweet does not contain an authority reference,No,No,No,Vaccination,No,NA,NA,NA,NA,NA,NA,None,NA,Misinformation,1,2021
1322136001523945500,1,Other,Yes,NA,NA,NA,NA,NA,NA,NA,Misinformation is not attributed to an actor,Negativity,The Tweet does not contain an authority reference,No,No,No,"News, information and misinformation",No,NA,NA,NA,NA,Individuals or communities,NA,NA,NA,Other,0,2020
135799252274475e4,3,Accurate information,No,NA,NA,NA,NA,NA,NA,NA,NA,Neutrality,The Tweet does not contain an authority reference,No,No,No,Spread and detection,No,NA,NA,Media,Other major non-governmental actors,NA,NA,NA,NA,Other,0,2021
1314674982123962400,3,Other,No,NA,NA,NA,NA,NA,NA,NA,NA,Neutrality,The Tweet does not contain an authority reference,No,No,No,"Policies, prevention & societal and economic impact",No,NA,NA,NA,NA,NA,NA,None,NA,Other,0,2020
1385689206920564700,3,Uncheckable claim,No,NA,NA,NA,NA,NA,NA,NA,NA,Neutrality,The Tweet does not contain an authority reference,No,No,No,"Remedies for cure, treatment and prevention",No,NA,NA,NA,NA,Individuals or communities,NA,NA,NA,Other,0,2021
1385701183533191200,1,Misinformation,No,NA,NA,NA,NA,NA,NA,NA,NA,Negativity,The Tweet contains a specific authority reference,Yes,No,No,Severity of covid,No,"Government, politicians and international organizations",Health services,NA,NA,Individuals or communities,NA,NA,NA,Misinformation,1,2021
1361699030968e6,4,Other,No,NA,NA,NA,NA,NA,NA,NA,NA,Neutrality,The Tweet does not contain an authority reference,No,No,No,Symptoms or characteristics of covid,No,NA,NA,NA,NA,Individuals or communities,NA,NA,NA,Other,0,2021
1422627001148584e3,4,Accurate information,No,NA,NA,NA,NA,NA,NA,NA,NA,Negativity,The Tweet does not contain an authority reference,No,No,No,"Policies, prevention & societal and economic impact",No,NA,NA,NA,Other major non-governmental actors,NA,NA,NA,NA,Other,0,2021
1450107434857554e3,2,Misinformation,No,NA,NA,NA,NA,NA,NA,NA,NA,Neutrality,The Tweet does not contain an authority reference,No,No,No,Spread and detection,No,NA,NA,Media,Other major non-governmental actors,NA,NA,NA,NA,Misinformation,1,2021
1260165504779587600,3,Accurate information,Yes,NA,NA,NA,NA,NA,NA,NA,Misinformation is not attributed to an actor,Neutrality,The Tweet does not contain an authority reference,No,No,No,"News, information and misinformation",No,NA,NA,Media,Other major non-governmental actors,NA,NA,NA,NA,Other,0,2020
1330065127295553500,1,Accurate information,No,NA,NA,NA,NA,NA,NA,NA,NA,Neutrality,The Tweet does not contain an authority reference,No,No,No,Vaccination,No,NA,NA,NA,NA,NA,NA,None,NA,Other,0,2020
1255448067526086700,2,Other,No,NA,NA,NA,NA,NA,NA,NA,NA,Neutrality,The Tweet does not contain an authority reference,No,Yes,No,Spread and detection,No,NA,NA,NA,NA,NA,NA,None,NA,Other,0,2020
1350082149110657e3,4,Misinformation,No,NA,NA,NA,NA,NA,NA,NA,NA,Negativity,The Tweet does not contain an authority reference,No,No,Yes,Vaccination,No,NA,NA,NA,NA,Individuals or communities,NA,NA,NA,Misinformation,1,2021
1315269321321570300,3,Other,No,NA,NA,NA,NA,NA,NA,NA,NA,Neutrality,The Tweet does not contain an authority reference,No,No,No,"Policies, prevention & societal and economic impact",No,NA,NA,NA,NA,NA,NA,None,NA,Other,0,2020
1416127630919753700,1,Misinformation,Yes,NA,NA,NA,A mainstream media outlet or journalist working in the mainstream media,NA,NA,NA,NA,Neutrality,The Tweet contains a specific authority reference,No,No,No,"News, information and misinformation",No,NA,NA,Media,NA,Individuals or communities,NA,NA,NA,Misinformation,1,2021
1337288090621272e3,2,Accurate information,Yes,NA,NA,NA,NA,NA,NA,NA,Misinformation is not attributed to an actor,Neutrality,The Tweet does not contain an authority reference,No,No,No,"News, information and misinformation",No,NA,Health services,NA,NA,NA,NA,NA,NA,Other,0,2020
1261322750037241900,4,Accurate information,No,NA,NA,NA,NA,NA,NA,NA,NA,Neutrality,The Tweet does not contain an authority reference,No,No,No,"Policies, prevention & societal and economic impact",No,"Government, politicians and international organizations",NA,NA,NA,NA,NA,NA,NA,Other,0,2020
1350935976953180200,2,Other,No,NA,NA,NA,NA,NA,NA,NA,NA,Neutrality,The Tweet does not contain an authority reference,No,No,No,Other,No,NA,Health services,NA,NA,NA,NA,NA,NA,Other,0,2021
1314987220047143e3,1,Other,No,NA,NA,NA,NA,NA,NA,NA,NA,Neutrality,The Tweet does not contain an authority reference,No,No,No,"Policies, prevention & societal and economic impact",No,NA,NA,NA,NA,NA,NA,None,NA,Other,0,2020
1298128631181594600,3,Accurate information,No,NA,NA,NA,NA,NA,NA,NA,NA,Neutrality,The Tweet contains a specific authority reference,No,No,No,Spread and detection,No,"Government, politicians and international organizations",NA,NA,NA,Individuals or communities,NA,NA,NA,Other,0,2020
1241999870921027600,2,Other,Yes,NA,NA,NA,NA,NA,NA,NA,Misinformation is not attributed to an actor,Neutrality,The Tweet does not contain an authority reference,No,No,No,"News, information and misinformation",No,NA,NA,NA,NA,NA,NA,None,NA,Other,0,2020
1321728982837039e3,4,Accurate information,No,NA,NA,NA,NA,NA,NA,NA,NA,Neutrality,The Tweet does not contain an authority reference,No,No,No,"Remedies for cure, treatment and prevention",No,NA,NA,NA,NA,NA,NA,NA,University or scientific organization,Other,0,2020
1367056483448463400,1,Accurate information,No,NA,NA,NA,NA,NA,NA,NA,NA,Neutrality,The Tweet does not contain an authority reference,No,No,No,"Remedies for cure, treatment and prevention",No,NA,NA,NA,NA,NA,NA,None,NA,Other,0,2021
1364867179355717600,2,Accurate information,Yes,NA,NA,NA,NA,NA,"An opinion leader or individual who is not a journalist, and not a part of a government, parliament, or a political party",NA,NA,Neutrality,The Tweet does not contain an authority reference,No,No,No,Vaccination,No,"Government, politicians and international organizations",Health services,NA,NA,NA,NA,NA,NA,Other,0,2021
1356718315108925400,1,Misinformation,Yes,NA,NA,NA,A mainstream media outlet or journalist working in the mainstream media,NA,NA,NA,NA,Neutrality,The Tweet does not contain an authority reference,No,No,No,"Policies, prevention & societal and economic impact",No,NA,NA,Media,NA,Individuals or communities,NA,NA,NA,Misinformation,1,2021
1352257962425909200,2,Accurate information,Yes,NA,NA,NA,NA,NA,"An opinion leader or individual who is not a journalist, and not a part of a government, parliament, or a political party",NA,NA,Negativity,The Tweet contains a specific authority reference,No,No,No,"News, information and misinformation",No,NA,Health services,Media,NA,NA,NA,NA,NA,Other,0,2021
1296714552764244e3,1,Accurate information,Yes,NA,NA,NA,NA,NA,"An opinion leader or individual who is not a journalist, and not a part of a government, parliament, or a political party",NA,NA,Neutrality,The Tweet does not contain an authority reference,No,No,No,"News, information and misinformation",No,NA,NA,NA,NA,Individuals or communities,NA,NA,NA,Other,0,2020
1476337634725277700,2,Uncheckable claim,No,NA,NA,NA,NA,NA,NA,NA,NA,Negativity,The Tweet does not contain an authority reference,No,No,No,Existence of covid,No,"Government, politicians and international organizations",Health services,NA,NA,NA,NA,NA,NA,Other,0,2021
1466086061545857e3,3,Accurate information,Yes,NA,"The Dutch government, cabinet, a member of the Dutch cabinet or civil servant",NA,NA,NA,NA,NA,NA,Mixed,The Tweet does not contain an authority reference,No,No,No,"News, information and misinformation",No,"Government, politicians and international organizations",NA,NA,NA,NA,NA,NA,NA,Other,0,2021
1306495249125126100,4,Accurate information,No,NA,NA,NA,NA,NA,NA,NA,NA,Neutrality,The Tweet does not contain an authority reference,No,No,No,"Policies, prevention & societal and economic impact",No,"Government, politicians and international organizations",NA,NA,Other major non-governmental actors,NA,NA,NA,NA,Other,0,2020
1448323358597259300,4,Misinformation,No,NA,NA,NA,NA,NA,NA,NA,NA,Neutrality,The Tweet contains a non-specific authority reference,No,No,No,Symptoms or characteristics of covid,No,NA,NA,NA,NA,NA,NA,None,NA,Misinformation,1,2021
1263805708006559700,4,Accurate information,No,NA,NA,NA,NA,NA,NA,NA,NA,Neutrality,The Tweet does not contain an authority reference,No,No,No,Symptoms or characteristics of covid,No,NA,NA,NA,NA,Individuals or communities,NA,NA,NA,Other,0,2020
1351284111621685200,1,Accurate information,No,NA,NA,NA,NA,NA,NA,NA,NA,Neutrality,The Tweet does not contain an authority reference,No,No,No,"Policies, prevention & societal and economic impact",No,NA,NA,NA,NA,Individuals or communities,NA,NA,NA,Other,0,2021
1258064425858347e3,3,Accurate information,No,NA,NA,NA,NA,NA,NA,NA,NA,Negativity,The Tweet does not contain an authority reference,No,No,No,"Policies, prevention & societal and economic impact",No,NA,NA,NA,Other major non-governmental actors,Individuals or communities,NA,NA,NA,Other,0,2020
1300821739463729200,1,Accurate information,No,NA,NA,NA,NA,NA,NA,NA,NA,Neutrality,The Tweet does not contain an authority reference,No,No,No,"Policies, prevention & societal and economic impact",No,"Government, politicians and international organizations",NA,NA,NA,NA,NA,NA,NA,Other,0,2020
1323049108966428700,1,Other,No,NA,NA,NA,NA,NA,NA,NA,NA,Neutrality,The Tweet does not contain an authority reference,No,No,No,"Policies, prevention & societal and economic impact",No,NA,NA,NA,NA,NA,NA,None,NA,Other,0,2020
1.4806545098944799e+18,3,Misinformation,No,NA,NA,NA,NA,NA,NA,NA,NA,Negativity,The Tweet does not contain an authority reference,Yes,Yes,No,Severity of covid,No,"Government, politicians and international organizations",NA,NA,NA,Individuals or communities,NA,NA,NA,Misinformation,1,2022
1378335224677929e3,4,Other,No,NA,NA,NA,NA,NA,NA,NA,NA,Neutrality,The Tweet does not contain an authority reference,No,No,No,"Policies, prevention & societal and economic impact",No,"Government, politicians and international organizations",NA,NA,NA,NA,NA,NA,NA,Other,0,2021
1459460300785152e3,4,Other,No,NA,NA,NA,NA,NA,NA,NA,NA,Neutrality,The Tweet does not contain an authority reference,No,No,No,"Policies, prevention & societal and economic impact",No,NA,NA,NA,NA,NA,NA,None,NA,Other,0,2021
1453744416280219600,1,Misinformation,No,NA,NA,NA,NA,NA,NA,NA,NA,Negativity,The Tweet does not contain an authority reference,Yes,No,No,"Policies, prevention & societal and economic impact",No,"Government, politicians and international organizations",NA,NA,NA,NA,NA,NA,NA,Misinformation,1,2021
1470654984366796800,4,Accurate information,No,NA,NA,NA,NA,NA,NA,NA,NA,Neutrality,The Tweet contains a non-specific authority reference,No,No,No,Symptoms or characteristics of covid,No,NA,NA,NA,NA,Individuals or communities,NA,NA,NA,Other,0,2021
1255872615551508500,3,Misinformation,No,NA,NA,NA,NA,NA,NA,NA,NA,Neutrality,The Tweet does not contain an authority reference,No,No,No,Spread and detection,No,NA,NA,NA,NA,NA,NA,None,NA,Misinformation,1,2020
1337316429977235500,4,Other,No,NA,NA,NA,NA,NA,NA,NA,NA,Neutrality,The Tweet does not contain an authority reference,No,No,No,Severity of covid,No,NA,NA,NA,NA,Individuals or communities,NA,NA,NA,Other,0,2020
1255859977337606100,1,Accurate information,Yes,NA,NA,"A foreign politician, foreign government, international leader or international organization",NA,NA,NA,NA,NA,Neutrality,The Tweet does not contain an authority reference,No,No,No,"News, information and misinformation",No,"Government, politicians and international organizations",NA,NA,NA,NA,NA,NA,NA,Other,0,2020
1335292867695300600,2,Misinformation,No,NA,NA,NA,NA,NA,NA,NA,NA,Neutrality,The Tweet does not contain an authority reference,No,No,No,Vaccination,No,NA,NA,NA,NA,NA,NA,None,NA,Misinformation,1,2020
1240239191725871e3,3,Accurate information,No,NA,NA,NA,NA,NA,NA,NA,NA,Neutrality,The Tweet does not contain an authority reference,No,No,No,Spread and detection,No,NA,Health services,NA,NA,NA,NA,NA,NA,Other,0,2020
1343668509839077400,4,Accurate information,No,NA,NA,NA,NA,NA,NA,NA,NA,Neutrality,The Tweet contains a non-specific authority reference,No,No,No,Symptoms or characteristics of covid,No,NA,NA,NA,NA,NA,NA,NA,University or scientific organization,Other,0,2020
1459858373927739400,4,Accurate information,Yes,NA,NA,NA,NA,NA,NA,NA,Misinformation is not attributed to an actor,Neutrality,The Tweet does not contain an authority reference,No,No,No,"News, information and misinformation",No,"Government, politicians and international organizations",Health services,NA,Other major non-governmental actors,NA,NA,NA,NA,Other,0,2021
1301946699770982400,4,Accurate information,No,NA,NA,NA,NA,NA,NA,NA,NA,Negativity,The Tweet contains a specific authority reference,No,No,No,Symptoms or characteristics of covid,No,NA,Health services,NA,NA,Individuals or communities,NA,NA,NA,Other,0,2020
1349329454796042200,2,Other,Yes,NA,NA,NA,NA,NA,NA,NA,Misinformation is not attributed to an actor,Neutrality,The Tweet does not contain an authority reference,No,No,No,"News, information and misinformation",No,NA,NA,NA,NA,NA,NA,None,NA,Other,0,2021
1445361889660313600,2,Other,No,NA,NA,NA,NA,NA,NA,NA,NA,Neutrality,The Tweet does not contain an authority reference,No,No,No,Symptoms or characteristics of covid,No,NA,NA,NA,NA,NA,NA,None,NA,Other,0,2021
1257559143843594200,3,Other,No,NA,NA,NA,NA,NA,NA,NA,NA,Neutrality,The Tweet does not contain an authority reference,No,No,No,"Policies, prevention & societal and economic impact",No,NA,NA,NA,NA,NA,NA,None,NA,Other,0,2020
1295401865178419200,3,Other,No,NA,NA,NA,NA,NA,NA,NA,NA,Neutrality,The Tweet does not contain an authority reference,No,No,No,"Policies, prevention & societal and economic impact",No,NA,NA,NA,NA,NA,NA,None,NA,Other,0,2020
1.3835024769810719e+18,4,Other,No,NA,NA,NA,NA,NA,NA,NA,NA,Neutrality,The Tweet does not contain an authority reference,No,No,No,Spread and detection,No,"Government, politicians and international organizations",NA,NA,NA,NA,NA,NA,NA,Other,0,2021
1265721635392364500,3,Misinformation,No,NA,NA,NA,NA,NA,NA,NA,NA,Mixed,The Tweet contains a specific authority reference,No,No,No,Spread and detection,No,NA,NA,NA,NA,NA,NA,NA,University or scientific organization,Misinformation,1,2020
1433392579895349200,4,Other,No,NA,NA,NA,NA,NA,NA,NA,NA,Neutrality,The Tweet does not contain an authority reference,No,No,No,Severity of covid,No,NA,NA,NA,NA,NA,NA,None,NA,Other,0,2021
1382322800971681800,2,Other,No,NA,NA,NA,NA,NA,NA,NA,NA,Positivity,The Tweet does not contain an authority reference,No,No,No,Spread and detection,No,NA,NA,NA,NA,Individuals or communities,NA,NA,NA,Other,0,2021
1386964111766982700,2,Misinformation,No,NA,NA,NA,NA,NA,NA,NA,NA,Neutrality,The Tweet does not contain an authority reference,No,No,No,Existence of covid,Yes,NA,NA,NA,NA,NA,NA,None,NA,Misinformation,1,2021
1436295600996339700,3,Misinformation,Yes,NA,NA,NA,A mainstream media outlet or journalist working in the mainstream media,NA,NA,NA,NA,Neutrality,The Tweet contains a specific authority reference,No,No,No,"News, information and misinformation",No,NA,NA,Media,NA,NA,NA,NA,NA,Misinformation,1,2021
1486486947925303300,1,Accurate information,Yes,NA,NA,NA,NA,NA,"An opinion leader or individual who is not a journalist, and not a part of a government, parliament, or a political party",NA,NA,Neutrality,The Tweet does not contain an authority reference,No,No,No,"News, information and misinformation",No,NA,NA,NA,Other major non-governmental actors,NA,NA,NA,NA,Other,0,2022
1267345186398535700,4,Other,No,NA,NA,NA,NA,NA,NA,NA,NA,Neutrality,The Tweet does not contain an authority reference,No,No,No,Symptoms or characteristics of covid,No,NA,Health services,NA,NA,Individuals or communities,NA,NA,NA,Other,0,2020
1295438848445624300,4,Other,No,NA,NA,NA,NA,NA,NA,NA,NA,Neutrality,The Tweet does not contain an authority reference,No,No,No,"Policies, prevention & societal and economic impact",No,NA,NA,NA,NA,NA,NA,None,NA,Other,0,2020
1339853546859204600,1,Misinformation,No,NA,NA,NA,NA,NA,NA,NA,NA,Negativity,The Tweet does not contain an authority reference,Yes,No,No,Severity of covid,Yes,"Government, politicians and international organizations",NA,NA,NA,Individuals or communities,NA,NA,NA,Misinformation,1,2020
1474774166935122e3,1,Accurate information,No,NA,NA,NA,NA,NA,NA,NA,NA,Neutrality,The Tweet does not contain an authority reference,No,No,No,Spread and detection,No,NA,NA,NA,NA,NA,NA,None,NA,Other,0,2021
1239637381633974300,4,Other,Yes,NA,NA,NA,NA,NA,NA,NA,Misinformation is not attributed to an actor,Neutrality,The Tweet contains a specific authority reference,No,No,No,"News, information and misinformation",No,NA,NA,NA,Other major non-governmental actors,NA,NA,NA,NA,Other,0,2020
1301044952235868200,1,Accurate information,No,NA,NA,NA,NA,NA,NA,NA,NA,Negativity,The Tweet does not contain an authority reference,No,No,No,Other,No,NA,NA,NA,Other major non-governmental actors,NA,NA,NA,NA,Other,0,2020
1452994993736589300,3,Accurate information,No,NA,NA,NA,NA,NA,NA,NA,NA,Neutrality,The Tweet does not contain an authority reference,No,No,No,Spread and detection,No,NA,NA,NA,Other major non-governmental actors,Individuals or communities,NA,NA,NA,Other,0,2021
1420445540454748200,1,Unable to classify,Yes,NA,NA,NA,NA,NA,NA,NA,Misinformation is not attributed to an actor,Negativity,The Tweet does not contain an authority reference,No,No,No,Vaccination,No,NA,NA,NA,NA,NA,NA,None,NA,Other,0,2021
1245731216604758e3,2,Accurate information,No,NA,NA,NA,NA,NA,NA,NA,NA,Neutrality,The Tweet does not contain an authority reference,No,No,No,"Policies, prevention & societal and economic impact",No,NA,NA,NA,NA,Individuals or communities,NA,NA,NA,Other,0,2020
1344981487117103e3,4,Accurate information,No,NA,NA,NA,NA,NA,NA,NA,NA,Neutrality,The Tweet does not contain an authority reference,No,No,No,Symptoms or characteristics of covid,No,NA,NA,NA,NA,Individuals or communities,NA,NA,NA,Other,0,2021
1477410410261360600,4,Other,Yes,NA,NA,NA,NA,NA,NA,NA,Misinformation is not attributed to an actor,Neutrality,The Tweet does not contain an authority reference,No,No,No,"News, information and misinformation",No,NA,NA,NA,NA,NA,NA,None,NA,Other,0,2022
1254121514703691800,4,Other,No,NA,NA,NA,NA,NA,NA,NA,NA,Neutrality,The Tweet contains a specific authority reference,No,No,No,"Policies, prevention & societal and economic impact",No,NA,NA,Media,NA,Individuals or communities,NA,NA,University or scientific organization,Other,0,2020
1249083503490326500,2,Uncheckable claim,No,NA,NA,NA,NA,NA,NA,NA,NA,Neutrality,The Tweet does not contain an authority reference,Yes,No,No,Existence of covid,Yes,NA,NA,NA,NA,Individuals or communities,NA,NA,NA,Other,0,2020
1369008079539429400,2,Accurate information,Yes,A Dutch politician (not seated in the Dutch cabinet),NA,NA,NA,NA,NA,NA,NA,Neutrality,The Tweet does not contain an authority reference,No,No,No,"News, information and misinformation",No,"Government, politicians and international organizations",NA,NA,NA,NA,NA,NA,NA,Other,0,2021
1307604431404372e3,1,Misinformation,No,NA,NA,NA,NA,NA,NA,NA,NA,Neutrality,The Tweet contains a non-specific authority reference,No,No,No,Existence of covid,Yes,NA,NA,NA,NA,NA,NA,None,NA,Misinformation,1,2020
1382351664917663700,1,Uncheckable claim,No,NA,NA,NA,NA,NA,NA,NA,NA,Negativity,The Tweet does not contain an authority reference,No,No,No,Vaccination,No,NA,NA,NA,NA,Individuals or communities,NA,NA,NA,Other,0,2021
1374097186095517700,3,Misinformation,No,NA,NA,NA,NA,NA,NA,NA,NA,Positivity,The Tweet does not contain an authority reference,No,No,No,"Remedies for cure, treatment and prevention",No,NA,NA,NA,Other major non-governmental actors,NA,NA,NA,NA,Misinformation,1,2021
1259599567345066e3,3,Accurate information,No,NA,NA,NA,NA,NA,NA,NA,NA,Neutrality,The Tweet does not contain an authority reference,No,No,No,"Policies, prevention & societal and economic impact",No,NA,Health services,NA,NA,NA,NA,NA,NA,Other,0,2020
1484782742017560600,1,Uncheckable claim,No,NA,NA,NA,NA,NA,NA,NA,NA,Neutrality,The Tweet does not contain an authority reference,No,No,No,Spread and detection,No,NA,NA,NA,NA,Individuals or communities,NA,NA,NA,Other,0,2022
1464898130059702300,2,Misinformation,No,NA,NA,NA,NA,NA,NA,NA,NA,Neutrality,The Tweet contains a non-specific authority reference,No,No,No,Vaccination,No,NA,NA,NA,Other major non-governmental actors,Individuals or communities,NA,NA,NA,Misinformation,1,2021
1314781686606028800,3,Other,No,NA,NA,NA,NA,NA,NA,NA,NA,Neutrality,The Tweet does not contain an authority reference,No,No,No,"Policies, prevention & societal and economic impact",No,NA,NA,NA,NA,NA,NA,None,NA,Other,0,2020
1237672067023212500,2,Uncheckable claim,No,NA,NA,NA,NA,NA,NA,NA,NA,Neutrality,The Tweet does not contain an authority reference,No,No,No,"Policies, prevention & societal and economic impact",No,"Government, politicians and international organizations",NA,NA,NA,NA,NA,NA,NA,Other,0,2020
1264910426048991200,2,Uncheckable claim,No,NA,NA,NA,NA,NA,NA,NA,NA,Neutrality,The Tweet does not contain an authority reference,No,No,No,"Remedies for cure, treatment and prevention",No,NA,Health services,NA,NA,NA,NA,NA,NA,Other,0,2020
1239573497627783200,3,Accurate information,Yes,NA,NA,NA,NA,NA,NA,NA,Misinformation is not attributed to an actor,Neutrality,The Tweet contains a specific authority reference,No,No,No,"News, information and misinformation",No,NA,NA,NA,NA,NA,NA,NA,University or scientific organization,Other,0,2020
1321533231305547800,1,Other,No,NA,NA,NA,NA,NA,NA,NA,NA,Neutrality,The Tweet does not contain an authority reference,No,No,No,Spread and detection,No,"Government, politicians and international organizations",NA,Media,NA,Individuals or communities,NA,NA,University or scientific organization,Other,0,2020
1235288964845768700,2,Accurate information,No,NA,NA,NA,NA,NA,NA,NA,NA,Positivity,The Tweet does not contain an authority reference,No,No,No,Severity of covid,No,NA,NA,NA,NA,NA,NA,None,NA,Other,0,2020
1292392031004889e3,3,Other,No,NA,NA,NA,NA,NA,NA,NA,NA,Neutrality,The Tweet does not contain an authority reference,No,No,No,"Policies, prevention & societal and economic impact",No,NA,NA,NA,NA,NA,NA,None,NA,Other,0,2020
1457334593728692200,4,Other,Yes,NA,NA,NA,NA,NA,NA,NA,Misinformation is not attributed to an actor,Neutrality,The Tweet does not contain an authority reference,No,No,No,"News, information and misinformation",No,NA,NA,NA,NA,NA,NA,None,NA,Other,0,2021
1242721472629612500,4,Accurate information,No,NA,NA,NA,NA,NA,NA,NA,NA,Neutrality,The Tweet does not contain an authority reference,No,No,No,Symptoms or characteristics of covid,No,"Government, politicians and international organizations",NA,NA,NA,Individuals or communities,NA,NA,NA,Other,0,2020
1452972681456926700,1,Other,Yes,NA,NA,NA,NA,NA,NA,NA,Misinformation is not attributed to an actor,Negativity,The Tweet does not contain an authority reference,No,Yes,No,"News, information and misinformation",No,NA,NA,NA,NA,NA,NA,None,NA,Other,0,2021
132639016148002e4,2,Accurate information,No,NA,NA,NA,NA,NA,NA,NA,NA,Neutrality,The Tweet does not contain an authority reference,No,No,No,Spread and detection,No,NA,NA,NA,NA,Individuals or communities,NA,NA,NA,Other,0,2020
1317524617825816600,4,Suggestive misinformation,No,NA,NA,NA,NA,NA,NA,NA,NA,Neutrality,The Tweet does not contain an authority reference,No,No,No,Spread and detection,No,NA,NA,NA,NA,NA,NA,None,NA,Misinformation,1,2020
1301491965666750500,2,Misinformation,No,NA,NA,NA,NA,NA,NA,NA,NA,Neutrality,The Tweet does not contain an authority reference,No,No,No,Existence of covid,Yes,NA,NA,NA,Other major non-governmental actors,Individuals or communities,NA,NA,NA,Misinformation,1,2020
1351429450529865700,4,Accurate information,No,NA,NA,NA,NA,NA,NA,NA,NA,Neutrality,The Tweet does not contain an authority reference,No,No,No,Vaccination,No,NA,NA,NA,NA,Individuals or communities,NA,NA,NA,Other,0,2021
1295262861615407e3,3,Other,No,NA,NA,NA,NA,NA,NA,NA,NA,Neutrality,The Tweet does not contain an authority reference,No,No,No,"Policies, prevention & societal and economic impact",No,NA,NA,NA,NA,NA,NA,None,NA,Other,0,2020
1455204952662585300,4,Other,No,NA,NA,NA,NA,NA,NA,NA,NA,Neutrality,The Tweet does not contain an authority reference,No,No,No,Vaccination,No,NA,NA,NA,NA,NA,NA,None,NA,Other,0,2021
1359669647365333e3,1,Misinformation,No,NA,NA,NA,NA,NA,NA,NA,NA,Neutrality,The Tweet does not contain an authority reference,No,No,No,Existence of covid,Yes,NA,NA,NA,NA,NA,NA,None,NA,Misinformation,1,2021
1337729430643503e3,2,Accurate information,Yes,NA,NA,NA,NA,NA,NA,NA,Misinformation is not attributed to an actor,Neutrality,The Tweet does not contain an authority reference,No,No,No,"News, information and misinformation",No,NA,Health services,NA,NA,NA,NA,NA,NA,Other,0,2020
1346427520598630400,4,Accurate information,No,NA,NA,NA,NA,NA,NA,NA,NA,Neutrality,The Tweet contains a specific authority reference,No,No,No,"Policies, prevention & societal and economic impact",No,"Government, politicians and international organizations",NA,NA,NA,NA,NA,NA,NA,Other,0,2021
1249033924057223200,1,Other,No,NA,NA,NA,NA,NA,NA,NA,NA,Neutrality,The Tweet does not contain an authority reference,No,No,No,Symptoms or characteristics of covid,No,NA,NA,NA,NA,NA,NA,None,NA,Other,0,2020
1342047722577289200,2,Misinformation,No,NA,NA,NA,NA,NA,NA,NA,NA,Neutrality,The Tweet does not contain an authority reference,No,No,No,Severity of covid,No,NA,NA,NA,NA,Individuals or communities,NA,NA,NA,Misinformation,1,2020
1242794616497344500,1,Other,Yes,NA,NA,NA,NA,NA,NA,NA,Misinformation is not attributed to an actor,Neutrality,The Tweet does not contain an authority reference,No,No,No,"News, information and misinformation",No,NA,NA,Media,NA,NA,NA,NA,NA,Other,0,2020
1417968387679047700,4,Misinformation,No,NA,NA,NA,NA,NA,NA,NA,NA,Negativity,The Tweet does not contain an authority reference,No,No,Yes,Existence of covid,Yes,NA,NA,NA,NA,NA,NA,None,NA,Misinformation,1,2021
1381600715286712300,4,Other,No,NA,NA,NA,NA,NA,NA,NA,NA,Neutrality,The Tweet does not contain an authority reference,No,No,No,"News, information and misinformation",No,NA,NA,NA,NA,NA,NA,None,NA,Other,0,2021
1250011448035680300,2,Uncheckable claim,No,NA,NA,NA,NA,NA,NA,NA,NA,Positivity,The Tweet does not contain an authority reference,No,No,No,Symptoms or characteristics of covid,No,NA,NA,NA,NA,NA,NA,None,NA,Other,0,2020
1344318448936104e3,3,Uncheckable claim,No,NA,NA,NA,NA,NA,NA,NA,NA,Positivity,The Tweet does not contain an authority reference,No,No,No,"Remedies for cure, treatment and prevention",No,NA,NA,NA,NA,NA,NA,None,NA,Other,0,2020
1462870059836190700,4,Accurate information,No,NA,NA,NA,NA,NA,NA,NA,NA,Neutrality,The Tweet does not contain an authority reference,No,No,No,Vaccination,No,NA,NA,NA,Other major non-governmental actors,NA,NA,NA,NA,Other,0,2021
1319229293617205200,3,Other,Yes,NA,NA,NA,NA,NA,NA,NA,Misinformation is not attributed to an actor,Neutrality,The Tweet does not contain an authority reference,No,No,No,"News, information and misinformation",No,NA,NA,NA,NA,NA,NA,None,NA,Other,0,2020
1365583135946272800,4,Other,No,NA,NA,NA,NA,NA,NA,NA,NA,Neutrality,The Tweet does not contain an authority reference,No,No,No,Existence of covid,Yes,NA,NA,NA,NA,NA,NA,None,NA,Other,0,2021
1428024418861736e3,1,Accurate information,Yes,NA,NA,NA,NA,NA,"An opinion leader or individual who is not a journalist, and not a part of a government, parliament, or a political party",NA,NA,Neutrality,The Tweet does not contain an authority reference,No,No,No,"News, information and misinformation",No,NA,NA,Media,Other major non-governmental actors,NA,NA,NA,NA,Other,0,2021
1246443121107447800,4,Other,No,NA,NA,NA,NA,NA,NA,NA,NA,Neutrality,The Tweet does not contain an authority reference,No,No,No,"Policies, prevention & societal and economic impact",No,NA,NA,Media,NA,NA,NA,NA,NA,Other,0,2020
1260833945219891200,1,Other,No,NA,NA,NA,NA,NA,NA,NA,NA,Neutrality,The Tweet does not contain an authority reference,No,No,No,Other,No,NA,NA,NA,NA,NA,NA,None,NA,Other,0,2020
1465238628389560300,1,Misinformation,No,NA,NA,NA,NA,NA,NA,NA,NA,Neutrality,The Tweet contains a non-specific authority reference,No,No,No,Symptoms or characteristics of covid,No,NA,NA,NA,NA,NA,NA,NA,University or scientific organization,Misinformation,1,2021
1339850298895032300,4,Other,No,NA,NA,NA,NA,NA,NA,NA,NA,Neutrality,The Tweet does not contain an authority reference,No,No,No,Severity of covid,No,NA,NA,NA,NA,NA,NA,None,NA,Other,0,2020
1463852333545230300,3,Other,No,NA,NA,NA,NA,NA,NA,NA,NA,Negativity,The Tweet does not contain an authority reference,No,No,Yes,"Policies, prevention & societal and economic impact",No,"Government, politicians and international organizations",NA,NA,NA,NA,NA,NA,NA,Other,0,2021
1346102848497528800,1,Uncheckable claim,No,NA,NA,NA,NA,NA,NA,NA,NA,Neutrality,The Tweet does not contain an authority reference,No,No,No,"Policies, prevention & societal and economic impact",No,NA,NA,NA,Other major non-governmental actors,NA,NA,NA,NA,Other,0,2021
1315379378554105900,1,Other,No,NA,NA,NA,NA,NA,NA,NA,NA,Neutrality,The Tweet does not contain an authority reference,No,No,No,"Policies, prevention & societal and economic impact",No,NA,NA,NA,NA,NA,NA,None,NA,Other,0,2020
1315286138052128800,3,Other,No,NA,NA,NA,NA,NA,NA,NA,NA,Neutrality,The Tweet does not contain an authority reference,No,No,No,"Policies, prevention & societal and economic impact",No,NA,NA,NA,NA,NA,NA,None,NA,Other,0,2020
1450077005064675300,4,Other,No,NA,NA,NA,NA,NA,NA,NA,NA,Neutrality,The Tweet does not contain an authority reference,No,No,No,"Remedies for cure, treatment and prevention",No,NA,NA,NA,NA,NA,NA,None,NA,Other,0,2021
1400349020787294200,2,Other,No,NA,NA,NA,NA,NA,NA,NA,NA,Negativity,The Tweet does not contain an authority reference,No,No,No,"Policies, prevention & societal and economic impact",No,NA,NA,NA,NA,NA,NA,None,NA,Other,0,2021
1295414421716635600,2,Other,No,NA,NA,NA,NA,NA,NA,NA,NA,Neutrality,The Tweet does not contain an authority reference,No,No,No,"Policies, prevention & societal and economic impact",No,NA,NA,NA,NA,NA,NA,None,NA,Other,0,2020
1287481585881591800,4,Accurate information,No,NA,NA,NA,NA,NA,NA,NA,NA,Neutrality,The Tweet does not contain an authority reference,No,No,No,"News, information and misinformation",No,"Government, politicians and international organizations",NA,NA,Other major non-governmental actors,Individuals or communities,NA,NA,NA,Other,0,2020
1355134260479463400,1,Accurate information,No,NA,NA,NA,NA,NA,NA,NA,NA,Neutrality,The Tweet contains a specific authority reference,No,No,No,"Policies, prevention & societal and economic impact",No,"Government, politicians and international organizations",NA,NA,Other major non-governmental actors,NA,NA,NA,NA,Other,0,2021
1248197938825826300,4,Accurate information,No,NA,NA,NA,NA,NA,NA,NA,NA,Neutrality,The Tweet does not contain an authority reference,No,No,No,"News, information and misinformation",No,NA,NA,Media,NA,NA,NA,NA,NA,Other,0,2020
1457658502856552400,3,Other,No,NA,NA,NA,NA,NA,NA,NA,NA,Negativity,The Tweet does not contain an authority reference,No,No,No,"Policies, prevention & societal and economic impact",No,NA,NA,NA,NA,NA,NA,None,NA,Other,0,2021
1321765099678453800,1,Misinformation,No,NA,NA,NA,NA,NA,NA,NA,NA,Negativity,The Tweet does not contain an authority reference,No,No,Yes,Existence of covid,Yes,NA,NA,NA,NA,NA,NA,None,NA,Misinformation,1,2020
1243257188438675500,1,Other,No,NA,NA,NA,NA,NA,NA,NA,NA,Neutrality,The Tweet does not contain an authority reference,No,No,No,"Remedies for cure, treatment and prevention",No,NA,NA,NA,NA,Individuals or communities,NA,NA,NA,Other,0,2020
1242478341430456300,2,Uncheckable claim,Yes,NA,NA,NA,NA,NA,NA,NA,Misinformation is not attributed to an actor,Neutrality,The Tweet does not contain an authority reference,No,No,No,"News, information and misinformation",No,NA,NA,NA,NA,NA,NA,None,NA,Other,0,2020
1361209140488536e3,3,Accurate information,No,NA,NA,NA,NA,NA,NA,NA,NA,Neutrality,The Tweet contains a non-specific authority reference,No,No,No,Vaccination,No,NA,NA,Media,NA,Individuals or communities,NA,NA,NA,Other,0,2021
1249653149457137700,4,Other,No,NA,NA,NA,NA,NA,NA,NA,NA,Negativity,The Tweet does not contain an authority reference,Yes,No,No,"Policies, prevention & societal and economic impact",No,NA,NA,NA,NA,NA,NA,None,NA,Other,0,2020
1422219202891550700,3,Accurate information,No,NA,NA,NA,NA,NA,NA,NA,NA,Neutrality,The Tweet does not contain an authority reference,No,No,No,"Policies, prevention & societal and economic impact",No,NA,Health services,NA,NA,NA,NA,NA,NA,Other,0,2021
1240283654477295600,1,Misinformation,No,NA,NA,NA,NA,NA,NA,NA,NA,Neutrality,The Tweet does not contain an authority reference,No,No,No,Existence of covid,Yes,NA,NA,NA,NA,NA,NA,None,NA,Misinformation,1,2020
1268853963039924200,1,Accurate information,No,NA,NA,NA,NA,NA,NA,NA,NA,Neutrality,The Tweet does not contain an authority reference,No,No,No,"Policies, prevention & societal and economic impact",No,"Government, politicians and international organizations",NA,NA,NA,NA,NA,NA,NA,Other,0,2020
1402348809557e6,4,Misinformation,No,NA,NA,NA,NA,NA,NA,NA,NA,Neutrality,The Tweet does not contain an authority reference,No,No,No,Vaccination,No,NA,Health services,NA,NA,Individuals or communities,NA,NA,NA,Misinformation,1,2021
1310837231658168300,1,Other,No,NA,NA,NA,NA,NA,NA,NA,NA,Neutrality,The Tweet does not contain an authority reference,No,No,No,Other,No,"Government, politicians and international organizations",NA,Media,NA,Individuals or communities,NA,NA,NA,Other,0,2020
1461742256252145700,3,Accurate information,No,NA,NA,NA,NA,NA,NA,NA,NA,Negativity,The Tweet does not contain an authority reference,No,No,No,Vaccination,No,NA,NA,NA,NA,NA,NA,None,NA,Other,0,2021
1295252457401065500,4,Other,No,NA,NA,NA,NA,NA,NA,NA,NA,Neutrality,The Tweet does not contain an authority reference,No,No,No,"Policies, prevention & societal and economic impact",No,NA,NA,NA,NA,NA,NA,None,NA,Other,0,2020
1424352307202961400,2,Accurate information,Yes,NA,NA,NA,NA,NA,"An opinion leader or individual who is not a journalist, and not a part of a government, parliament, or a political party",NA,NA,Neutrality,The Tweet contains a non-specific authority reference,No,No,No,"News, information and misinformation",No,NA,Health services,NA,NA,NA,NA,NA,NA,Other,0,2021
1382816122383302700,1,Other,No,NA,NA,NA,NA,NA,NA,NA,NA,Negativity,The Tweet does not contain an authority reference,No,No,No,"Policies, prevention & societal and economic impact",No,NA,NA,NA,NA,NA,NA,None,NA,Other,0,2021
1332263933051330600,2,Other,No,NA,NA,NA,NA,NA,NA,NA,NA,Negativity,The Tweet does not contain an authority reference,No,No,No,"Policies, prevention & societal and economic impact",No,"Government, politicians and international organizations",NA,NA,NA,NA,NA,NA,NA,Other,0,2020
1297100525486383e3,2,Misinformation,Yes,NA,NA,NA,NA,NA,NA,NA,Misinformation is not attributed to an actor,Neutrality,The Tweet does not contain an authority reference,No,No,No,Existence of covid,Yes,NA,NA,NA,NA,NA,NA,None,NA,Misinformation,1,2020
1.3387407006204641e+18,1,Accurate information,No,NA,NA,NA,NA,NA,NA,NA,NA,Neutrality,The Tweet does not contain an authority reference,No,No,No,"Policies, prevention & societal and economic impact",No,NA,NA,NA,NA,NA,NA,None,NA,Other,0,2020
1270942889342906400,1,Accurate information,Yes,NA,NA,NA,NA,NA,NA,NA,Misinformation is not attributed to an actor,Neutrality,The Tweet does not contain an authority reference,No,No,No,"News, information and misinformation",No,"Government, politicians and international organizations",NA,NA,NA,NA,NA,NA,NA,Other,0,2020
1475165145714225200,1,Accurate information,No,NA,NA,NA,NA,NA,NA,NA,NA,Neutrality,The Tweet does not contain an authority reference,No,No,No,Other,No,NA,NA,NA,NA,NA,NA,None,NA,Other,0,2021
1313865374648201200,4,Misinformation,Yes,NA,NA,NA,NA,NA,NA,NA,Misinformation is not attributed to an actor,Neutrality,The Tweet does not contain an authority reference,No,No,No,"News, information and misinformation",No,NA,NA,Media,NA,Individuals or communities,NA,NA,NA,Misinformation,1,2020
1258186932850475e3,4,Other,Yes,NA,NA,NA,NA,NA,NA,NA,Misinformation is not attributed to an actor,Neutrality,The Tweet does not contain an authority reference,No,No,No,"News, information and misinformation",No,NA,Health services,NA,NA,NA,NA,NA,NA,Other,0,2020
1259936449459257300,3,Other,No,NA,NA,NA,NA,NA,NA,NA,NA,Neutrality,The Tweet does not contain an authority reference,No,No,No,"Remedies for cure, treatment and prevention",No,NA,NA,NA,Other major non-governmental actors,NA,NA,NA,NA,Other,0,2020
1356126281641951200,3,Misinformation,No,NA,NA,NA,NA,NA,NA,NA,NA,Neutrality,The Tweet contains a non-specific authority reference,No,No,No,"Policies, prevention & societal and economic impact",No,NA,NA,NA,NA,NA,NA,None,NA,Misinformation,1,2021
1384625034442940400,3,Misinformation,No,NA,NA,NA,NA,NA,NA,NA,NA,Negativity,The Tweet does not contain an authority reference,No,No,No,"News, information and misinformation",No,"Government, politicians and international organizations",NA,NA,NA,NA,NA,NA,NA,Misinformation,1,2021
1240366177953681400,1,Uncheckable claim,No,NA,NA,NA,NA,NA,NA,NA,NA,Neutrality,The Tweet contains a specific authority reference,No,No,No,Symptoms or characteristics of covid,No,NA,NA,NA,NA,NA,NA,NA,University or scientific organization,Other,0,2020
1.4247173540056801e+18,1,Misinformation,No,NA,NA,NA,NA,NA,NA,NA,NA,Negativity,The Tweet contains a non-specific authority reference,No,No,No,Existence of covid,Yes,NA,NA,NA,NA,NA,NA,None,NA,Misinformation,1,2021
1320275456281792500,4,Other,Yes,NA,NA,NA,NA,NA,NA,Other actor,NA,Negativity,The Tweet does not contain an authority reference,Yes,No,No,"News, information and misinformation",No,NA,Health services,NA,Other major non-governmental actors,NA,NA,NA,NA,Other,0,2020
1452785935473692700,4,Other,No,NA,NA,NA,NA,NA,NA,NA,NA,Negativity,The Tweet does not contain an authority reference,Yes,No,Yes,"Policies, prevention & societal and economic impact",No,NA,NA,NA,NA,NA,NA,None,NA,Other,0,2021
1477580850837479400,2,Uncheckable claim,Yes,NA,NA,NA,NA,NA,"An opinion leader or individual who is not a journalist, and not a part of a government, parliament, or a political party",NA,NA,Positivity,The Tweet does not contain an authority reference,Yes,No,No,"News, information and misinformation",No,NA,NA,NA,Other major non-governmental actors,NA,NA,NA,NA,Other,0,2022
1450854966164435e3,4,Other,No,NA,NA,NA,NA,NA,NA,NA,NA,Neutrality,The Tweet does not contain an authority reference,No,No,No,"Remedies for cure, treatment and prevention",No,NA,NA,NA,NA,NA,NA,None,NA,Other,0,2021
1321444193261228e3,1,Accurate information,No,NA,NA,NA,NA,NA,NA,NA,NA,Neutrality,The Tweet contains a non-specific authority reference,No,No,No,"Remedies for cure, treatment and prevention",No,NA,NA,NA,NA,NA,NA,NA,University or scientific organization,Other,0,2020
1237686434556981200,4,Other,No,NA,NA,NA,NA,NA,NA,NA,NA,Neutrality,The Tweet does not contain an authority reference,No,No,No,Existence of covid,Yes,NA,NA,NA,Other major non-governmental actors,NA,NA,NA,NA,Other,0,2020
1271879533537505300,2,Accurate information,No,NA,NA,NA,NA,NA,NA,NA,NA,Neutrality,The Tweet does not contain an authority reference,No,No,No,Vaccination,No,"Government, politicians and international organizations",NA,NA,NA,NA,NA,NA,NA,Other,0,2020
1367569594748125200,2,Accurate information,No,NA,NA,NA,NA,NA,NA,NA,NA,Neutrality,The Tweet contains a non-specific authority reference,No,No,No,"Remedies for cure, treatment and prevention",No,"Government, politicians and international organizations",NA,NA,Other major non-governmental actors,NA,NA,NA,University or scientific organization,Other,0,2021
1321014649840685e3,2,Other,No,NA,NA,NA,NA,NA,NA,NA,NA,Neutrality,The Tweet does not contain an authority reference,No,No,No,"Remedies for cure, treatment and prevention",No,"Government, politicians and international organizations",NA,NA,NA,NA,NA,NA,NA,Other,0,2020
1459628156646797300,4,Other,No,NA,NA,NA,NA,NA,NA,NA,NA,Neutrality,The Tweet does not contain an authority reference,No,No,No,"Policies, prevention & societal and economic impact",No,NA,NA,NA,NA,Individuals or communities,NA,NA,NA,Other,0,2021
1284439337925582800,2,Uncheckable claim,Yes,NA,NA,NA,NA,NA,NA,NA,Misinformation is not attributed to an actor,Mixed,The Tweet does not contain an authority reference,No,No,No,"News, information and misinformation",No,"Government, politicians and international organizations",NA,NA,Other major non-governmental actors,NA,NA,NA,NA,Other,0,2020
1456044219085332500,4,Other,Yes,NA,NA,NA,NA,NA,NA,NA,Misinformation is not attributed to an actor,Neutrality,The Tweet does not contain an authority reference,No,No,No,"News, information and misinformation",No,"Government, politicians and international organizations",NA,NA,Other major non-governmental actors,NA,NA,NA,NA,Other,0,2021
1346572826506129400,3,Accurate information,No,NA,NA,NA,NA,NA,NA,NA,NA,Neutrality,The Tweet does not contain an authority reference,No,No,No,Vaccination,No,NA,NA,NA,NA,NA,NA,None,NA,Other,0,2021
1298322772553281500,1,Other,No,NA,NA,NA,NA,NA,NA,NA,NA,Neutrality,The Tweet does not contain an authority reference,No,No,No,"Policies, prevention & societal and economic impact",No,NA,NA,NA,NA,NA,NA,None,NA,Other,0,2020
1319286648148906e3,1,Accurate information,No,NA,NA,NA,NA,NA,NA,NA,NA,Neutrality,The Tweet does not contain an authority reference,No,No,No,"Policies, prevention & societal and economic impact",No,NA,NA,NA,NA,NA,NA,NA,University or scientific organization,Other,0,2020
1326490551236120600,3,Accurate information,No,NA,NA,NA,NA,NA,NA,NA,NA,Neutrality,The Tweet does not contain an authority reference,No,No,No,"Remedies for cure, treatment and prevention",No,NA,NA,NA,NA,NA,NA,None,NA,Other,0,2020
1292347400435249200,2,Misinformation,No,NA,NA,NA,NA,NA,NA,NA,NA,Neutrality,The Tweet does not contain an authority reference,No,No,No,"Remedies for cure, treatment and prevention",No,NA,NA,NA,NA,NA,NA,None,NA,Misinformation,1,2020
1252205809330720800,1,Accurate information,No,NA,NA,NA,NA,NA,NA,NA,NA,Negativity,The Tweet does not contain an authority reference,No,No,No,"Policies, prevention & societal and economic impact",No,"Government, politicians and international organizations",NA,NA,NA,Individuals or communities,NA,NA,NA,Other,0,2020
1455194728572629e3,1,Uncheckable claim,No,NA,NA,NA,NA,NA,NA,NA,NA,Neutrality,The Tweet does not contain an authority reference,No,No,No,Vaccination,No,NA,NA,NA,NA,NA,NA,None,NA,Other,0,2021
1291842200570138600,1,Uncheckable claim,No,NA,NA,NA,NA,NA,NA,NA,NA,Negativity,The Tweet does not contain an authority reference,Yes,No,No,Existence of covid,No,NA,NA,NA,NA,Individuals or communities,NA,NA,NA,Other,0,2020
1330905709035335700,2,Accurate information,Yes,NA,NA,NA,NA,NA,NA,NA,Misinformation is not attributed to an actor,Neutrality,The Tweet does not contain an authority reference,No,No,No,"News, information and misinformation",Yes,NA,NA,NA,NA,NA,NA,None,NA,Other,0,2020
1240643411356651500,1,Accurate information,Yes,NA,NA,NA,NA,NA,"An opinion leader or individual who is not a journalist, and not a part of a government, parliament, or a political party",NA,NA,Negativity,The Tweet does not contain an authority reference,Yes,No,No,"News, information and misinformation",No,"Government, politicians and international organizations",NA,NA,Other major non-governmental actors,Individuals or communities,NA,NA,NA,Other,0,2020
1271432519808934e3,1,Accurate information,No,NA,NA,NA,NA,NA,NA,NA,NA,Neutrality,The Tweet does not contain an authority reference,No,No,No,Spread and detection,No,NA,NA,NA,NA,Individuals or communities,NA,NA,NA,Other,0,2020
1314841963858980900,1,Other,No,NA,NA,NA,NA,NA,NA,NA,NA,Neutrality,The Tweet does not contain an authority reference,No,No,No,"Policies, prevention & societal and economic impact",No,NA,NA,NA,NA,NA,NA,None,NA,Other,0,2020
1440358059138711600,3,Misinformation,No,NA,NA,NA,NA,NA,NA,NA,NA,Neutrality,The Tweet does not contain an authority reference,No,No,No,Spread and detection,No,"Government, politicians and international organizations",NA,NA,NA,NA,NA,NA,NA,Misinformation,1,2021
1477274144983105500,3,Misinformation,No,NA,NA,NA,NA,NA,NA,NA,NA,Negativity,The Tweet contains a specific authority reference,No,No,Yes,Vaccination,No,NA,NA,NA,NA,Individuals or communities,NA,NA,University or scientific organization,Misinformation,1,2022
1274043408168845300,1,Other,No,NA,NA,NA,NA,NA,NA,NA,NA,Neutrality,The Tweet does not contain an authority reference,No,No,No,Other,No,NA,NA,NA,NA,NA,NA,None,NA,Other,0,2020
1386222215293702100,1,Misinformation,No,NA,NA,NA,NA,NA,NA,NA,NA,Neutrality,The Tweet contains a non-specific authority reference,No,No,No,Symptoms or characteristics of covid,No,NA,NA,NA,NA,Individuals or communities,NA,NA,NA,Misinformation,1,2021
1371766078985138200,2,Other,No,NA,NA,NA,NA,NA,NA,NA,NA,Negativity,The Tweet does not contain an authority reference,No,Yes,No,"Policies, prevention & societal and economic impact",No,NA,NA,NA,NA,NA,NA,None,NA,Other,0,2021
1458406402326683600,4,Other,No,NA,NA,NA,NA,NA,NA,NA,NA,Neutrality,The Tweet does not contain an authority reference,No,No,Yes,Other,No,NA,NA,NA,NA,Individuals or communities,NA,NA,NA,Other,0,2021
1424671362208125e3,4,Other,Yes,NA,NA,NA,NA,NA,NA,Other actor,NA,Neutrality,The Tweet does not contain an authority reference,Yes,No,No,"News, information and misinformation",No,NA,NA,NA,NA,Individuals or communities,NA,NA,NA,Other,0,2021
1256722150716846e3,1,Other,No,NA,NA,NA,NA,NA,NA,NA,NA,Negativity,The Tweet does not contain an authority reference,No,No,No,"Policies, prevention & societal and economic impact",No,NA,NA,NA,Other major non-governmental actors,NA,NA,NA,NA,Other,0,2020
1290375268914299e3,3,Other,No,NA,NA,NA,NA,NA,NA,NA,NA,Negativity,The Tweet does not contain an authority reference,No,No,No,Vaccination,No,NA,NA,NA,NA,NA,NA,None,NA,Other,0,2020
1281839508766503e3,1,Misinformation,No,NA,NA,NA,NA,NA,NA,NA,NA,Neutrality,The Tweet does not contain an authority reference,No,No,Yes,Existence of covid,Yes,NA,NA,NA,NA,Individuals or communities,NA,NA,NA,Misinformation,1,2020
1314875856297304e3,3,Other,No,NA,NA,NA,NA,NA,NA,NA,NA,Neutrality,The Tweet does not contain an authority reference,No,No,No,"Policies, prevention & societal and economic impact",No,NA,NA,NA,NA,NA,NA,None,NA,Other,0,2020
1375087969917358e3,4,Misinformation,No,NA,NA,NA,NA,NA,NA,NA,NA,Neutrality,The Tweet does not contain an authority reference,No,No,No,Vaccination,No,NA,NA,Media,NA,NA,NA,NA,NA,Misinformation,1,2021
1433063950904615e3,1,Other,Yes,A Dutch politician (not seated in the Dutch cabinet),NA,NA,NA,NA,NA,NA,NA,Neutrality,The Tweet does not contain an authority reference,No,No,No,"News, information and misinformation",No,"Government, politicians and international organizations",NA,NA,NA,NA,NA,NA,NA,Other,0,2021
1487354945871491e3,4,Accurate information,Yes,NA,NA,NA,NA,NA,NA,NA,Misinformation is not attributed to an actor,Neutrality,The Tweet does not contain an authority reference,No,No,No,"News, information and misinformation",No,NA,NA,Media,Other major non-governmental actors,NA,NA,NA,NA,Other,0,2022
1375748251207536600,4,Accurate information,No,NA,NA,NA,NA,NA,NA,NA,NA,Neutrality,The Tweet contains a specific authority reference,No,No,No,"Policies, prevention & societal and economic impact",No,"Government, politicians and international organizations",NA,NA,NA,NA,NA,NA,NA,Other,0,2021
1324620994640826400,1,Other,No,NA,NA,NA,NA,NA,NA,NA,NA,Neutrality,The Tweet does not contain an authority reference,No,No,No,Severity of covid,No,"Government, politicians and international organizations",Health services,NA,NA,NA,NA,NA,NA,Other,0,2020
1356326937526988800,1,Other,No,NA,NA,NA,NA,NA,NA,NA,NA,Neutrality,The Tweet does not contain an authority reference,No,No,No,Spread and detection,No,NA,NA,NA,Other major non-governmental actors,Individuals or communities,NA,NA,NA,Other,0,2021
1342573320634556400,2,Misinformation,No,NA,NA,NA,NA,NA,NA,NA,NA,Neutrality,The Tweet contains a non-specific authority reference,No,No,No,Spread and detection,No,NA,NA,NA,NA,Individuals or communities,NA,NA,University or scientific organization,Misinformation,1,2020
1241138588131049500,2,Accurate information,No,NA,NA,NA,NA,NA,NA,NA,NA,Neutrality,The Tweet does not contain an authority reference,No,No,No,Spread and detection,No,NA,NA,Media,NA,NA,NA,NA,NA,Other,0,2020
1262634336920182800,2,Uncheckable claim,No,NA,NA,NA,NA,NA,NA,NA,NA,Neutrality,The Tweet contains a non-specific authority reference,No,No,No,Spread and detection,No,NA,NA,NA,NA,Individuals or communities,NA,NA,NA,Other,0,2020
1405111773208973300,3,Misinformation,No,NA,NA,NA,NA,NA,NA,NA,NA,Negativity,The Tweet does not contain an authority reference,No,No,Yes,Vaccination,No,NA,NA,NA,NA,NA,NA,None,NA,Misinformation,1,2021
1287425527800893400,2,Other,No,NA,NA,NA,NA,NA,NA,NA,NA,Positivity,The Tweet does not contain an authority reference,No,Yes,No,"Policies, prevention & societal and economic impact",No,NA,NA,NA,Other major non-governmental actors,NA,NA,NA,NA,Other,0,2020
1248189736528818200,1,Other,No,NA,NA,NA,NA,NA,NA,NA,NA,Neutrality,The Tweet does not contain an authority reference,No,No,No,"Policies, prevention & societal and economic impact",No,NA,NA,NA,NA,NA,NA,None,NA,Other,0,2020
1477562939834085400,1,Other,Yes,NA,NA,NA,NA,NA,NA,NA,Misinformation is not attributed to an actor,Negativity,The Tweet does not contain an authority reference,No,No,No,"News, information and misinformation",No,NA,NA,NA,NA,NA,NA,None,NA,Other,0,2022
1427592463359828e3,2,Accurate information,Yes,NA,NA,NA,NA,NA,NA,NA,Misinformation is not attributed to an actor,Neutrality,The Tweet does not contain an authority reference,No,No,No,"News, information and misinformation",No,NA,NA,NA,NA,NA,NA,None,NA,Other,0,2021
1407965068189388800,1,Accurate information,No,NA,NA,NA,NA,NA,NA,NA,NA,Neutrality,The Tweet does not contain an authority reference,No,No,No,"Policies, prevention & societal and economic impact",No,"Government, politicians and international organizations",NA,NA,Other major non-governmental actors,NA,NA,NA,NA,Other,0,2021
1298199654581112800,3,Accurate information,Yes,NA,NA,NA,NA,NA,NA,NA,Misinformation is not attributed to an actor,Negativity,The Tweet does not contain an authority reference,No,No,No,"News, information and misinformation",No,"Government, politicians and international organizations",NA,NA,NA,NA,NA,NA,NA,Other,0,2020
1240744471358328800,4,Other,No,NA,NA,NA,NA,NA,NA,NA,NA,Negativity,The Tweet does not contain an authority reference,No,No,Yes,Existence of covid,Yes,NA,Health services,NA,NA,Individuals or communities,NA,NA,NA,Other,0,2020
1272417815140671500,3,Misinformation,No,NA,NA,NA,NA,NA,NA,NA,NA,Positivity,The Tweet does not contain an authority reference,No,No,No,Severity of covid,No,NA,NA,NA,NA,NA,NA,None,NA,Misinformation,1,2020
1292467229548830700,3,Misinformation,No,NA,NA,NA,NA,NA,NA,NA,NA,Negativity,The Tweet does not contain an authority reference,No,No,No,"Policies, prevention & societal and economic impact",Yes,"Government, politicians and international organizations",NA,NA,NA,Individuals or communities,NA,NA,NA,Misinformation,1,2020
1271187744212091e3,4,Accurate information,Yes,NA,NA,NA,NA,NA,NA,NA,Misinformation is not attributed to an actor,Neutrality,The Tweet contains a specific authority reference,No,No,No,"News, information and misinformation",No,"Government, politicians and international organizations",NA,NA,NA,NA,NA,NA,NA,Other,0,2020
1311335344277721e3,4,Other,No,NA,NA,NA,NA,NA,NA,NA,NA,Neutrality,The Tweet does not contain an authority reference,No,No,No,"Policies, prevention & societal and economic impact",No,NA,NA,NA,NA,NA,NA,None,NA,Other,0,2020
1374254452627140600,4,Accurate information,No,NA,NA,NA,NA,NA,NA,NA,NA,Neutrality,The Tweet does not contain an authority reference,No,No,No,Symptoms or characteristics of covid,No,NA,NA,NA,Other major non-governmental actors,NA,NA,NA,NA,Other,0,2021
1373958489773604900,1,Unable to classify,Yes,NA,NA,NA,NA,NA,NA,NA,Misinformation is not attributed to an actor,Neutrality,The Tweet does not contain an authority reference,No,No,No,Other,No,NA,NA,NA,NA,NA,NA,None,NA,Other,0,2021
1251967148844617700,2,Unable to classify,Yes,NA,NA,NA,NA,NA,NA,NA,Misinformation is not attributed to an actor,Neutrality,The Tweet does not contain an authority reference,No,No,No,"News, information and misinformation",No,NA,NA,NA,NA,Individuals or communities,NA,NA,NA,Other,0,2020
1360249489051811800,3,Uncheckable claim,No,NA,NA,NA,NA,NA,NA,NA,NA,Neutrality,The Tweet does not contain an authority reference,No,No,No,Vaccination,No,NA,NA,NA,NA,Individuals or communities,NA,NA,NA,Other,0,2021
1249645417853149200,4,Misinformation,No,NA,NA,NA,NA,NA,NA,NA,NA,Negativity,The Tweet does not contain an authority reference,No,No,No,Existence of covid,Yes,"Government, politicians and international organizations",NA,NA,NA,NA,NA,NA,University or scientific organization,Misinformation,1,2020
1336660670167863300,4,Accurate information,Yes,NA,NA,NA,NA,NA,NA,NA,Misinformation is not attributed to an actor,Negativity,The Tweet does not contain an authority reference,No,No,Yes,"News, information and misinformation",No,"Government, politicians and international organizations",NA,NA,NA,NA,NA,NA,NA,Other,0,2020
1258034072976330800,4,Accurate information,No,NA,NA,NA,NA,NA,NA,NA,NA,Neutrality,The Tweet does not contain an authority reference,No,No,No,Spread and detection,No,NA,NA,NA,NA,NA,NA,None,NA,Other,0,2020
1319235938942406700,3,Other,No,NA,NA,NA,NA,NA,NA,NA,NA,Positivity,The Tweet does not contain an authority reference,No,No,No,"Remedies for cure, treatment and prevention",No,NA,NA,NA,NA,Individuals or communities,NA,NA,NA,Other,0,2020
1462815401340022800,4,Unable to classify,No,NA,NA,NA,NA,NA,NA,NA,NA,Neutrality,The Tweet does not contain an authority reference,No,No,No,"News, information and misinformation",No,"Government, politicians and international organizations",NA,NA,NA,Individuals or communities,NA,NA,NA,Other,0,2021
125249331104e7,2,Accurate information,No,NA,NA,NA,NA,NA,NA,NA,NA,Neutrality,The Tweet does not contain an authority reference,No,No,No,"Policies, prevention & societal and economic impact",No,NA,NA,NA,NA,NA,NA,None,NA,Other,0,2020
1338962766409961500,1,Misinformation,Yes,NA,NA,NA,A mainstream media outlet or journalist working in the mainstream media,NA,NA,NA,NA,Neutrality,The Tweet does not contain an authority reference,No,No,No,"News, information and misinformation",No,NA,NA,NA,NA,NA,NA,None,NA,Misinformation,1,2020
1465256651095748600,2,Accurate information,No,NA,NA,NA,NA,NA,NA,NA,NA,Neutrality,The Tweet does not contain an authority reference,No,No,No,"Policies, prevention & societal and economic impact",No,NA,Health services,NA,NA,NA,NA,NA,NA,Other,0,2021
1439685283885326300,4,Other,No,NA,NA,NA,NA,NA,NA,NA,NA,Neutrality,The Tweet does not contain an authority reference,No,No,No,Symptoms or characteristics of covid,No,NA,NA,NA,NA,Individuals or communities,NA,NA,NA,Other,0,2021
1242376637657886700,2,Accurate information,Yes,NA,NA,"A foreign politician, foreign government, international leader or international organization",NA,NA,NA,NA,NA,Neutrality,The Tweet does not contain an authority reference,No,No,No,"News, information and misinformation",Yes,"Government, politicians and international organizations",NA,NA,NA,NA,NA,NA,NA,Other,0,2020
1360176513904181200,1,Other,No,NA,NA,NA,NA,NA,NA,NA,NA,Negativity,The Tweet does not contain an authority reference,Yes,No,Yes,Existence of covid,Yes,"Government, politicians and international organizations",NA,NA,Other major non-governmental actors,NA,NA,NA,NA,Other,0,2021
1275034346978791400,2,Accurate information,Yes,NA,NA,NA,NA,NA,NA,NA,Misinformation is not attributed to an actor,Neutrality,The Tweet does not contain an authority reference,No,No,No,"News, information and misinformation",No,NA,NA,NA,Other major non-governmental actors,NA,NA,NA,NA,Other,0,2020
1259439588805873700,2,Misinformation,No,NA,NA,NA,NA,NA,NA,NA,NA,Neutrality,The Tweet contains a specific authority reference,No,No,No,Spread and detection,No,"Government, politicians and international organizations",NA,NA,NA,NA,NA,NA,NA,Misinformation,1,2020
1361941070075035600,2,Uncheckable claim,No,NA,NA,NA,NA,NA,NA,NA,NA,Neutrality,The Tweet does not contain an authority reference,No,No,No,"Policies, prevention & societal and economic impact",No,NA,NA,NA,Other major non-governmental actors,NA,NA,NA,NA,Other,0,2021
1416633415739265e3,1,Accurate information,Yes,NA,NA,NA,NA,NA,"An opinion leader or individual who is not a journalist, and not a part of a government, parliament, or a political party",NA,NA,Neutrality,The Tweet does not contain an authority reference,No,No,No,"News, information and misinformation",No,NA,NA,NA,NA,Individuals or communities,NA,NA,NA,Other,0,2021
1245034980507635700,1,Other,No,NA,NA,NA,NA,NA,NA,NA,NA,Mixed,The Tweet does not contain an authority reference,No,No,No,"Policies, prevention & societal and economic impact",No,"Government, politicians and international organizations",NA,NA,NA,Individuals or communities,NA,NA,NA,Other,0,2020
1248163391459471400,4,Other,No,NA,NA,NA,NA,NA,NA,NA,NA,Negativity,The Tweet does not contain an authority reference,No,No,Yes,Existence of covid,Yes,"Government, politicians and international organizations",NA,NA,Other major non-governmental actors,Individuals or communities,NA,NA,NA,Other,0,2020
1368295053236568e3,2,Misinformation,No,NA,NA,NA,NA,NA,NA,NA,NA,Positivity,The Tweet does not contain an authority reference,No,No,No,Severity of covid,No,NA,NA,NA,NA,Individuals or communities,NA,NA,NA,Misinformation,1,2021
1374783646792552400,4,Misinformation,No,NA,NA,NA,NA,NA,NA,NA,NA,Neutrality,The Tweet does not contain an authority reference,No,No,No,Existence of covid,Yes,NA,NA,NA,NA,NA,NA,None,NA,Misinformation,1,2021
1255578910890352600,2,Unable to classify,Yes,NA,NA,NA,NA,NA,NA,NA,Misinformation is not attributed to an actor,Neutrality,The Tweet does not contain an authority reference,No,No,No,"News, information and misinformation",No,NA,NA,NA,NA,NA,NA,None,NA,Other,0,2020
1408335793131769900,4,Misinformation,No,NA,NA,NA,NA,NA,NA,NA,NA,Neutrality,The Tweet contains a non-specific authority reference,No,No,No,"Policies, prevention & societal and economic impact",No,"Government, politicians and international organizations",NA,NA,NA,Individuals or communities,NA,NA,NA,Misinformation,1,2021
1289842281386664e3,1,Accurate information,No,NA,NA,NA,NA,NA,NA,NA,NA,Negativity,The Tweet does not contain an authority reference,Yes,No,No,"Policies, prevention & societal and economic impact",No,"Government, politicians and international organizations",NA,NA,Other major non-governmental actors,Individuals or communities,NA,NA,NA,Other,0,2020
1304447148956815400,4,Other,No,NA,NA,NA,NA,NA,NA,NA,NA,Neutrality,The Tweet does not contain an authority reference,No,No,No,"Policies, prevention & societal and economic impact",No,NA,NA,NA,NA,NA,NA,None,NA,Other,0,2020
1358128019668430800,2,Uncheckable claim,Yes,NA,NA,NA,NA,NA,NA,NA,Misinformation is not attributed to an actor,Neutrality,The Tweet does not contain an authority reference,No,Yes,No,"News, information and misinformation",No,NA,NA,NA,NA,Individuals or communities,NA,NA,NA,Other,0,2021
1.4626951718801121e+18,4,Accurate information,No,NA,NA,NA,NA,NA,NA,NA,NA,Neutrality,The Tweet does not contain an authority reference,No,No,No,Spread and detection,No,NA,NA,NA,NA,Individuals or communities,NA,NA,NA,Other,0,2021
1315364604810322e3,4,Other,No,NA,NA,NA,NA,NA,NA,NA,NA,Neutrality,The Tweet does not contain an authority reference,No,No,No,"Policies, prevention & societal and economic impact",No,NA,NA,NA,NA,NA,NA,None,NA,Other,0,2020
1314825176740237300,1,Misinformation,No,NA,NA,NA,NA,NA,NA,NA,NA,Neutrality,The Tweet contains a specific authority reference,No,No,No,Severity of covid,No,"Government, politicians and international organizations",NA,NA,NA,NA,NA,NA,NA,Misinformation,1,2020
1242071243039309800,4,Other,No,NA,NA,NA,NA,NA,NA,NA,NA,Neutrality,The Tweet does not contain an authority reference,No,No,No,Severity of covid,No,NA,NA,NA,NA,NA,NA,None,NA,Other,0,2020
1296746527306715100,1,Accurate information,Yes,NA,NA,NA,NA,NA,"An opinion leader or individual who is not a journalist, and not a part of a government, parliament, or a political party",NA,NA,Neutrality,The Tweet does not contain an authority reference,No,No,No,"News, information and misinformation",No,NA,NA,NA,NA,Individuals or communities,NA,NA,NA,Other,0,2020
1314932222013649e3,3,Other,No,NA,NA,NA,NA,NA,NA,NA,NA,Neutrality,The Tweet does not contain an authority reference,No,No,No,"Policies, prevention & societal and economic impact",No,NA,NA,NA,NA,NA,NA,None,NA,Other,0,2020
1460677392100438e3,4,Other,Yes,NA,NA,NA,NA,NA,NA,NA,NA,Negativity,The Tweet does not contain an authority reference,No,No,Yes,"News, information and misinformation",No,"Government, politicians and international organizations",NA,NA,NA,NA,NA,NA,NA,Other,0,2021
1247091982473859e3,2,Misinformation,No,NA,NA,NA,NA,NA,NA,NA,NA,Neutrality,The Tweet does not contain an authority reference,No,No,No,"Policies, prevention & societal and economic impact",No,NA,NA,NA,Other major non-governmental actors,NA,NA,NA,NA,Misinformation,1,2020
1314828076401012700,3,Other,No,NA,NA,NA,NA,NA,NA,NA,NA,Neutrality,The Tweet does not contain an authority reference,No,No,No,"Policies, prevention & societal and economic impact",No,NA,NA,NA,NA,NA,NA,None,NA,Other,0,2020
1295255761224962e3,4,Other,No,NA,NA,NA,NA,NA,NA,NA,NA,Neutrality,The Tweet does not contain an authority reference,No,No,No,"Policies, prevention & societal and economic impact",No,NA,NA,NA,NA,NA,NA,None,NA,Other,0,2020
1295118859406639e3,1,Accurate information,No,NA,NA,NA,NA,NA,NA,NA,NA,Positivity,The Tweet does not contain an authority reference,No,No,No,"Policies, prevention & societal and economic impact",No,NA,NA,NA,NA,NA,NA,None,NA,Other,0,2020
1301190408597319700,1,Accurate information,No,NA,NA,NA,NA,NA,NA,NA,NA,Positivity,The Tweet does not contain an authority reference,No,No,No,"Policies, prevention & societal and economic impact",No,NA,NA,NA,Other major non-governmental actors,Individuals or communities,NA,NA,NA,Other,0,2020
1341901031517659100,1,Misinformation,No,NA,NA,NA,NA,NA,NA,NA,NA,Neutrality,The Tweet does not contain an authority reference,No,No,No,Existence of covid,Yes,NA,NA,NA,NA,NA,NA,None,NA,Misinformation,1,2020
1281282041074651100,4,Other,No,NA,NA,NA,NA,NA,NA,NA,NA,Neutrality,The Tweet does not contain an authority reference,No,No,No,Vaccination,No,NA,NA,NA,NA,NA,NA,None,NA,Other,0,2020
1322636530557603800,1,Other,No,NA,NA,NA,NA,NA,NA,NA,NA,Neutrality,The Tweet does not contain an authority reference,No,No,No,"Policies, prevention & societal and economic impact",No,NA,NA,NA,NA,NA,NA,None,NA,Other,0,2020
1397621144321208300,4,Accurate information,No,NA,NA,NA,NA,NA,NA,NA,NA,Neutrality,The Tweet contains a non-specific authority reference,No,No,No,Symptoms or characteristics of covid,No,NA,NA,NA,NA,Individuals or communities,NA,NA,NA,Other,0,2021
1250154771559772200,1,Other,No,NA,NA,NA,NA,NA,NA,NA,NA,Neutrality,The Tweet does not contain an authority reference,Yes,No,No,Other,No,NA,NA,NA,NA,Individuals or communities,NA,NA,NA,Other,0,2020
1484619464889061400,4,Other,No,NA,NA,NA,NA,NA,NA,NA,NA,Neutrality,The Tweet does not contain an authority reference,No,No,No,Existence of covid,Yes,NA,NA,NA,NA,Individuals or communities,NA,NA,NA,Other,0,2022
1383377304777232400,2,Uncheckable claim,No,NA,NA,NA,NA,NA,NA,NA,NA,Negativity,The Tweet does not contain an authority reference,No,No,No,"Policies, prevention & societal and economic impact",No,NA,NA,NA,NA,NA,NA,None,NA,Other,0,2021
1296810895595774e3,1,Other,No,NA,NA,NA,NA,NA,NA,NA,NA,Neutrality,The Tweet does not contain an authority reference,No,No,No,"Policies, prevention & societal and economic impact",No,NA,NA,NA,NA,NA,NA,None,NA,Other,0,2020
1240741381246783500,4,Accurate information,Yes,NA,NA,NA,NA,NA,NA,NA,Misinformation is not attributed to an actor,Neutrality,The Tweet does not contain an authority reference,No,No,No,"News, information and misinformation",No,NA,NA,NA,Other major non-governmental actors,Individuals or communities,NA,NA,NA,Other,0,2020
1360941447411859500,1,Accurate information,No,NA,NA,NA,NA,NA,NA,NA,NA,Neutrality,The Tweet does not contain an authority reference,No,No,No,"Remedies for cure, treatment and prevention",No,NA,NA,NA,NA,NA,NA,None,NA,Other,0,2021
1.3953083144860001e+18,1,Misinformation,Yes,NA,"The Dutch government, cabinet, a member of the Dutch cabinet or civil servant",NA,A mainstream media outlet or journalist working in the mainstream media,NA,NA,NA,NA,Neutrality,The Tweet does not contain an authority reference,No,No,No,"News, information and misinformation",No,"Government, politicians and international organizations",NA,Media,NA,NA,NA,NA,NA,Misinformation,1,2021
1461954919531962400,1,Accurate information,No,NA,NA,NA,NA,NA,NA,NA,NA,Negativity,The Tweet does not contain an authority reference,No,No,No,"Policies, prevention & societal and economic impact",No,NA,NA,NA,NA,NA,NA,None,NA,Other,0,2021
1422935531751624700,3,Other,No,NA,NA,NA,NA,NA,NA,NA,NA,Neutrality,The Tweet does not contain an authority reference,No,No,Yes,Existence of covid,No,NA,NA,NA,NA,NA,NA,NA,University or scientific organization,Other,0,2021
1248266645484851200,1,Other,No,NA,NA,NA,NA,NA,NA,NA,NA,Neutrality,The Tweet does not contain an authority reference,No,No,No,"Policies, prevention & societal and economic impact",No,NA,NA,NA,NA,NA,NA,None,NA,Other,0,2020
1425092304012988400,1,Other,Yes,NA,NA,NA,NA,NA,"An opinion leader or individual who is not a journalist, and not a part of a government, parliament, or a political party",NA,NA,Negativity,The Tweet does not contain an authority reference,Yes,Yes,Yes,"News, information and misinformation",No,NA,Health services,NA,Other major non-governmental actors,Individuals or communities,NA,NA,NA,Other,0,2021
1412768519037538300,3,Misinformation,No,NA,NA,NA,NA,NA,NA,NA,NA,Negativity,The Tweet does not contain an authority reference,Yes,No,No,"Policies, prevention & societal and economic impact",No,"Government, politicians and international organizations",NA,NA,NA,NA,NA,NA,NA,Misinformation,1,2021
1488218884247277600,2,Other,Yes,NA,NA,NA,NA,NA,NA,NA,Misinformation is not attributed to an actor,Neutrality,The Tweet does not contain an authority reference,No,No,No,"News, information and misinformation",No,NA,NA,NA,NA,NA,NA,None,NA,Other,0,2022
1252208226336215e3,4,Misinformation,No,NA,NA,NA,NA,NA,NA,NA,NA,Neutrality,The Tweet does not contain an authority reference,No,No,No,"News, information and misinformation",Yes,NA,NA,NA,NA,Individuals or communities,NA,NA,NA,Misinformation,1,2020
1255640671463096300,2,Misinformation,Yes,NA,NA,NA,A mainstream media outlet or journalist working in the mainstream media,NA,"An opinion leader or individual who is not a journalist, and not a part of a government, parliament, or a political party",NA,NA,Neutrality,The Tweet does not contain an authority reference,No,No,No,"News, information and misinformation",No,NA,NA,Media,Other major non-governmental actors,NA,NA,NA,NA,Misinformation,1,2020
1345343251918807e3,4,Accurate information,No,NA,NA,NA,NA,NA,NA,NA,NA,Neutrality,The Tweet does not contain an authority reference,No,No,No,Spread and detection,No,NA,NA,NA,Other major non-governmental actors,NA,NA,NA,NA,Other,0,2021
1419395533400158200,4,Other,No,NA,NA,NA,NA,NA,NA,NA,NA,Positivity,The Tweet does not contain an authority reference,No,No,No,"Policies, prevention & societal and economic impact",No,NA,Health services,NA,NA,NA,NA,NA,NA,Other,0,2021
1263344665073352700,4,Accurate information,No,NA,NA,NA,NA,NA,NA,NA,NA,Neutrality,The Tweet does not contain an authority reference,No,No,No,"News, information and misinformation",No,NA,Health services,NA,NA,NA,NA,NA,NA,Other,0,2020
1277353990704058400,4,Accurate information,No,NA,NA,NA,NA,NA,NA,NA,NA,Neutrality,The Tweet does not contain an authority reference,No,No,No,"Remedies for cure, treatment and prevention",No,NA,NA,NA,NA,NA,NA,None,NA,Other,0,2020
1355242068822683600,1,Other,No,NA,NA,NA,NA,NA,NA,NA,NA,Neutrality,The Tweet does not contain an authority reference,No,No,No,"Policies, prevention & societal and economic impact",No,NA,NA,NA,Other major non-governmental actors,NA,NA,NA,NA,Other,0,2021
1468526965258915800,4,Misinformation,No,NA,NA,NA,NA,NA,NA,NA,NA,Negativity,The Tweet does not contain an authority reference,No,No,Yes,"Policies, prevention & societal and economic impact",No,NA,NA,NA,NA,Individuals or communities,NA,NA,NA,Misinformation,1,2021
1295220462822326300,4,Other,No,NA,NA,NA,NA,NA,NA,NA,NA,Neutrality,The Tweet does not contain an authority reference,No,No,No,"Policies, prevention & societal and economic impact",No,NA,NA,NA,NA,NA,NA,None,NA,Other,0,2020
1282690340684730400,4,Other,No,NA,NA,NA,NA,NA,NA,NA,NA,Neutrality,The Tweet does not contain an authority reference,No,No,No,Spread and detection,No,NA,NA,NA,NA,Individuals or communities,NA,NA,NA,Other,0,2020
1466134415013204e3,4,Misinformation,Yes,NA,"The Dutch government, cabinet, a member of the Dutch cabinet or civil servant",NA,NA,NA,NA,NA,NA,Negativity,The Tweet does not contain an authority reference,No,No,No,"Policies, prevention & societal and economic impact",No,"Government, politicians and international organizations",NA,NA,NA,NA,NA,NA,NA,Misinformation,1,2021
1263192613450133500,1,Accurate information,No,NA,NA,NA,NA,NA,NA,NA,NA,Neutrality,The Tweet does not contain an authority reference,No,No,No,Spread and detection,No,NA,NA,NA,NA,Individuals or communities,NA,NA,NA,Other,0,2020
1467988064735744e3,2,Other,No,NA,NA,NA,NA,NA,NA,NA,NA,Negativity,The Tweet does not contain an authority reference,No,No,No,Vaccination,No,NA,NA,NA,NA,Individuals or communities,NA,NA,NA,Other,0,2021
1250735678704496600,4,Other,No,NA,NA,NA,NA,NA,NA,NA,NA,Neutrality,The Tweet does not contain an authority reference,No,No,No,"Policies, prevention & societal and economic impact",No,NA,NA,NA,NA,NA,NA,None,NA,Other,0,2020
1371808019210723300,1,Misinformation,No,NA,NA,NA,NA,NA,NA,NA,NA,Negativity,The Tweet does not contain an authority reference,Yes,No,No,Existence of covid,Yes,NA,NA,NA,NA,NA,NA,None,NA,Misinformation,1,2021
1326090050346635300,1,Accurate information,No,NA,NA,NA,NA,NA,NA,NA,NA,Neutrality,The Tweet does not contain an authority reference,No,No,No,"Remedies for cure, treatment and prevention",No,NA,NA,NA,Other major non-governmental actors,NA,NA,NA,NA,Other,0,2020
1425405134960578600,1,Accurate information,Yes,NA,NA,NA,NA,NA,NA,Other actor,NA,Neutrality,The Tweet does not contain an authority reference,No,No,No,"News, information and misinformation",No,NA,NA,NA,Other major non-governmental actors,Individuals or communities,NA,NA,NA,Other,0,2021
1235949853227786200,1,Accurate information,Yes,NA,NA,NA,NA,NA,"An opinion leader or individual who is not a journalist, and not a part of a government, parliament, or a political party",NA,NA,Negativity,The Tweet does not contain an authority reference,No,No,No,"News, information and misinformation",No,NA,NA,NA,Other major non-governmental actors,Individuals or communities,NA,NA,NA,Other,0,2020
1295774456841932800,2,Other,No,NA,NA,NA,NA,NA,NA,NA,NA,Neutrality,The Tweet does not contain an authority reference,No,No,No,"Policies, prevention & societal and economic impact",No,NA,NA,NA,NA,NA,NA,None,NA,Other,0,2020
1304408839018643500,1,Accurate information,No,NA,NA,NA,NA,NA,NA,NA,NA,Negativity,The Tweet contains a specific authority reference,No,Yes,No,Symptoms or characteristics of covid,No,NA,NA,NA,NA,Individuals or communities,NA,NA,NA,Other,0,2020
1286748980718837800,2,Unable to classify,Yes,NA,NA,NA,NA,NA,NA,NA,Misinformation is not attributed to an actor,Neutrality,The Tweet does not contain an authority reference,No,No,No,"News, information and misinformation",No,NA,NA,NA,NA,NA,NA,None,NA,Other,0,2020
1337458313135460400,2,Accurate information,No,NA,NA,NA,NA,NA,NA,NA,NA,Neutrality,The Tweet does not contain an authority reference,No,No,No,Vaccination,No,NA,NA,NA,NA,NA,NA,None,NA,Other,0,2020
1358438032525951e3,1,Misinformation,No,NA,NA,NA,NA,NA,NA,NA,NA,Neutrality,The Tweet does not contain an authority reference,No,No,No,Spread and detection,No,NA,NA,NA,NA,NA,NA,None,NA,Misinformation,1,2021
1356979026905202700,2,Accurate information,No,NA,NA,NA,NA,NA,NA,NA,NA,Neutrality,The Tweet does not contain an authority reference,No,No,No,Spread and detection,No,"Government, politicians and international organizations",NA,NA,NA,NA,NA,NA,NA,Other,0,2021
1316088640070615e3,4,Other,No,NA,NA,NA,NA,NA,NA,NA,NA,Neutrality,The Tweet does not contain an authority reference,No,No,No,"Policies, prevention & societal and economic impact",No,NA,NA,NA,Other major non-governmental actors,NA,NA,NA,NA,Other,0,2020
1468695476342042600,4,Misinformation,No,NA,NA,NA,NA,NA,NA,NA,NA,Neutrality,The Tweet does not contain an authority reference,No,No,No,Vaccination,No,NA,NA,NA,NA,NA,NA,None,NA,Misinformation,1,2021
1314995540275454e3,2,Other,No,NA,NA,NA,NA,NA,NA,NA,NA,Neutrality,The Tweet does not contain an authority reference,No,No,No,"Policies, prevention & societal and economic impact",No,NA,NA,NA,NA,NA,NA,None,NA,Other,0,2020
1480165219204681700,1,Accurate information,No,NA,NA,NA,NA,NA,NA,NA,NA,Neutrality,The Tweet contains a non-specific authority reference,No,No,No,Symptoms or characteristics of covid,No,NA,NA,NA,NA,NA,NA,None,NA,Other,0,2022
1408302686894755800,2,Misinformation,No,NA,NA,NA,NA,NA,NA,NA,NA,Neutrality,The Tweet does not contain an authority reference,No,No,No,Vaccination,No,NA,NA,NA,NA,NA,NA,None,NA,Misinformation,1,2021
1487406643507871700,2,Uncheckable claim,No,NA,NA,NA,NA,NA,NA,NA,NA,Neutrality,The Tweet does not contain an authority reference,No,No,No,"Policies, prevention & societal and economic impact",No,NA,NA,NA,NA,Individuals or communities,NA,NA,NA,Other,0,2022
1405849640893927400,3,Misinformation,No,NA,NA,NA,NA,NA,NA,NA,NA,Negativity,The Tweet does not contain an authority reference,Yes,No,No,Severity of covid,No,"Government, politicians and international organizations",NA,NA,NA,Individuals or communities,NA,NA,NA,Misinformation,1,2021
1295365740959342600,1,Other,No,NA,NA,NA,NA,NA,NA,NA,NA,Positivity,The Tweet does not contain an authority reference,No,No,No,"Policies, prevention & societal and economic impact",No,NA,NA,NA,NA,Individuals or communities,NA,NA,NA,Other,0,2020
1384596007745372200,4,Misinformation,No,NA,NA,NA,NA,NA,NA,NA,NA,Negativity,The Tweet contains a non-specific authority reference,No,No,Yes,Vaccination,No,NA,NA,NA,NA,NA,NA,NA,University or scientific organization,Misinformation,1,2021
1420442455430815700,4,Misinformation,Yes,NA,NA,NA,NA,NA,NA,NA,Misinformation is not attributed to an actor,Neutrality,The Tweet does not contain an authority reference,No,No,No,Vaccination,No,NA,NA,NA,NA,NA,NA,None,NA,Misinformation,1,2021
1382677357803286500,4,Unable to classify,No,NA,NA,NA,NA,NA,NA,NA,NA,Neutrality,The Tweet does not contain an authority reference,No,No,No,Vaccination,No,"Government, politicians and international organizations",NA,NA,NA,NA,NA,NA,NA,Other,0,2021
1463119332075e6,2,Accurate information,No,NA,NA,NA,NA,NA,NA,NA,NA,Negativity,The Tweet does not contain an authority reference,No,No,No,"Policies, prevention & societal and economic impact",No,NA,NA,NA,NA,Individuals or communities,NA,NA,NA,Other,0,2021
1465689953111736300,2,Uncheckable claim,No,NA,NA,NA,NA,NA,NA,NA,NA,Negativity,The Tweet does not contain an authority reference,Yes,No,No,Symptoms or characteristics of covid,No,NA,Health services,NA,NA,NA,NA,NA,NA,Other,0,2021
1461657652753223700,4,Misinformation,Yes,NA,NA,NA,NA,NA,NA,NA,Misinformation is not attributed to an actor,Neutrality,The Tweet contains a specific authority reference,No,No,No,Symptoms or characteristics of covid,No,NA,NA,Media,NA,NA,NA,NA,NA,Misinformation,1,2021
1366957648168411100,2,Accurate information,No,NA,NA,NA,NA,NA,NA,NA,NA,Neutrality,The Tweet does not contain an authority reference,No,No,No,"Remedies for cure, treatment and prevention",No,"Government, politicians and international organizations",NA,NA,NA,NA,NA,NA,NA,Other,0,2021
1348919062450086e3,1,Misinformation,No,NA,NA,NA,NA,NA,NA,NA,NA,Neutrality,The Tweet contains a non-specific authority reference,No,No,No,Existence of covid,Yes,NA,NA,NA,NA,NA,NA,NA,University or scientific organization,Misinformation,1,2021
1330415198310723600,4,Unable to classify,No,NA,NA,NA,NA,NA,NA,NA,NA,Neutrality,The Tweet does not contain an authority reference,No,No,No,"Policies, prevention & societal and economic impact",No,NA,Health services,NA,NA,NA,NA,NA,NA,Other,0,2020
1342769084623151e3,2,Uncheckable claim,No,NA,NA,NA,NA,NA,NA,NA,NA,Neutrality,The Tweet does not contain an authority reference,No,No,No,Vaccination,No,NA,NA,NA,NA,Individuals or communities,NA,NA,NA,Other,0,2020
1285552151834644500,1,Accurate information,Yes,NA,NA,NA,NA,NA,NA,Other actor,NA,Mixed,The Tweet does not contain an authority reference,No,No,No,"News, information and misinformation",No,NA,NA,NA,Other major non-governmental actors,NA,NA,NA,NA,Other,0,2020
1303224158248153e3,2,Uncheckable claim,No,NA,NA,NA,NA,NA,NA,NA,NA,Neutrality,The Tweet does not contain an authority reference,No,No,No,Spread and detection,No,NA,NA,NA,Other major non-governmental actors,Individuals or communities,NA,NA,NA,Other,0,2020
1240254489124372500,2,Accurate information,Yes,NA,NA,"A foreign politician, foreign government, international leader or international organization",NA,NA,NA,NA,NA,Neutrality,The Tweet does not contain an authority reference,No,No,No,"News, information and misinformation",No,"Government, politicians and international organizations",NA,NA,NA,NA,NA,NA,NA,Other,0,2020
1339259567822213e3,4,Other,No,NA,NA,NA,NA,NA,NA,NA,NA,Negativity,The Tweet does not contain an authority reference,Yes,No,No,"Policies, prevention & societal and economic impact",No,"Government, politicians and international organizations",NA,NA,NA,NA,NA,NA,NA,Other,0,2020
1251897164973908e3,2,Other,Yes,NA,NA,NA,NA,NA,NA,NA,Misinformation is not attributed to an actor,Neutrality,The Tweet does not contain an authority reference,No,No,No,"News, information and misinformation",No,NA,NA,NA,Other major non-governmental actors,NA,NA,NA,University or scientific organization,Other,0,2020
1288941479306702800,1,Accurate information,Yes,NA,NA,NA,NA,NA,"An opinion leader or individual who is not a journalist, and not a part of a government, parliament, or a political party",NA,NA,Neutrality,The Tweet does not contain an authority reference,No,No,No,"News, information and misinformation",No,NA,NA,NA,Other major non-governmental actors,NA,NA,NA,NA,Other,0,2020
1316418453042016300,2,Uncheckable claim,No,NA,NA,NA,NA,NA,NA,NA,NA,Positivity,The Tweet does not contain an authority reference,No,No,No,"Policies, prevention & societal and economic impact",No,NA,NA,NA,Other major non-governmental actors,Individuals or communities,NA,NA,NA,Other,0,2020
1423864763583455200,3,Accurate information,Yes,NA,NA,NA,NA,NA,NA,Other actor,NA,Positivity,The Tweet does not contain an authority reference,No,No,No,"News, information and misinformation",No,NA,Health services,NA,NA,NA,NA,NA,NA,Other,0,2021
1242824545985151e3,4,Other,No,NA,NA,NA,NA,NA,NA,NA,NA,Neutrality,The Tweet does not contain an authority reference,No,No,No,"Policies, prevention & societal and economic impact",No,NA,NA,NA,NA,NA,NA,None,NA,Other,0,2020
1314953065636728800,1,Other,No,NA,NA,NA,NA,NA,NA,NA,NA,Neutrality,The Tweet does not contain an authority reference,No,No,No,"Policies, prevention & societal and economic impact",No,NA,NA,NA,NA,NA,NA,None,NA,Other,0,2020
12638307454848e5,2,Uncheckable claim,No,NA,NA,NA,NA,NA,NA,NA,NA,Neutrality,The Tweet does not contain an authority reference,No,No,No,Spread and detection,No,NA,NA,NA,NA,Individuals or communities,NA,NA,NA,Other,0,2020
1351966313732829200,3,Other,No,NA,NA,NA,NA,NA,NA,NA,NA,Neutrality,The Tweet does not contain an authority reference,No,No,No,Spread and detection,No,NA,NA,NA,NA,NA,NA,None,NA,Other,0,2021
1268145041228419e3,3,Uncheckable claim,No,NA,NA,NA,NA,NA,NA,NA,NA,Negativity,The Tweet does not contain an authority reference,No,No,No,Symptoms or characteristics of covid,No,NA,NA,NA,NA,Individuals or communities,NA,NA,NA,Other,0,2020
1259015846661435400,3,Accurate information,No,NA,NA,NA,NA,NA,NA,NA,NA,Neutrality,The Tweet does not contain an authority reference,No,No,No,"Policies, prevention & societal and economic impact",No,NA,NA,NA,NA,NA,NA,None,NA,Other,0,2020
1247473561511637e3,2,Misinformation,No,NA,NA,NA,NA,NA,NA,NA,NA,Neutrality,The Tweet does not contain an authority reference,No,No,No,"Remedies for cure, treatment and prevention",No,NA,NA,NA,NA,NA,NA,None,NA,Misinformation,1,2020
134643234857805e4,1,Other,No,NA,NA,NA,NA,NA,NA,NA,NA,Neutrality,The Tweet does not contain an authority reference,No,No,No,Severity of covid,No,NA,NA,NA,NA,Individuals or communities,NA,NA,NA,Other,0,2021
1467584888144638e3,1,Other,No,NA,NA,NA,NA,NA,NA,NA,NA,Neutrality,The Tweet does not contain an authority reference,No,No,No,"Policies, prevention & societal and economic impact",No,"Government, politicians and international organizations",NA,NA,NA,NA,NA,NA,NA,Other,0,2021
1488215229322383400,2,Accurate information,Yes,NA,NA,NA,NA,NA,"An opinion leader or individual who is not a journalist, and not a part of a government, parliament, or a political party",NA,NA,Neutrality,The Tweet does not contain an authority reference,No,No,No,"News, information and misinformation",No,NA,NA,Media,Other major non-governmental actors,NA,NA,NA,NA,Other,0,2022
1323994671564152800,2,Accurate information,Yes,NA,NA,NA,NA,NA,NA,NA,Misinformation is not attributed to an actor,Positivity,The Tweet does not contain an authority reference,No,No,No,"News, information and misinformation",No,NA,Health services,NA,Other major non-governmental actors,NA,NA,NA,NA,Other,0,2020
1465283445496582100,1,Accurate information,No,NA,NA,NA,NA,NA,NA,NA,NA,Neutrality,The Tweet does not contain an authority reference,No,No,No,Severity of covid,No,NA,NA,NA,NA,Individuals or communities,NA,NA,NA,Other,0,2021
1282981928589684700,3,Accurate information,No,NA,NA,NA,NA,NA,NA,NA,NA,Neutrality,The Tweet contains a specific authority reference,No,No,No,"Policies, prevention & societal and economic impact",No,"Government, politicians and international organizations",NA,NA,NA,NA,NA,NA,NA,Other,0,2020
1402620177615818800,4,Other,No,NA,NA,NA,NA,NA,NA,NA,NA,Neutrality,The Tweet does not contain an authority reference,No,No,No,Symptoms or characteristics of covid,No,NA,NA,NA,NA,Individuals or communities,NA,NA,NA,Other,0,2021
1256196390335676400,3,Other,No,NA,NA,NA,NA,NA,NA,NA,NA,Positivity,The Tweet does not contain an authority reference,No,Yes,No,"Policies, prevention & societal and economic impact",No,NA,NA,NA,NA,NA,NA,None,NA,Other,0,2020
1373306597196324900,3,Misinformation,No,NA,NA,NA,NA,NA,NA,NA,NA,Positivity,The Tweet does not contain an authority reference,No,No,No,"Policies, prevention & societal and economic impact",No,"Government, politicians and international organizations",NA,NA,NA,Individuals or communities,NA,NA,NA,Misinformation,1,2021
1457807809899376600,4,Other,No,NA,NA,NA,NA,NA,NA,NA,NA,Neutrality,The Tweet does not contain an authority reference,No,No,No,"Policies, prevention & societal and economic impact",No,"Government, politicians and international organizations",NA,NA,Other major non-governmental actors,NA,NA,NA,NA,Other,0,2021
148166837438822e4,3,Misinformation,No,NA,NA,NA,NA,NA,NA,NA,NA,Neutrality,The Tweet contains a specific authority reference,No,No,No,Vaccination,No,"Government, politicians and international organizations",NA,NA,NA,NA,NA,NA,NA,Misinformation,1,2022
1248587792562696200,4,Accurate information,No,NA,NA,NA,NA,NA,NA,NA,NA,Neutrality,The Tweet does not contain an authority reference,No,No,No,Symptoms or characteristics of covid,No,NA,NA,NA,NA,NA,NA,NA,University or scientific organization,Other,0,2020
1259872685166911500,4,Other,No,NA,NA,NA,NA,NA,NA,NA,NA,Negativity,The Tweet does not contain an authority reference,Yes,No,No,Existence of covid,No,NA,NA,NA,NA,Individuals or communities,NA,NA,NA,Other,0,2020
1342639067087986700,3,Accurate information,No,NA,NA,NA,NA,NA,NA,NA,NA,Neutrality,The Tweet does not contain an authority reference,No,No,No,"Remedies for cure, treatment and prevention",No,"Government, politicians and international organizations",NA,NA,NA,NA,NA,NA,University or scientific organization,Other,0,2020
1411611651447611400,1,Misinformation,No,NA,NA,NA,NA,NA,NA,NA,NA,Neutrality,The Tweet does not contain an authority reference,No,No,No,Symptoms or characteristics of covid,No,NA,NA,NA,NA,Individuals or communities,NA,NA,NA,Misinformation,1,2021
1240268437311623200,1,Accurate information,Yes,NA,NA,NA,NA,NA,NA,NA,Misinformation is not attributed to an actor,Neutrality,The Tweet does not contain an authority reference,No,No,No,"News, information and misinformation",No,NA,NA,NA,Other major non-governmental actors,NA,NA,NA,NA,Other,0,2020
1467385733652619300,3,Uncheckable claim,No,NA,NA,NA,NA,NA,NA,NA,NA,Negativity,The Tweet contains a non-specific authority reference,Yes,No,No,"Policies, prevention & societal and economic impact",No,NA,NA,NA,NA,Individuals or communities,NA,NA,NA,Other,0,2021
1297111495269142500,3,Accurate information,Yes,NA,NA,NA,NA,NA,"An opinion leader or individual who is not a journalist, and not a part of a government, parliament, or a political party",NA,NA,Neutrality,The Tweet contains a specific authority reference,No,No,No,"News, information and misinformation",No,NA,NA,Media,NA,Individuals or communities,NA,NA,NA,Other,0,2020
1252453822708035600,2,Accurate information,Yes,NA,NA,NA,NA,NA,NA,NA,Misinformation is not attributed to an actor,Neutrality,The Tweet does not contain an authority reference,No,No,No,"News, information and misinformation",No,NA,NA,Media,NA,NA,NA,NA,NA,Other,0,2020
1260478594427617300,3,Suggestive misinformation,No,NA,NA,NA,NA,NA,NA,NA,NA,Neutrality,The Tweet does not contain an authority reference,No,No,No,"Remedies for cure, treatment and prevention",No,NA,NA,NA,NA,NA,NA,None,NA,Misinformation,1,2020
1.4688752214531359e+18,1,Accurate information,No,NA,NA,NA,NA,NA,NA,NA,NA,Neutrality,The Tweet contains a specific authority reference,No,No,No,Symptoms or characteristics of covid,No,"Government, politicians and international organizations",NA,NA,NA,NA,NA,NA,NA,Other,0,2021
1.2859420616661279e+18,1,Uncheckable claim,No,NA,NA,NA,NA,NA,NA,NA,NA,Neutrality,The Tweet does not contain an authority reference,No,No,No,Spread and detection,No,NA,NA,NA,NA,Individuals or communities,NA,NA,NA,Other,0,2020
1308018690596704300,2,Accurate information,Yes,NA,NA,NA,NA,NA,NA,NA,Misinformation is not attributed to an actor,Neutrality,The Tweet does not contain an authority reference,No,No,No,"News, information and misinformation",No,"Government, politicians and international organizations",NA,NA,NA,NA,NA,NA,NA,Other,0,2020
1404883404311642e3,2,Other,No,NA,NA,NA,NA,NA,NA,NA,NA,Neutrality,The Tweet does not contain an authority reference,No,No,No,Vaccination,No,NA,NA,NA,NA,NA,Other,NA,NA,Other,0,2021
1337777768277356500,1,Accurate information,Yes,NA,NA,NA,NA,NA,NA,Other actor,NA,Negativity,The Tweet does not contain an authority reference,No,No,Yes,"News, information and misinformation",No,"Government, politicians and international organizations",Health services,Media,NA,Individuals or communities,NA,NA,NA,Other,0,2020
1311230994654126e3,1,Misinformation,Yes,NA,NA,NA,A mainstream media outlet or journalist working in the mainstream media,NA,NA,NA,NA,Neutrality,The Tweet does not contain an authority reference,No,No,No,"News, information and misinformation",No,NA,NA,Media,NA,NA,NA,NA,NA,Misinformation,1,2020
1262146798719848400,4,Accurate information,Yes,NA,NA,"A foreign politician, foreign government, international leader or international organization",NA,NA,NA,NA,NA,Neutrality,The Tweet does not contain an authority reference,No,No,No,"News, information and misinformation",Yes,"Government, politicians and international organizations",NA,Media,NA,NA,NA,NA,NA,Other,0,2020
1405943095955497e3,3,Accurate information,No,NA,NA,NA,NA,NA,NA,NA,NA,Positivity,The Tweet contains a specific authority reference,No,No,No,"Policies, prevention & societal and economic impact",No,"Government, politicians and international organizations",NA,NA,NA,Individuals or communities,NA,NA,NA,Other,0,2021
1307415814447009800,1,Accurate information,Yes,NA,NA,NA,NA,NA,NA,NA,Misinformation is not attributed to an actor,Negativity,The Tweet does not contain an authority reference,No,No,No,"News, information and misinformation",No,"Government, politicians and international organizations",NA,NA,NA,NA,NA,NA,NA,Other,0,2020
1321186716674392e3,3,Other,No,NA,NA,NA,NA,NA,NA,NA,NA,Neutrality,The Tweet does not contain an authority reference,No,No,No,"Policies, prevention & societal and economic impact",No,NA,NA,NA,NA,NA,NA,None,NA,Other,0,2020
1386941775315619800,3,Misinformation,No,NA,NA,NA,NA,NA,NA,NA,NA,Neutrality,The Tweet does not contain an authority reference,No,No,No,"Policies, prevention & societal and economic impact",Yes,NA,NA,NA,NA,NA,NA,None,NA,Misinformation,1,2021
1401976535486247e3,2,Misinformation,No,NA,NA,NA,NA,NA,NA,NA,NA,Neutrality,The Tweet does not contain an authority reference,No,No,No,Existence of covid,Yes,NA,NA,NA,NA,NA,NA,None,NA,Misinformation,1,2021
1310337178791293e3,4,Misinformation,No,NA,NA,NA,NA,NA,NA,NA,NA,Neutrality,The Tweet does not contain an authority reference,No,No,No,Existence of covid,Yes,"Government, politicians and international organizations",NA,NA,Other major non-governmental actors,NA,NA,NA,NA,Misinformation,1,2020
1484899353454129200,1,Other,Yes,NA,NA,NA,NA,NA,NA,NA,Misinformation is not attributed to an actor,Neutrality,The Tweet does not contain an authority reference,No,No,No,"Policies, prevention & societal and economic impact",No,"Government, politicians and international organizations",NA,NA,NA,NA,NA,NA,NA,Other,0,2022
1321748912013803500,1,Accurate information,No,NA,NA,NA,NA,NA,NA,NA,NA,Neutrality,The Tweet does not contain an authority reference,No,No,No,"Remedies for cure, treatment and prevention",No,NA,Health services,NA,NA,Individuals or communities,NA,NA,NA,Other,0,2020
1461277140826173400,4,Other,No,NA,NA,NA,NA,NA,NA,NA,NA,Positivity,The Tweet does not contain an authority reference,No,No,No,"Policies, prevention & societal and economic impact",No,NA,NA,NA,Other major non-governmental actors,NA,NA,NA,NA,Other,0,2021
1456311215932772400,2,Accurate information,No,NA,NA,NA,NA,NA,NA,NA,NA,Positivity,The Tweet contains a specific authority reference,No,No,No,"Remedies for cure, treatment and prevention",No,"Government, politicians and international organizations",NA,NA,NA,Individuals or communities,NA,NA,NA,Other,0,2021
1374643985113841700,3,Misinformation,No,NA,NA,NA,NA,NA,NA,NA,NA,Neutrality,The Tweet does not contain an authority reference,No,No,No,Spread and detection,No,NA,NA,NA,NA,Individuals or communities,NA,NA,NA,Misinformation,1,2021
1246450318004621300,2,Uncheckable claim,No,NA,NA,NA,NA,NA,NA,NA,NA,Positivity,The Tweet does not contain an authority reference,No,No,No,"Policies, prevention & societal and economic impact",No,"Government, politicians and international organizations",NA,NA,Other major non-governmental actors,Individuals or communities,NA,NA,NA,Other,0,2020
1382974245916053500,1,Other,No,NA,NA,NA,NA,NA,NA,NA,NA,Negativity,The Tweet does not contain an authority reference,Yes,No,No,"Policies, prevention & societal and economic impact",No,"Government, politicians and international organizations",NA,NA,NA,NA,NA,NA,NA,Other,0,2021
1451594564469465e3,3,Uncheckable claim,Yes,NA,NA,NA,NA,NA,NA,NA,Misinformation is not attributed to an actor,Neutrality,The Tweet does not contain an authority reference,No,No,No,Vaccination,No,NA,NA,NA,Other major non-governmental actors,Individuals or communities,NA,NA,NA,Other,0,2021
1234483680959238100,4,Accurate information,Yes,NA,NA,NA,NA,NA,NA,NA,Misinformation is not attributed to an actor,Neutrality,The Tweet does not contain an authority reference,No,No,No,"News, information and misinformation",No,NA,NA,NA,NA,NA,NA,None,NA,Other,0,2020
1421734430415081500,3,Accurate information,Yes,NA,NA,NA,A mainstream media outlet or journalist working in the mainstream media,NA,NA,NA,NA,Neutrality,The Tweet does not contain an authority reference,No,No,No,"News, information and misinformation",No,NA,NA,Media,NA,NA,NA,NA,NA,Other,0,2021
1234505393805635600,3,Accurate information,No,NA,NA,NA,NA,NA,NA,NA,NA,Neutrality,The Tweet contains a specific authority reference,No,No,No,"Remedies for cure, treatment and prevention",No,NA,NA,NA,NA,NA,NA,NA,University or scientific organization,Other,0,2020
1240646052660883500,1,Unable to classify,No,NA,NA,NA,NA,NA,NA,NA,NA,Neutrality,The Tweet does not contain an authority reference,No,No,No,Other,No,NA,NA,NA,NA,NA,NA,None,NA,Other,0,2020
1436495669284507600,1,Misinformation,No,NA,NA,NA,NA,NA,NA,NA,NA,Neutrality,The Tweet does not contain an authority reference,No,No,No,Existence of covid,Yes,"Government, politicians and international organizations",NA,NA,NA,NA,NA,NA,NA,Misinformation,1,2021
1347554978362232800,1,Misinformation,No,NA,NA,NA,NA,NA,NA,NA,NA,Neutrality,The Tweet does not contain an authority reference,No,No,Yes,Existence of covid,Yes,NA,NA,NA,NA,NA,NA,None,NA,Misinformation,1,2021
138219070372855e4,1,Misinformation,No,NA,NA,NA,NA,NA,NA,NA,NA,Neutrality,The Tweet does not contain an authority reference,No,No,No,Existence of covid,Yes,NA,NA,NA,NA,NA,NA,None,NA,Misinformation,1,2021
1375009524885639200,1,Accurate information,No,NA,NA,NA,NA,NA,NA,NA,NA,Neutrality,The Tweet does not contain an authority reference,No,No,No,Spread and detection,No,"Government, politicians and international organizations",NA,NA,NA,NA,NA,NA,NA,Other,0,2021
1340728157398327300,4,Other,Yes,NA,NA,NA,NA,NA,NA,NA,Misinformation is not attributed to an actor,Neutrality,The Tweet does not contain an authority reference,No,No,No,"News, information and misinformation",No,"Government, politicians and international organizations",NA,NA,NA,Individuals or communities,NA,NA,NA,Other,0,2020
1463422029198246e3,3,Accurate information,No,NA,NA,NA,NA,NA,NA,NA,NA,Negativity,The Tweet does not contain an authority reference,Yes,No,No,Vaccination,No,NA,NA,NA,NA,NA,NA,None,NA,Other,0,2021
1324019736158625800,2,Uncheckable claim,No,NA,NA,NA,NA,NA,NA,NA,NA,Neutrality,The Tweet does not contain an authority reference,No,No,No,"Policies, prevention & societal and economic impact",No,NA,NA,NA,NA,Individuals or communities,NA,NA,NA,Other,0,2020
1386646599540088800,2,Accurate information,No,NA,NA,NA,NA,NA,NA,NA,NA,Neutrality,The Tweet does not contain an authority reference,No,No,No,Symptoms or characteristics of covid,No,NA,NA,NA,NA,NA,NA,None,NA,Other,0,2021
1399080013996118e3,2,Other,No,NA,NA,NA,NA,NA,NA,NA,NA,Neutrality,The Tweet does not contain an authority reference,No,No,No,"Policies, prevention & societal and economic impact",No,NA,NA,NA,NA,NA,NA,None,NA,Other,0,2021
1467903943154057200,4,Misinformation,No,NA,NA,NA,NA,NA,NA,NA,NA,Neutrality,The Tweet contains a non-specific authority reference,No,No,No,"Remedies for cure, treatment and prevention",No,NA,NA,NA,NA,Individuals or communities,NA,NA,NA,Misinformation,1,2021
1365961612012748800,1,Misinformation,No,NA,NA,NA,NA,NA,NA,NA,NA,Neutrality,The Tweet does not contain an authority reference,No,No,Yes,Existence of covid,Yes,"Government, politicians and international organizations",NA,NA,NA,Individuals or communities,NA,NA,NA,Misinformation,1,2021
1295404579853676500,3,Other,No,NA,NA,NA,NA,NA,NA,NA,NA,Neutrality,The Tweet does not contain an authority reference,No,No,No,"Policies, prevention & societal and economic impact",No,NA,NA,NA,NA,NA,NA,None,NA,Other,0,2020
1482405254838640600,1,Accurate information,Yes,NA,NA,NA,NA,NA,NA,NA,Misinformation is not attributed to an actor,Neutrality,The Tweet contains a specific authority reference,No,No,No,"News, information and misinformation",No,NA,NA,Media,NA,Individuals or communities,NA,NA,NA,Other,0,2022
1487993375718523e3,3,Accurate information,Yes,NA,NA,NA,NA,NA,NA,NA,Misinformation is not attributed to an actor,Neutrality,The Tweet does not contain an authority reference,No,No,Yes,"News, information and misinformation",No,NA,NA,NA,Other major non-governmental actors,NA,NA,NA,NA,Other,0,2022
1311637991601909800,1,Other,No,NA,NA,NA,NA,NA,NA,NA,NA,Negativity,The Tweet does not contain an authority reference,Yes,No,No,"Policies, prevention & societal and economic impact",No,"Government, politicians and international organizations",NA,NA,NA,NA,NA,NA,NA,Other,0,2020
1257192843900342300,3,Accurate information,No,NA,NA,NA,NA,NA,NA,NA,NA,Neutrality,The Tweet does not contain an authority reference,No,No,No,"Policies, prevention & societal and economic impact",No,NA,NA,NA,NA,NA,NA,None,NA,Other,0,2020
1311968616406016e3,2,Accurate information,Yes,NA,NA,NA,NA,NA,NA,NA,Misinformation is not attributed to an actor,Neutrality,The Tweet does not contain an authority reference,No,No,No,"Policies, prevention & societal and economic impact",No,"Government, politicians and international organizations",NA,NA,NA,NA,NA,NA,NA,Other,0,2020
1451875130154623e3,2,Misinformation,No,NA,NA,NA,NA,NA,NA,NA,NA,Neutrality,The Tweet does not contain an authority reference,No,No,No,Vaccination,No,NA,NA,NA,Other major non-governmental actors,NA,NA,NA,NA,Misinformation,1,2021
1303364218897473500,3,Other,No,NA,NA,NA,NA,NA,NA,NA,NA,Negativity,The Tweet does not contain an authority reference,No,No,No,"Policies, prevention & societal and economic impact",No,NA,NA,NA,NA,NA,NA,None,NA,Other,0,2020
1235644461952249900,4,Other,No,NA,NA,NA,NA,NA,NA,NA,NA,Neutrality,The Tweet does not contain an authority reference,No,No,No,"Remedies for cure, treatment and prevention",No,NA,NA,NA,NA,NA,NA,None,NA,Other,0,2020
1255779758610305e3,1,Accurate information,No,NA,NA,NA,NA,NA,NA,NA,NA,Neutrality,The Tweet contains a specific authority reference,No,No,No,"Remedies for cure, treatment and prevention",No,NA,NA,NA,NA,NA,NA,NA,University or scientific organization,Other,0,2020
1252907426719957e3,1,Other,No,NA,NA,NA,NA,NA,NA,NA,NA,Mixed,The Tweet does not contain an authority reference,No,Yes,No,Existence of covid,No,NA,NA,NA,NA,Individuals or communities,NA,NA,NA,Other,0,2020
1258112355382300700,3,Uncheckable claim,Yes,NA,NA,NA,NA,NA,NA,Other actor,NA,Positivity,The Tweet does not contain an authority reference,No,No,No,Existence of covid,No,NA,NA,NA,NA,Individuals or communities,NA,NA,NA,Other,0,2020
1473344907666509800,1,Misinformation,No,NA,NA,NA,NA,NA,NA,NA,NA,Negativity,The Tweet does not contain an authority reference,No,No,Yes,Existence of covid,Yes,"Government, politicians and international organizations",Health services,NA,NA,Individuals or communities,NA,NA,NA,Misinformation,1,2021
1464541708146954200,4,Other,No,NA,NA,NA,NA,NA,NA,NA,NA,Neutrality,The Tweet does not contain an authority reference,No,No,No,"Policies, prevention & societal and economic impact",No,NA,NA,NA,NA,NA,NA,None,NA,Other,0,2021
1243821000262893600,1,Accurate information,Yes,NA,NA,NA,NA,NA,NA,NA,Misinformation is not attributed to an actor,Mixed,The Tweet does not contain an authority reference,No,No,Yes,"News, information and misinformation",No,NA,NA,NA,NA,NA,NA,None,NA,Other,0,2020
1462015945736605700,2,Misinformation,No,NA,NA,NA,NA,NA,NA,NA,NA,Neutrality,The Tweet does not contain an authority reference,No,No,No,"Remedies for cure, treatment and prevention",Yes,"Government, politicians and international organizations",NA,NA,NA,NA,NA,NA,NA,Misinformation,1,2021
1374314910100906e3,3,Misinformation,No,NA,NA,NA,NA,NA,NA,NA,NA,Negativity,The Tweet does not contain an authority reference,No,No,No,Severity of covid,No,"Government, politicians and international organizations",NA,NA,NA,NA,NA,NA,NA,Misinformation,1,2021
1356324229030011e3,4,Unable to classify,No,NA,NA,NA,NA,NA,NA,NA,NA,Neutrality,The Tweet does not contain an authority reference,No,No,No,Symptoms or characteristics of covid,No,NA,NA,NA,NA,NA,NA,None,NA,Other,0,2021
1454170208545955800,4,Other,Yes,NA,NA,NA,NA,NA,NA,NA,Misinformation is not attributed to an actor,Neutrality,The Tweet does not contain an authority reference,No,Yes,No,"News, information and misinformation",No,NA,NA,Media,NA,NA,NA,NA,NA,Other,0,2021
1488603032199778300,2,Suggestive misinformation,Yes,NA,"The Dutch government, cabinet, a member of the Dutch cabinet or civil servant",NA,NA,NA,NA,NA,NA,Neutrality,The Tweet does not contain an authority reference,No,No,No,"News, information and misinformation",No,"Government, politicians and international organizations",NA,NA,NA,NA,NA,NA,NA,Misinformation,1,2022
1274341281683124200,2,Accurate information,No,NA,NA,NA,NA,NA,NA,NA,NA,Negativity,The Tweet contains a specific authority reference,No,Yes,No,"Policies, prevention & societal and economic impact",No,"Government, politicians and international organizations",NA,Media,NA,NA,NA,NA,NA,Other,0,2020
1275504118476529700,1,Accurate information,No,NA,NA,NA,NA,NA,NA,NA,NA,Neutrality,The Tweet does not contain an authority reference,No,No,No,Spread and detection,No,NA,NA,NA,NA,Individuals or communities,NA,NA,NA,Other,0,2020
1259774789872427e3,1,Other,Yes,NA,NA,NA,NA,NA,NA,NA,Misinformation is not attributed to an actor,Neutrality,The Tweet does not contain an authority reference,No,No,No,Symptoms or characteristics of covid,No,NA,NA,NA,NA,Individuals or communities,NA,NA,NA,Other,0,2020
124458810019149e4,2,Misinformation,No,NA,NA,NA,NA,NA,NA,NA,NA,Neutrality,The Tweet contains a non-specific authority reference,No,No,No,Origin of covid,No,NA,NA,NA,NA,Individuals or communities,NA,NA,NA,Misinformation,1,2020
1262304649845104600,4,Misinformation,No,NA,NA,NA,NA,NA,NA,NA,NA,Neutrality,The Tweet does not contain an authority reference,No,No,No,Vaccination,No,NA,NA,NA,Other major non-governmental actors,NA,NA,NA,NA,Misinformation,1,2020
1409219465645117400,2,Uncheckable claim,No,NA,NA,NA,NA,NA,NA,NA,NA,Neutrality,The Tweet does not contain an authority reference,No,No,No,Symptoms or characteristics of covid,No,NA,NA,NA,NA,NA,NA,None,NA,Other,0,2021
1335969550672814e3,2,Uncheckable claim,No,NA,NA,NA,NA,NA,NA,NA,NA,Positivity,The Tweet does not contain an authority reference,No,No,No,"Policies, prevention & societal and economic impact",No,NA,NA,NA,NA,NA,NA,None,NA,Other,0,2020
1356945247280988200,4,Other,No,NA,NA,NA,NA,NA,NA,NA,NA,Positivity,The Tweet does not contain an authority reference,No,No,No,"Policies, prevention & societal and economic impact",No,NA,NA,NA,NA,NA,NA,None,NA,Other,0,2021
1251873547649155e3,2,Accurate information,Yes,NA,NA,NA,NA,NA,NA,NA,Misinformation is not attributed to an actor,Neutrality,The Tweet does not contain an authority reference,No,No,No,"News, information and misinformation",No,NA,NA,NA,NA,NA,NA,None,NA,Other,0,2020
1465817162149511200,1,Unable to classify,No,NA,NA,NA,NA,NA,NA,NA,NA,Neutrality,The Tweet does not contain an authority reference,No,No,No,Other,No,NA,NA,NA,NA,NA,NA,None,NA,Other,0,2021
1270821662368379e3,3,Uncheckable claim,No,NA,NA,NA,NA,NA,NA,NA,NA,Positivity,The Tweet does not contain an authority reference,No,No,No,"Remedies for cure, treatment and prevention",No,NA,NA,NA,NA,NA,NA,None,NA,Other,0,2020
1288941476697845800,3,Accurate information,Yes,NA,NA,NA,NA,NA,NA,NA,Misinformation is not attributed to an actor,Negativity,The Tweet does not contain an authority reference,No,No,No,"News, information and misinformation",No,NA,NA,NA,NA,NA,NA,None,NA,Other,0,2020
1418847098938830800,4,Other,No,NA,NA,NA,NA,NA,NA,NA,NA,Neutrality,The Tweet does not contain an authority reference,No,No,No,Existence of covid,Yes,NA,NA,NA,NA,NA,NA,None,NA,Other,0,2021
1316128041995767800,2,Other,Yes,NA,NA,NA,NA,NA,NA,NA,Misinformation is not attributed to an actor,Neutrality,The Tweet does not contain an authority reference,No,No,No,"Policies, prevention & societal and economic impact",No,NA,NA,NA,Other major non-governmental actors,NA,NA,NA,NA,Other,0,2020
1247447028696780800,1,Accurate information,No,NA,NA,NA,NA,NA,NA,NA,NA,Neutrality,The Tweet does not contain an authority reference,No,No,No,"Remedies for cure, treatment and prevention",No,NA,NA,NA,NA,NA,NA,None,NA,Other,0,2020
1249325457042018300,2,Other,No,NA,NA,NA,NA,NA,NA,NA,NA,Positivity,The Tweet does not contain an authority reference,No,No,No,"Policies, prevention & societal and economic impact",No,NA,NA,NA,NA,NA,NA,None,NA,Other,0,2020
1379690604125429800,2,Accurate information,No,NA,NA,NA,NA,NA,NA,NA,NA,Neutrality,The Tweet does not contain an authority reference,No,No,No,Symptoms or characteristics of covid,No,NA,NA,NA,NA,Individuals or communities,NA,NA,NA,Other,0,2021
1240973266673598500,4,Accurate information,No,NA,NA,NA,NA,NA,NA,NA,NA,Neutrality,The Tweet does not contain an authority reference,No,No,No,"News, information and misinformation",No,"Government, politicians and international organizations",NA,NA,NA,NA,NA,NA,NA,Other,0,2020
1471752014161801200,4,Other,Yes,NA,NA,NA,NA,NA,NA,NA,Misinformation is not attributed to an actor,Negativity,The Tweet does not contain an authority reference,No,No,No,"News, information and misinformation",No,NA,NA,NA,Other major non-governmental actors,NA,NA,NA,NA,Other,0,2021
1301824211971960800,3,Accurate information,No,NA,NA,NA,NA,NA,NA,NA,NA,Neutrality,The Tweet does not contain an authority reference,No,No,No,Spread and detection,No,NA,NA,NA,NA,NA,NA,None,NA,Other,0,2020
1337056141285748700,2,Misinformation,No,NA,NA,NA,NA,NA,NA,NA,NA,Negativity,The Tweet contains a non-specific authority reference,No,No,Yes,Existence of covid,Yes,NA,NA,NA,Other major non-governmental actors,NA,NA,NA,NA,Misinformation,1,2020
1367463492157079600,1,Accurate information,No,NA,NA,NA,NA,NA,NA,NA,NA,Neutrality,The Tweet contains a specific authority reference,No,No,No,"Policies, prevention & societal and economic impact",No,NA,NA,Media,NA,Individuals or communities,NA,NA,NA,Other,0,2021
1421345993354793e3,4,Misinformation,No,NA,NA,NA,NA,NA,NA,NA,NA,Neutrality,The Tweet contains a specific authority reference,No,No,No,Existence of covid,Yes,NA,Health services,NA,NA,NA,NA,NA,NA,Misinformation,1,2021
1375073822508978200,1,Uncheckable claim,No,NA,NA,NA,NA,NA,NA,NA,NA,Mixed,The Tweet does not contain an authority reference,No,Yes,No,"Policies, prevention & societal and economic impact",No,NA,NA,NA,NA,Individuals or communities,NA,NA,NA,Other,0,2021
1.3350134005737759e+18,2,Accurate information,No,NA,NA,NA,NA,NA,NA,NA,NA,Neutrality,The Tweet does not contain an authority reference,No,No,No,Symptoms or characteristics of covid,No,NA,NA,NA,NA,NA,NA,NA,University or scientific organization,Other,0,2020
1242917497751339e3,4,Accurate information,Yes,NA,NA,NA,NA,NA,"An opinion leader or individual who is not a journalist, and not a part of a government, parliament, or a political party",NA,NA,Neutrality,The Tweet contains a specific authority reference,No,No,No,"News, information and misinformation",No,NA,NA,Media,NA,Individuals or communities,NA,NA,NA,Other,0,2020
1339471648681017300,1,Accurate information,Yes,NA,NA,NA,NA,NA,NA,NA,Misinformation is not attributed to an actor,Neutrality,The Tweet does not contain an authority reference,No,No,No,"News, information and misinformation",No,NA,NA,NA,Other major non-governmental actors,NA,NA,NA,NA,Other,0,2020
1303386729383166e3,1,Other,No,NA,NA,NA,NA,NA,NA,NA,NA,Neutrality,The Tweet does not contain an authority reference,No,No,No,"Policies, prevention & societal and economic impact",No,NA,NA,NA,NA,NA,NA,None,NA,Other,0,2020
1308485233940013e3,2,Unable to classify,No,NA,NA,NA,NA,NA,NA,NA,NA,Neutrality,The Tweet does not contain an authority reference,No,No,No,Other,No,NA,NA,NA,NA,Individuals or communities,NA,NA,NA,Other,0,2020
1408681975234375700,2,Other,No,NA,NA,NA,NA,NA,NA,NA,NA,Neutrality,The Tweet does not contain an authority reference,No,No,No,"Policies, prevention & societal and economic impact",No,NA,NA,NA,NA,Individuals or communities,NA,NA,NA,Other,0,2021
1243114423109259300,3,Accurate information,No,NA,NA,NA,NA,NA,NA,NA,NA,Neutrality,The Tweet does not contain an authority reference,No,No,No,"Policies, prevention & societal and economic impact",No,"Government, politicians and international organizations",NA,NA,NA,Individuals or communities,NA,NA,NA,Other,0,2020
1355851807705223200,3,Uncheckable claim,No,NA,NA,NA,NA,NA,NA,NA,NA,Negativity,The Tweet does not contain an authority reference,No,No,No,Spread and detection,No,"Government, politicians and international organizations",NA,NA,NA,Individuals or communities,NA,NA,NA,Other,0,2021
1319687137734873e3,1,Other,No,NA,NA,NA,NA,NA,NA,NA,NA,Neutrality,The Tweet does not contain an authority reference,No,No,No,Other,No,NA,NA,NA,NA,NA,NA,None,NA,Other,0,2020
1307725754378129400,4,Other,No,NA,NA,NA,NA,NA,NA,NA,NA,Neutrality,The Tweet does not contain an authority reference,No,No,No,"Policies, prevention & societal and economic impact",No,NA,NA,NA,NA,NA,NA,None,NA,Other,0,2020
1388412674665500700,4,Other,No,NA,NA,NA,NA,NA,NA,NA,NA,Negativity,The Tweet does not contain an authority reference,Yes,No,No,"News, information and misinformation",No,NA,NA,NA,Other major non-governmental actors,Individuals or communities,NA,NA,NA,Other,0,2021
1321705572081799200,1,Accurate information,No,NA,NA,NA,NA,NA,NA,NA,NA,Neutrality,The Tweet does not contain an authority reference,No,No,No,"Remedies for cure, treatment and prevention",No,NA,NA,NA,NA,NA,NA,None,NA,Other,0,2020
1398951616678707200,3,Unable to classify,No,NA,NA,NA,NA,NA,NA,NA,NA,Neutrality,The Tweet does not contain an authority reference,No,No,No,Origin of covid,Yes,NA,NA,NA,NA,NA,NA,None,NA,Other,0,2021
1475415949486563300,4,Other,No,NA,NA,NA,NA,NA,NA,NA,NA,Neutrality,The Tweet does not contain an authority reference,No,No,No,Symptoms or characteristics of covid,No,NA,NA,NA,NA,Individuals or communities,NA,NA,NA,Other,0,2021
139532788778453e4,1,Accurate information,No,NA,NA,NA,NA,NA,NA,NA,NA,Negativity,The Tweet does not contain an authority reference,No,Yes,No,Spread and detection,No,NA,NA,NA,Other major non-governmental actors,NA,NA,NA,NA,Other,0,2021
1262477693473325e3,4,Accurate information,Yes,NA,NA,NA,NA,NA,NA,NA,Misinformation is not attributed to an actor,Neutrality,The Tweet does not contain an authority reference,No,No,No,"News, information and misinformation",No,NA,NA,NA,NA,NA,NA,NA,University or scientific organization,Other,0,2020
1458187264174051300,2,Uncheckable claim,No,NA,NA,NA,NA,NA,NA,NA,NA,Mixed,The Tweet does not contain an authority reference,No,No,No,Spread and detection,No,NA,NA,NA,NA,NA,NA,None,NA,Other,0,2021
1284607928234893300,4,Accurate information,Yes,NA,NA,NA,NA,NA,NA,NA,Misinformation is not attributed to an actor,Neutrality,The Tweet does not contain an authority reference,No,No,No,"News, information and misinformation",No,NA,NA,Media,NA,NA,NA,NA,NA,Other,0,2020
1270056691883741200,2,Other,No,NA,NA,NA,NA,NA,NA,NA,NA,Negativity,The Tweet does not contain an authority reference,Yes,No,No,Existence of covid,No,NA,NA,NA,NA,Individuals or communities,NA,NA,NA,Other,0,2020
1275049953132523500,4,Accurate information,Yes,NA,NA,NA,NA,NA,NA,NA,Misinformation is not attributed to an actor,Neutrality,The Tweet does not contain an authority reference,No,No,No,"News, information and misinformation",No,NA,NA,Media,NA,NA,NA,NA,NA,Other,0,2020
142903728304751e4,1,Uncheckable claim,No,NA,NA,NA,NA,NA,NA,NA,NA,Negativity,The Tweet does not contain an authority reference,No,No,No,Vaccination,No,NA,NA,NA,NA,Individuals or communities,NA,NA,NA,Other,0,2021
1295289381192859600,2,Other,No,NA,NA,NA,NA,NA,NA,NA,NA,Neutrality,The Tweet does not contain an authority reference,No,No,No,"Policies, prevention & societal and economic impact",No,NA,NA,NA,NA,NA,NA,None,NA,Other,0,2020
1471045179855491e3,3,Accurate information,No,NA,NA,NA,NA,NA,NA,NA,NA,Neutrality,The Tweet contains a non-specific authority reference,No,No,No,Severity of covid,No,NA,NA,NA,NA,Individuals or communities,NA,NA,NA,Other,0,2021
1257006753276989400,2,Misinformation,No,NA,NA,NA,NA,NA,NA,NA,NA,Negativity,The Tweet does not contain an authority reference,No,No,No,Existence of covid,Yes,"Government, politicians and international organizations",NA,NA,NA,NA,NA,NA,NA,Misinformation,1,2020
1420891078794698800,4,Other,No,NA,NA,NA,NA,NA,NA,NA,NA,Neutrality,The Tweet does not contain an authority reference,No,No,No,Existence of covid,Yes,NA,NA,NA,NA,NA,NA,None,NA,Other,0,2021
1340718281523667e3,3,Misinformation,No,NA,NA,NA,NA,NA,NA,NA,NA,Neutrality,The Tweet does not contain an authority reference,No,No,No,Existence of covid,Yes,"Government, politicians and international organizations",NA,NA,Other major non-governmental actors,NA,NA,NA,NA,Misinformation,1,2020
1288961179860324400,2,Accurate information,Yes,NA,NA,NA,NA,NA,"An opinion leader or individual who is not a journalist, and not a part of a government, parliament, or a political party",NA,NA,Neutrality,The Tweet does not contain an authority reference,No,No,No,"News, information and misinformation",No,NA,NA,NA,Other major non-governmental actors,NA,NA,NA,NA,Other,0,2020
1310463592240763e3,3,Misinformation,No,NA,NA,NA,NA,NA,NA,NA,NA,Negativity,The Tweet contains a specific authority reference,No,No,No,"Policies, prevention & societal and economic impact",No,NA,NA,NA,NA,NA,NA,NA,University or scientific organization,Misinformation,1,2020
1312854399421685800,2,Uncheckable claim,Yes,NA,NA,NA,NA,NA,"An opinion leader or individual who is not a journalist, and not a part of a government, parliament, or a political party",NA,NA,Negativity,The Tweet does not contain an authority reference,No,No,No,"News, information and misinformation",No,NA,NA,NA,NA,Individuals or communities,NA,NA,NA,Other,0,2020
1307282112010227700,3,Misinformation,No,NA,NA,NA,NA,NA,NA,NA,NA,Negativity,The Tweet does not contain an authority reference,Yes,No,No,Existence of covid,Yes,NA,NA,NA,NA,NA,NA,None,NA,Misinformation,1,2020
1239644008894337e3,2,Accurate information,No,NA,NA,NA,NA,NA,NA,NA,NA,Neutrality,The Tweet does not contain an authority reference,No,No,No,"Remedies for cure, treatment and prevention",No,NA,NA,NA,NA,NA,NA,None,NA,Other,0,2020
1315192582113288200,3,Other,No,NA,NA,NA,NA,NA,NA,NA,NA,Positivity,The Tweet does not contain an authority reference,No,No,No,Other,No,NA,NA,NA,NA,Individuals or communities,NA,NA,NA,Other,0,2020
1337310821869908e3,2,Other,No,NA,NA,NA,NA,NA,NA,NA,NA,Neutrality,The Tweet does not contain an authority reference,No,No,No,Symptoms or characteristics of covid,No,NA,Health services,NA,NA,NA,NA,NA,NA,Other,0,2020
1296200452602765300,1,Other,No,NA,NA,NA,NA,NA,NA,NA,NA,Neutrality,The Tweet does not contain an authority reference,No,No,No,"Policies, prevention & societal and economic impact",No,NA,NA,NA,NA,NA,NA,None,NA,Other,0,2020
1374024644022395e3,1,Accurate information,No,NA,NA,NA,NA,NA,NA,NA,NA,Negativity,The Tweet does not contain an authority reference,No,No,No,"Policies, prevention & societal and economic impact",No,"Government, politicians and international organizations",NA,NA,NA,Individuals or communities,NA,NA,NA,Other,0,2021
1276458648789815300,3,Other,No,NA,NA,NA,NA,NA,NA,NA,NA,Neutrality,The Tweet does not contain an authority reference,No,No,No,Other,No,NA,NA,NA,Other major non-governmental actors,Individuals or communities,NA,NA,NA,Other,0,2020
1467470658472980500,3,Accurate information,Yes,NA,NA,NA,NA,NA,NA,NA,Misinformation is not attributed to an actor,Negativity,The Tweet does not contain an authority reference,No,No,No,Severity of covid,No,NA,NA,NA,NA,NA,NA,None,NA,Other,0,2021
1379764357064749e3,2,Misinformation,No,NA,NA,NA,NA,NA,NA,NA,NA,Neutrality,The Tweet does not contain an authority reference,No,No,No,Severity of covid,No,NA,NA,NA,NA,NA,NA,None,NA,Misinformation,1,2021
1.2421183329600799e+18,3,Other,Yes,NA,NA,NA,NA,NA,NA,NA,Misinformation is not attributed to an actor,Neutrality,The Tweet does not contain an authority reference,No,No,No,"News, information and misinformation",No,"Government, politicians and international organizations",NA,NA,NA,NA,NA,NA,NA,Other,0,2020
1430124347738534e3,4,Misinformation,Yes,NA,NA,NA,NA,NA,"An opinion leader or individual who is not a journalist, and not a part of a government, parliament, or a political party",NA,NA,Negativity,The Tweet does not contain an authority reference,Yes,No,No,"News, information and misinformation",No,NA,NA,Media,NA,Individuals or communities,NA,NA,University or scientific organization,Misinformation,1,2021
1258022704386461700,4,Other,No,NA,NA,NA,NA,NA,NA,NA,NA,Neutrality,The Tweet does not contain an authority reference,No,No,No,"News, information and misinformation",No,"Government, politicians and international organizations",NA,NA,Other major non-governmental actors,NA,NA,NA,NA,Other,0,2020
1430883113333411800,2,Uncheckable claim,No,NA,NA,NA,NA,NA,NA,NA,NA,Neutrality,The Tweet does not contain an authority reference,No,No,No,Existence of covid,No,NA,NA,NA,NA,Individuals or communities,NA,NA,NA,Other,0,2021
1284439249270562800,2,Misinformation,Yes,NA,NA,NA,NA,NA,NA,NA,Misinformation is not attributed to an actor,Positivity,The Tweet contains a specific authority reference,No,No,No,Existence of covid,Yes,"Government, politicians and international organizations",NA,NA,NA,NA,NA,NA,NA,Misinformation,1,2020
1478296410046877700,4,Accurate information,No,NA,NA,NA,NA,NA,NA,NA,NA,Neutrality,The Tweet does not contain an authority reference,No,No,No,Symptoms or characteristics of covid,No,NA,Health services,NA,NA,NA,NA,NA,NA,Other,0,2022
1241294887926009900,4,Other,Yes,NA,NA,NA,NA,NA,NA,NA,Misinformation is not attributed to an actor,Mixed,The Tweet does not contain an authority reference,No,No,No,"News, information and misinformation",No,"Government, politicians and international organizations",NA,NA,NA,NA,NA,NA,NA,Other,0,2020
1251830487364112400,1,Accurate information,Yes,NA,NA,NA,NA,NA,NA,NA,Misinformation is not attributed to an actor,Neutrality,The Tweet does not contain an authority reference,No,No,No,"News, information and misinformation",No,NA,NA,NA,NA,NA,NA,None,NA,Other,0,2020
1482057620458516500,2,Misinformation,Yes,NA,NA,NA,NA,NA,NA,NA,Misinformation is not attributed to an actor,Neutrality,The Tweet contains a non-specific authority reference,No,No,No,Severity of covid,No,NA,NA,NA,NA,Individuals or communities,NA,NA,NA,Misinformation,1,2022
1459047598682169300,4,Other,Yes,NA,NA,NA,NA,NA,NA,Other actor,NA,Neutrality,The Tweet does not contain an authority reference,No,No,No,"Policies, prevention & societal and economic impact",No,NA,NA,NA,NA,Individuals or communities,NA,NA,NA,Other,0,2021
1336609160411160600,4,Accurate information,Yes,NA,NA,NA,NA,NA,NA,NA,Misinformation is not attributed to an actor,Neutrality,The Tweet does not contain an authority reference,No,No,Yes,"News, information and misinformation",No,"Government, politicians and international organizations",NA,NA,NA,NA,NA,NA,NA,Other,0,2020
1339136467487125500,1,Other,No,NA,NA,NA,NA,NA,NA,NA,NA,Neutrality,The Tweet does not contain an authority reference,No,No,No,Vaccination,No,NA,NA,NA,NA,NA,NA,NA,University or scientific organization,Other,0,2020
1260160541512917e3,1,Accurate information,No,NA,NA,NA,NA,NA,NA,NA,NA,Neutrality,The Tweet does not contain an authority reference,No,No,No,Other,No,"Government, politicians and international organizations",NA,NA,NA,NA,NA,NA,NA,Other,0,2020
1239621712351760400,1,Unable to classify,No,NA,NA,NA,NA,NA,NA,NA,NA,Neutrality,The Tweet does not contain an authority reference,No,No,No,Spread and detection,No,NA,NA,NA,NA,NA,NA,None,NA,Other,0,2020
1263764154705477600,4,Other,No,NA,NA,NA,NA,NA,NA,NA,NA,Neutrality,The Tweet does not contain an authority reference,No,No,No,"Policies, prevention & societal and economic impact",No,NA,NA,NA,NA,NA,NA,None,NA,Other,0,2020
1477578663784636400,3,Accurate information,Yes,NA,NA,NA,NA,NA,NA,NA,Misinformation is not attributed to an actor,Neutrality,The Tweet does not contain an authority reference,No,No,No,"News, information and misinformation",No,NA,NA,NA,NA,NA,NA,None,NA,Other,0,2022
1353275974918566e3,1,Misinformation,No,NA,NA,NA,NA,NA,NA,NA,NA,Negativity,The Tweet does not contain an authority reference,No,No,No,"Remedies for cure, treatment and prevention",No,"Government, politicians and international organizations",NA,NA,NA,NA,NA,NA,NA,Misinformation,1,2021
1234557333839151e3,1,Other,Yes,NA,NA,NA,NA,NA,NA,NA,Misinformation is not attributed to an actor,Neutrality,The Tweet does not contain an authority reference,No,No,No,"News, information and misinformation",No,NA,NA,NA,NA,NA,NA,None,NA,Other,0,2020
1366697697588174800,4,Accurate information,No,NA,NA,NA,NA,NA,NA,NA,NA,Neutrality,The Tweet does not contain an authority reference,No,No,No,Existence of covid,No,"Government, politicians and international organizations",NA,NA,NA,Individuals or communities,NA,NA,NA,Other,0,2021
1343676231296962600,2,Uncheckable claim,No,NA,NA,NA,NA,NA,NA,NA,NA,Neutrality,The Tweet does not contain an authority reference,No,No,No,Vaccination,No,NA,NA,NA,NA,Individuals or communities,NA,NA,NA,Other,0,2020
1247819770621243400,3,Other,No,NA,NA,NA,NA,NA,NA,NA,NA,Neutrality,The Tweet does not contain an authority reference,No,No,No,Vaccination,No,NA,NA,NA,NA,NA,NA,None,NA,Other,0,2020
1456316768507531300,1,Misinformation,Yes,NA,NA,NA,NA,NA,NA,NA,Misinformation is not attributed to an actor,Negativity,The Tweet contains a specific authority reference,Yes,No,Yes,"Policies, prevention & societal and economic impact",No,"Government, politicians and international organizations",NA,NA,NA,NA,NA,NA,NA,Misinformation,1,2021
1328998348322451500,4,Other,No,NA,NA,NA,NA,NA,NA,NA,NA,Neutrality,The Tweet does not contain an authority reference,No,No,No,Vaccination,No,NA,NA,NA,NA,NA,NA,None,NA,Other,0,2020
1270697930324955100,4,Other,No,NA,NA,NA,NA,NA,NA,NA,NA,Neutrality,The Tweet does not contain an authority reference,No,No,No,"Policies, prevention & societal and economic impact",No,NA,NA,NA,Other major non-governmental actors,Individuals or communities,NA,NA,NA,Other,0,2020
1398683694966136800,3,Accurate information,No,NA,NA,NA,NA,NA,NA,NA,NA,Positivity,The Tweet does not contain an authority reference,No,No,No,Spread and detection,No,NA,NA,NA,NA,Individuals or communities,NA,NA,NA,Other,0,2021
126738859164851e4,1,Accurate information,No,NA,NA,NA,NA,NA,NA,NA,NA,Neutrality,The Tweet does not contain an authority reference,No,No,No,Spread and detection,No,NA,NA,NA,NA,NA,NA,None,NA,Other,0,2020
1308802609093e6,2,Other,No,NA,NA,NA,NA,NA,NA,NA,NA,Negativity,The Tweet does not contain an authority reference,No,No,Yes,Existence of covid,No,NA,NA,NA,Other major non-governmental actors,NA,NA,NA,NA,Other,0,2020
1322161242967023600,4,Misinformation,No,NA,NA,NA,NA,NA,NA,NA,NA,Neutrality,The Tweet does not contain an authority reference,No,No,No,"Remedies for cure, treatment and prevention",No,"Government, politicians and international organizations",NA,NA,NA,NA,NA,NA,NA,Misinformation,1,2020
1403430764956602400,4,Accurate information,No,NA,NA,NA,NA,NA,NA,NA,NA,Neutrality,The Tweet contains a specific authority reference,No,No,No,Origin of covid,No,NA,NA,Media,NA,NA,NA,NA,NA,Other,0,2021
1452263635829538800,2,Suggestive misinformation,No,NA,NA,NA,NA,NA,NA,NA,NA,Neutrality,The Tweet does not contain an authority reference,No,No,No,"Remedies for cure, treatment and prevention",No,NA,NA,NA,NA,Individuals or communities,NA,NA,NA,Misinformation,1,2021
1266375241233608700,4,Accurate information,No,NA,NA,NA,NA,NA,NA,NA,NA,Neutrality,The Tweet contains a non-specific authority reference,No,No,No,"Policies, prevention & societal and economic impact",No,NA,NA,NA,NA,Individuals or communities,NA,NA,NA,Other,0,2020
1295236690899079200,4,Other,No,NA,NA,NA,NA,NA,NA,NA,NA,Neutrality,The Tweet does not contain an authority reference,No,No,No,"Policies, prevention & societal and economic impact",No,NA,NA,NA,NA,NA,NA,None,NA,Other,0,2020
1459224911273205800,4,Other,No,NA,NA,NA,NA,NA,NA,NA,NA,Negativity,The Tweet does not contain an authority reference,Yes,No,No,"Policies, prevention & societal and economic impact",No,NA,NA,NA,NA,Individuals or communities,NA,NA,NA,Other,0,2021
1310248495618691e3,4,Accurate information,No,NA,NA,NA,NA,NA,NA,NA,NA,Neutrality,The Tweet does not contain an authority reference,No,No,No,"Policies, prevention & societal and economic impact",No,"Government, politicians and international organizations",NA,NA,Other major non-governmental actors,NA,NA,NA,NA,Other,0,2020
1320772008809058300,4,Other,No,NA,NA,NA,NA,NA,NA,NA,NA,Neutrality,The Tweet does not contain an authority reference,No,No,No,"Remedies for cure, treatment and prevention",No,NA,NA,NA,NA,NA,NA,None,NA,Other,0,2020
1333300558992732200,3,Misinformation,No,NA,NA,NA,NA,NA,NA,NA,NA,Negativity,The Tweet does not contain an authority reference,No,No,No,Severity of covid,No,"Government, politicians and international organizations",NA,NA,NA,NA,NA,NA,NA,Misinformation,1,2020
1377235238980624400,2,Uncheckable claim,No,NA,NA,NA,NA,NA,NA,NA,NA,Mixed,The Tweet does not contain an authority reference,Yes,No,No,"Policies, prevention & societal and economic impact",No,"Government, politicians and international organizations",NA,NA,NA,NA,NA,NA,NA,Other,0,2021
1399671160015667200,2,Uncheckable claim,No,NA,NA,NA,NA,NA,NA,NA,NA,Neutrality,The Tweet does not contain an authority reference,No,No,No,Origin of covid,No,NA,NA,NA,Other major non-governmental actors,NA,NA,NA,NA,Other,0,2021
1295280158065209300,2,Misinformation,No,NA,NA,NA,NA,NA,NA,NA,NA,Neutrality,The Tweet does not contain an authority reference,No,No,No,"Policies, prevention & societal and economic impact",No,NA,NA,NA,NA,NA,NA,None,NA,Misinformation,1,2020
1421509444039553e3,2,Suggestive misinformation,Yes,NA,NA,NA,NA,NA,NA,NA,Misinformation is not attributed to an actor,Negativity,The Tweet does not contain an authority reference,No,No,No,Vaccination,No,NA,NA,NA,NA,Individuals or communities,NA,NA,NA,Misinformation,1,2021
1338925967633477600,3,Misinformation,No,NA,NA,NA,NA,NA,NA,NA,NA,Positivity,The Tweet does not contain an authority reference,No,Yes,No,"Policies, prevention & societal and economic impact",No,"Government, politicians and international organizations",NA,NA,Other major non-governmental actors,NA,NA,NA,NA,Misinformation,1,2020
1248563462109831200,3,Other,No,NA,NA,NA,NA,NA,NA,NA,NA,Neutrality,The Tweet does not contain an authority reference,No,No,No,"Policies, prevention & societal and economic impact",No,NA,NA,NA,NA,Individuals or communities,NA,NA,NA,Other,0,2020
1311964245391745e3,2,Accurate information,Yes,NA,NA,NA,NA,NA,NA,NA,Misinformation is not attributed to an actor,Neutrality,The Tweet does not contain an authority reference,No,No,No,Spread and detection,No,"Government, politicians and international organizations",NA,NA,NA,NA,NA,NA,NA,Other,0,2020
1295268873353166800,2,Other,No,NA,NA,NA,NA,NA,NA,NA,NA,Neutrality,The Tweet does not contain an authority reference,No,No,No,"Policies, prevention & societal and economic impact",No,NA,NA,NA,NA,NA,NA,None,NA,Other,0,2020
1349071152887386e3,4,Accurate information,No,NA,NA,NA,NA,NA,NA,NA,NA,Neutrality,The Tweet does not contain an authority reference,No,No,No,"Policies, prevention & societal and economic impact",No,NA,NA,NA,NA,NA,NA,None,NA,Other,0,2021
1261856731983995e3,4,Accurate information,Yes,NA,NA,NA,NA,NA,NA,NA,Misinformation is not attributed to an actor,Neutrality,The Tweet does not contain an authority reference,No,No,No,"News, information and misinformation",No,NA,NA,NA,NA,Individuals or communities,NA,NA,University or scientific organization,Other,0,2020
141344457811644e4,4,Uncheckable claim,Yes,NA,NA,NA,NA,NA,NA,NA,Misinformation is not attributed to an actor,Neutrality,The Tweet does not contain an authority reference,No,No,No,"News, information and misinformation",No,"Government, politicians and international organizations",NA,NA,NA,NA,NA,NA,NA,Other,0,2021
1242049481018925e3,2,Uncheckable claim,Yes,NA,NA,NA,A mainstream media outlet or journalist working in the mainstream media,NA,NA,NA,NA,Neutrality,The Tweet does not contain an authority reference,No,No,No,"News, information and misinformation",No,NA,NA,Media,NA,NA,NA,NA,NA,Other,0,2020
1249039407220494300,3,Accurate information,No,NA,NA,NA,NA,NA,NA,NA,NA,Neutrality,The Tweet does not contain an authority reference,No,No,No,"News, information and misinformation",No,NA,NA,NA,NA,NA,NA,None,NA,Other,0,2020
1478273069634494500,1,Misinformation,No,NA,NA,NA,NA,NA,NA,NA,NA,Neutrality,The Tweet does not contain an authority reference,No,No,No,Symptoms or characteristics of covid,No,NA,NA,NA,NA,Individuals or communities,NA,NA,NA,Misinformation,1,2022
1331329161131122700,2,Uncheckable claim,No,NA,NA,NA,NA,NA,NA,NA,NA,Positivity,The Tweet contains a specific authority reference,No,No,No,"Policies, prevention & societal and economic impact",No,NA,NA,Media,Other major non-governmental actors,NA,NA,NA,NA,Other,0,2020
1353997950226206700,1,Other,No,NA,NA,NA,NA,NA,NA,NA,NA,Neutrality,The Tweet does not contain an authority reference,No,No,No,"Policies, prevention & societal and economic impact",No,NA,NA,NA,NA,Individuals or communities,NA,NA,NA,Other,0,2021
1234724637101166600,1,Accurate information,Yes,NA,NA,NA,NA,NA,NA,NA,Misinformation is not attributed to an actor,Neutrality,The Tweet does not contain an authority reference,No,No,No,"News, information and misinformation",No,NA,NA,NA,NA,Individuals or communities,NA,NA,NA,Other,0,2020
1424677850242633700,1,Other,No,NA,NA,NA,NA,NA,NA,NA,NA,Neutrality,The Tweet contains a non-specific authority reference,No,No,No,"Policies, prevention & societal and economic impact",No,NA,NA,NA,Other major non-governmental actors,NA,NA,NA,NA,Other,0,2021
1471188860902195200,3,Accurate information,No,NA,NA,NA,NA,NA,NA,NA,NA,Neutrality,The Tweet does not contain an authority reference,No,No,No,Existence of covid,No,NA,NA,NA,NA,NA,NA,None,NA,Other,0,2021
1261353196213198800,2,Misinformation,No,NA,NA,NA,NA,NA,NA,NA,NA,Neutrality,The Tweet does not contain an authority reference,No,No,No,Spread and detection,No,NA,NA,Media,NA,NA,NA,NA,NA,Misinformation,1,2020
1486034448957247500,3,Accurate information,Yes,NA,NA,NA,NA,NA,"An opinion leader or individual who is not a journalist, and not a part of a government, parliament, or a political party",NA,NA,Neutrality,The Tweet does not contain an authority reference,No,No,No,"News, information and misinformation",No,NA,Health services,NA,Other major non-governmental actors,NA,NA,NA,NA,Other,0,2022
1386643291333173200,4,Accurate information,No,NA,NA,NA,NA,NA,NA,NA,NA,Neutrality,The Tweet does not contain an authority reference,No,No,No,"Policies, prevention & societal and economic impact",No,NA,NA,NA,Other major non-governmental actors,Individuals or communities,NA,NA,NA,Other,0,2021
1358523325773930500,4,Other,No,NA,NA,NA,NA,NA,NA,NA,NA,Positivity,The Tweet does not contain an authority reference,No,No,No,"News, information and misinformation",No,NA,NA,NA,NA,NA,NA,None,NA,Other,0,2021
1340476095532052500,2,Other,No,NA,NA,NA,NA,NA,NA,NA,NA,Neutrality,The Tweet does not contain an authority reference,No,No,No,"News, information and misinformation",No,NA,NA,NA,NA,NA,NA,None,NA,Other,0,2020
1339348984704487400,2,Misinformation,Yes,NA,NA,"A foreign politician, foreign government, international leader or international organization",NA,NA,NA,NA,NA,Negativity,The Tweet does not contain an authority reference,No,No,No,"News, information and misinformation",No,"Government, politicians and international organizations",NA,NA,NA,Individuals or communities,NA,NA,NA,Misinformation,1,2020
1438247636067356700,2,Other,No,NA,NA,NA,NA,NA,NA,NA,NA,Neutrality,The Tweet does not contain an authority reference,No,No,No,Other,No,NA,NA,NA,NA,NA,NA,None,NA,Other,0,2021
1296734937018663e3,1,Accurate information,Yes,NA,NA,NA,NA,NA,"An opinion leader or individual who is not a journalist, and not a part of a government, parliament, or a political party",NA,NA,Neutrality,The Tweet does not contain an authority reference,No,No,No,"News, information and misinformation",No,NA,NA,NA,NA,Individuals or communities,NA,NA,NA,Other,0,2020
1257432195993669600,1,Suggestive misinformation,Yes,NA,NA,NA,NA,NA,NA,NA,Misinformation is not attributed to an actor,Neutrality,The Tweet does not contain an authority reference,No,No,No,"News, information and misinformation",No,NA,NA,NA,Other major non-governmental actors,NA,NA,NA,NA,Misinformation,1,2020
1455119341125517300,3,Misinformation,No,NA,NA,NA,NA,NA,NA,NA,NA,Neutrality,The Tweet does not contain an authority reference,No,No,No,Vaccination,No,NA,NA,NA,Other major non-governmental actors,Individuals or communities,NA,NA,NA,Misinformation,1,2021
1364888530355441700,2,Misinformation,No,NA,NA,NA,NA,NA,NA,NA,NA,Neutrality,The Tweet contains a non-specific authority reference,No,No,No,"Policies, prevention & societal and economic impact",No,NA,NA,NA,NA,Individuals or communities,NA,NA,NA,Misinformation,1,2021
1313537444642513e3,1,Other,No,NA,NA,NA,NA,NA,NA,NA,NA,Neutrality,The Tweet does not contain an authority reference,No,No,No,"Policies, prevention & societal and economic impact",No,NA,NA,NA,NA,NA,NA,None,NA,Other,0,2020
1298221963639492600,1,Other,No,NA,NA,NA,NA,NA,NA,NA,NA,Neutrality,The Tweet does not contain an authority reference,No,No,Yes,Other,No,NA,NA,NA,Other major non-governmental actors,NA,NA,NA,NA,Other,0,2020
1242541696308506600,2,Accurate information,No,NA,NA,NA,NA,NA,NA,NA,NA,Mixed,The Tweet does not contain an authority reference,No,No,Yes,"Remedies for cure, treatment and prevention",No,NA,NA,NA,NA,NA,NA,None,NA,Other,0,2020
1444850382254051300,3,Other,No,NA,NA,NA,NA,NA,NA,NA,NA,Neutrality,The Tweet contains a non-specific authority reference,No,No,No,Vaccination,No,NA,Health services,NA,NA,NA,NA,NA,NA,Other,0,2021
1288083796567498800,1,Accurate information,Yes,NA,NA,NA,NA,NA,NA,NA,Misinformation is not attributed to an actor,Neutrality,The Tweet does not contain an authority reference,No,No,No,"News, information and misinformation",No,NA,NA,Media,NA,NA,NA,NA,NA,Other,0,2020
1381503206413467600,2,Accurate information,No,NA,NA,NA,NA,NA,NA,NA,NA,Neutrality,The Tweet does not contain an authority reference,No,No,No,"Remedies for cure, treatment and prevention",No,NA,NA,NA,NA,NA,NA,None,NA,Other,0,2021
1295647625333682200,4,Other,No,NA,NA,NA,NA,NA,NA,NA,NA,Neutrality,The Tweet does not contain an authority reference,No,No,No,"Policies, prevention & societal and economic impact",No,NA,NA,NA,NA,NA,NA,None,NA,Other,0,2020
1303592365983256600,3,Misinformation,No,NA,NA,NA,NA,NA,NA,NA,NA,Neutrality,The Tweet does not contain an authority reference,No,No,No,Existence of covid,Yes,NA,NA,NA,NA,NA,NA,None,NA,Misinformation,1,2020
1460870876581273600,2,Other,No,NA,NA,NA,NA,NA,NA,NA,NA,Positivity,The Tweet does not contain an authority reference,No,No,No,"Remedies for cure, treatment and prevention",No,NA,NA,NA,NA,NA,NA,None,NA,Other,0,2021
1285297210473750500,1,Misinformation,No,NA,NA,NA,NA,NA,NA,NA,NA,Neutrality,The Tweet does not contain an authority reference,No,No,No,"Remedies for cure, treatment and prevention",No,NA,NA,NA,NA,Individuals or communities,NA,NA,NA,Misinformation,1,2020
1259018257723515e3,3,Accurate information,No,NA,NA,NA,NA,NA,NA,NA,NA,Positivity,The Tweet does not contain an authority reference,No,No,No,"Policies, prevention & societal and economic impact",No,NA,NA,NA,NA,Individuals or communities,NA,NA,NA,Other,0,2020
1240294453182705700,1,Other,No,NA,NA,NA,NA,NA,NA,NA,NA,Neutrality,The Tweet does not contain an authority reference,No,No,No,"Policies, prevention & societal and economic impact",No,NA,NA,NA,NA,NA,NA,None,NA,Other,0,2020
1338343957403738e3,2,Accurate information,No,NA,NA,NA,NA,NA,NA,NA,NA,Neutrality,The Tweet does not contain an authority reference,No,No,No,Severity of covid,No,NA,Health services,NA,NA,NA,NA,NA,NA,Other,0,2020
1278231581849727e3,1,Other,Yes,NA,NA,NA,NA,NA,NA,NA,Misinformation is not attributed to an actor,Neutrality,The Tweet does not contain an authority reference,No,No,No,"News, information and misinformation",No,NA,NA,NA,NA,NA,NA,None,NA,Other,0,2020
1235519528328523800,2,Accurate information,No,NA,NA,NA,NA,NA,NA,NA,NA,Neutrality,The Tweet does not contain an authority reference,No,No,No,Spread and detection,No,"Government, politicians and international organizations",NA,NA,NA,NA,NA,NA,NA,Other,0,2020
1295663105360486400,4,Accurate information,No,NA,NA,NA,NA,NA,NA,NA,NA,Neutrality,The Tweet does not contain an authority reference,No,No,No,Spread and detection,No,NA,Health services,NA,NA,Individuals or communities,NA,NA,NA,Other,0,2020
1336745818402021400,2,Other,No,NA,NA,NA,NA,NA,NA,NA,NA,Positivity,The Tweet does not contain an authority reference,No,No,No,"Policies, prevention & societal and economic impact",No,"Government, politicians and international organizations",NA,NA,NA,NA,NA,NA,NA,Other,0,2020
1367081387694698500,2,Accurate information,No,NA,NA,NA,NA,NA,NA,NA,NA,Neutrality,The Tweet does not contain an authority reference,No,No,No,"Remedies for cure, treatment and prevention",No,"Government, politicians and international organizations",NA,NA,NA,NA,NA,NA,NA,Other,0,2021
1485623930861805600,2,Uncheckable claim,Yes,NA,NA,NA,NA,NA,"An opinion leader or individual who is not a journalist, and not a part of a government, parliament, or a political party",NA,NA,Neutrality,The Tweet does not contain an authority reference,No,No,No,"News, information and misinformation",No,"Government, politicians and international organizations",NA,NA,Other major non-governmental actors,NA,NA,NA,NA,Other,0,2022
1257943056046841900,2,Accurate information,No,NA,NA,NA,NA,NA,NA,NA,NA,Neutrality,The Tweet does not contain an authority reference,No,No,No,Spread and detection,No,NA,NA,NA,NA,NA,NA,None,NA,Other,0,2020
1342538051818545200,4,Accurate information,No,NA,NA,NA,NA,NA,NA,NA,NA,Neutrality,The Tweet does not contain an authority reference,Yes,No,No,Severity of covid,No,NA,NA,NA,NA,Individuals or communities,NA,NA,NA,Other,0,2020
1279172114612969500,3,Accurate information,No,NA,NA,NA,NA,NA,NA,NA,NA,Neutrality,The Tweet does not contain an authority reference,No,No,No,"News, information and misinformation",No,NA,NA,Media,NA,NA,NA,NA,NA,Other,0,2020
1354852973290127400,2,Misinformation,No,NA,NA,NA,NA,NA,NA,NA,NA,Neutrality,The Tweet contains a specific authority reference,No,No,No,Spread and detection,No,"Government, politicians and international organizations",NA,NA,NA,NA,NA,NA,NA,Misinformation,1,2021
1312283437118693400,2,Uncheckable claim,No,NA,NA,NA,NA,NA,NA,NA,NA,Neutrality,The Tweet does not contain an authority reference,No,No,No,Symptoms or characteristics of covid,No,NA,NA,NA,NA,NA,NA,None,NA,Other,0,2020
1481567602598101e3,4,Misinformation,Yes,NA,NA,NA,A mainstream media outlet or journalist working in the mainstream media,NA,NA,NA,NA,Positivity,The Tweet does not contain an authority reference,No,Yes,No,Vaccination,No,NA,NA,Media,NA,NA,NA,NA,NA,Misinformation,1,2022
1383848201652899800,2,Accurate information,Yes,NA,NA,NA,NA,NA,NA,NA,Misinformation is not attributed to an actor,Neutrality,The Tweet does not contain an authority reference,No,No,Yes,"Policies, prevention & societal and economic impact",No,"Government, politicians and international organizations",NA,NA,NA,Individuals or communities,NA,NA,NA,Other,0,2021
1483234843727118300,1,Other,Yes,NA,NA,NA,NA,NA,NA,NA,Misinformation is not attributed to an actor,Neutrality,The Tweet does not contain an authority reference,No,No,No,Other,No,NA,Health services,NA,NA,NA,NA,NA,NA,Other,0,2022
1322280403064017e3,2,Accurate information,No,NA,NA,NA,NA,NA,NA,NA,NA,Neutrality,The Tweet does not contain an authority reference,No,No,No,"Policies, prevention & societal and economic impact",No,NA,NA,NA,Other major non-governmental actors,NA,NA,NA,NA,Other,0,2020
1321507045351346200,2,Accurate information,No,NA,NA,NA,NA,NA,NA,NA,NA,Neutrality,The Tweet contains a specific authority reference,No,No,No,"Remedies for cure, treatment and prevention",No,NA,NA,Media,NA,NA,NA,NA,NA,Other,0,2020
1286306035108581400,4,Other,No,NA,NA,NA,NA,NA,NA,NA,NA,Neutrality,The Tweet does not contain an authority reference,No,No,No,"Policies, prevention & societal and economic impact",No,NA,NA,NA,NA,NA,NA,None,NA,Other,0,2020
1236741969600286700,2,Unable to classify,No,NA,NA,NA,NA,NA,NA,NA,NA,Positivity,The Tweet does not contain an authority reference,No,No,No,Spread and detection,No,NA,NA,NA,NA,Individuals or communities,NA,NA,NA,Other,0,2020
1247118138627547100,2,Accurate information,No,NA,NA,NA,NA,NA,NA,NA,NA,Neutrality,The Tweet does not contain an authority reference,No,No,No,"Policies, prevention & societal and economic impact",No,NA,NA,NA,NA,Individuals or communities,NA,NA,NA,Other,0,2020
1265918238388637700,1,Other,Yes,NA,NA,NA,NA,NA,NA,NA,Misinformation is not attributed to an actor,Neutrality,The Tweet contains a non-specific authority reference,No,No,No,"News, information and misinformation",No,NA,NA,NA,Other major non-governmental actors,NA,NA,NA,NA,Other,0,2020
1488076225092403200,3,Accurate information,Yes,NA,NA,NA,NA,NA,NA,NA,Misinformation is not attributed to an actor,Neutrality,The Tweet does not contain an authority reference,No,No,No,"News, information and misinformation",No,NA,NA,NA,Other major non-governmental actors,NA,NA,NA,NA,Other,0,2022
1245780970919338e3,2,Misinformation,No,NA,NA,NA,NA,NA,NA,NA,NA,Neutrality,The Tweet does not contain an authority reference,No,No,No,"Remedies for cure, treatment and prevention",No,NA,NA,NA,NA,NA,NA,None,NA,Misinformation,1,2020
1246733806041735200,4,Other,No,NA,NA,NA,NA,NA,NA,NA,NA,Neutrality,The Tweet does not contain an authority reference,No,No,No,"News, information and misinformation",No,NA,NA,NA,NA,NA,NA,None,NA,Other,0,2020
1265999260291563500,4,Accurate information,Yes,NA,NA,NA,NA,NA,NA,NA,Misinformation is not attributed to an actor,Neutrality,The Tweet does not contain an authority reference,No,No,No,"News, information and misinformation",No,NA,NA,NA,Other major non-governmental actors,NA,NA,NA,NA,Other,0,2020
1366299880780628e3,3,Other,Yes,NA,NA,NA,NA,NA,"An opinion leader or individual who is not a journalist, and not a part of a government, parliament, or a political party",NA,NA,Negativity,The Tweet does not contain an authority reference,Yes,No,Yes,"News, information and misinformation",No,NA,NA,NA,NA,Individuals or communities,NA,NA,NA,Other,0,2021
1342220229615743e3,1,Misinformation,No,NA,NA,NA,NA,NA,NA,NA,NA,Negativity,The Tweet does not contain an authority reference,No,No,Yes,Existence of covid,Yes,NA,NA,NA,NA,NA,NA,None,NA,Misinformation,1,2020
1249947554537787400,3,Accurate information,No,NA,NA,NA,NA,NA,NA,NA,NA,Neutrality,The Tweet does not contain an authority reference,No,No,No,"Policies, prevention & societal and economic impact",No,NA,Health services,NA,NA,NA,NA,NA,NA,Other,0,2020
1480136697233e6,2,Uncheckable claim,No,NA,NA,NA,NA,NA,NA,NA,NA,Negativity,The Tweet does not contain an authority reference,No,No,No,"News, information and misinformation",No,NA,NA,NA,NA,Individuals or communities,NA,NA,NA,Other,0,2022
1269737621506359300,3,Accurate information,No,NA,NA,NA,NA,NA,NA,NA,NA,Negativity,The Tweet does not contain an authority reference,No,No,No,"Policies, prevention & societal and economic impact",No,NA,NA,NA,Other major non-governmental actors,NA,NA,NA,NA,Other,0,2020
1325483980590870500,2,Accurate information,No,NA,NA,NA,NA,NA,NA,NA,NA,Neutrality,The Tweet contains a specific authority reference,No,No,No,Symptoms or characteristics of covid,No,NA,NA,NA,NA,NA,NA,None,NA,Other,0,2020
1300746064916615200,4,Accurate information,Yes,NA,NA,NA,NA,NA,NA,NA,Misinformation is not attributed to an actor,Neutrality,The Tweet does not contain an authority reference,No,No,No,"News, information and misinformation",No,NA,NA,NA,Other major non-governmental actors,NA,NA,NA,NA,Other,0,2020
1391343951442022400,1,Uncheckable claim,Yes,A Dutch politician (not seated in the Dutch cabinet),NA,NA,NA,NA,NA,NA,NA,Neutrality,The Tweet does not contain an authority reference,No,No,No,"News, information and misinformation",No,"Government, politicians and international organizations",NA,Media,NA,NA,NA,NA,NA,Other,0,2021
1321815583508336600,2,Accurate information,No,NA,NA,NA,NA,NA,NA,NA,NA,Neutrality,The Tweet contains a non-specific authority reference,No,No,No,"Remedies for cure, treatment and prevention",No,NA,NA,NA,NA,NA,NA,NA,University or scientific organization,Other,0,2020
1248548911599550500,3,Misinformation,No,NA,NA,NA,NA,NA,NA,NA,NA,Neutrality,The Tweet does not contain an authority reference,No,No,No,Existence of covid,Yes,NA,NA,NA,NA,NA,NA,None,NA,Misinformation,1,2020
1374816483386228700,3,Uncheckable claim,No,NA,NA,NA,NA,NA,NA,NA,NA,Mixed,The Tweet does not contain an authority reference,No,No,No,"Policies, prevention & societal and economic impact",No,NA,NA,NA,NA,NA,NA,None,NA,Other,0,2021
1270380939684782e3,4,Other,No,NA,NA,NA,NA,NA,NA,NA,NA,Negativity,The Tweet does not contain an authority reference,No,No,No,"Policies, prevention & societal and economic impact",No,NA,Health services,NA,NA,NA,NA,NA,NA,Other,0,2020
1247208203970056200,3,Accurate information,No,NA,NA,NA,NA,NA,NA,NA,NA,Positivity,The Tweet does not contain an authority reference,No,No,No,Other,No,NA,NA,NA,NA,NA,NA,None,NA,Other,0,2020
1308435200532242400,3,Other,No,NA,NA,NA,NA,NA,NA,NA,NA,Negativity,The Tweet does not contain an authority reference,No,No,No,"Policies, prevention & societal and economic impact",No,"Government, politicians and international organizations",NA,NA,NA,NA,NA,NA,NA,Other,0,2020
1464395751199498200,2,Accurate information,Yes,NA,NA,NA,NA,NA,NA,NA,Misinformation is not attributed to an actor,Neutrality,The Tweet does not contain an authority reference,No,No,No,"News, information and misinformation",No,"Government, politicians and international organizations",NA,NA,NA,NA,NA,NA,NA,Other,0,2021
1278027902379049e3,3,Other,No,NA,NA,NA,NA,NA,NA,NA,NA,Negativity,The Tweet does not contain an authority reference,No,No,No,Spread and detection,No,NA,NA,NA,NA,Individuals or communities,NA,NA,NA,Other,0,2020
1347981263324524500,3,Accurate information,No,NA,NA,NA,NA,NA,NA,NA,NA,Neutrality,The Tweet does not contain an authority reference,No,No,No,Spread and detection,No,NA,NA,NA,Other major non-governmental actors,NA,NA,NA,NA,Other,0,2021
1263053069786456e3,2,Misinformation,No,NA,NA,NA,NA,NA,NA,NA,NA,Positivity,The Tweet does not contain an authority reference,No,No,No,"Remedies for cure, treatment and prevention",No,NA,NA,NA,NA,NA,NA,None,NA,Misinformation,1,2020
1315318053849059300,4,Other,No,NA,NA,NA,NA,NA,NA,NA,NA,Neutrality,The Tweet does not contain an authority reference,No,No,No,"Policies, prevention & societal and economic impact",No,NA,NA,NA,NA,NA,NA,None,NA,Other,0,2020
1247211830365302800,3,Uncheckable claim,Yes,NA,NA,NA,NA,NA,NA,NA,Misinformation is not attributed to an actor,Neutrality,The Tweet does not contain an authority reference,No,No,No,"News, information and misinformation",No,NA,NA,NA,NA,Individuals or communities,NA,NA,NA,Other,0,2020
1456302145460920300,1,Suggestive misinformation,No,NA,NA,NA,NA,NA,NA,NA,NA,Neutrality,The Tweet does not contain an authority reference,No,No,No,Vaccination,No,NA,Health services,NA,NA,NA,NA,NA,NA,Misinformation,1,2021
1391097608454692900,1,Suggestive misinformation,Yes,NA,NA,NA,NA,NA,"An opinion leader or individual who is not a journalist, and not a part of a government, parliament, or a political party",NA,NA,Negativity,The Tweet does not contain an authority reference,Yes,Yes,No,"News, information and misinformation",No,NA,NA,Media,NA,Individuals or communities,NA,NA,NA,Misinformation,1,2021
1.2593619841785119e+18,1,Other,No,NA,NA,NA,NA,NA,NA,NA,NA,Neutrality,The Tweet does not contain an authority reference,No,No,No,Existence of covid,No,NA,NA,NA,NA,NA,NA,None,NA,Other,0,2020
1326420718121345e3,3,Accurate information,No,NA,NA,NA,NA,NA,NA,NA,NA,Neutrality,The Tweet does not contain an authority reference,No,No,No,Spread and detection,No,NA,NA,NA,NA,Individuals or communities,NA,NA,NA,Other,0,2020
1405431078291226600,4,Misinformation,No,NA,NA,NA,NA,NA,NA,NA,NA,Negativity,The Tweet does not contain an authority reference,No,No,Yes,"News, information and misinformation",Yes,NA,NA,NA,NA,Individuals or communities,NA,NA,NA,Misinformation,1,2021
1391660540095877e3,1,Other,No,NA,NA,NA,NA,NA,NA,NA,NA,Neutrality,The Tweet does not contain an authority reference,No,No,No,Vaccination,No,NA,NA,NA,NA,NA,NA,None,NA,Other,0,2021
1311230829838954500,1,Uncheckable claim,No,NA,NA,NA,NA,NA,NA,NA,NA,Neutrality,The Tweet does not contain an authority reference,No,No,No,"Policies, prevention & societal and economic impact",No,"Government, politicians and international organizations",NA,NA,Other major non-governmental actors,NA,NA,NA,NA,Other,0,2020
1335495322143953e3,4,Misinformation,No,NA,NA,NA,NA,NA,NA,NA,NA,Neutrality,The Tweet contains a non-specific authority reference,No,No,No,"News, information and misinformation",No,NA,NA,NA,NA,Individuals or communities,NA,NA,University or scientific organization,Misinformation,1,2020
1397011709529886700,1,Accurate information,No,NA,NA,NA,NA,NA,NA,NA,NA,Mixed,The Tweet contains a specific authority reference,No,No,No,"Policies, prevention & societal and economic impact",No,"Government, politicians and international organizations",NA,NA,NA,NA,NA,NA,NA,Other,0,2021
1321522765934059500,1,Accurate information,No,NA,NA,NA,NA,NA,NA,NA,NA,Neutrality,The Tweet contains a non-specific authority reference,No,No,No,"Remedies for cure, treatment and prevention",No,NA,NA,NA,NA,NA,NA,NA,University or scientific organization,Other,0,2020
1309446299129872400,2,Accurate information,Yes,NA,NA,NA,NA,NA,"An opinion leader or individual who is not a journalist, and not a part of a government, parliament, or a political party",NA,NA,Neutrality,The Tweet does not contain an authority reference,No,No,No,"News, information and misinformation",No,NA,NA,NA,Other major non-governmental actors,NA,NA,NA,NA,Other,0,2020
1255621542865707e3,3,Misinformation,No,NA,NA,NA,NA,NA,NA,NA,NA,Neutrality,The Tweet does not contain an authority reference,No,No,No,"Remedies for cure, treatment and prevention",No,NA,NA,NA,NA,NA,NA,None,NA,Misinformation,1,2020
1304166374659555300,3,Accurate information,No,NA,NA,NA,NA,NA,NA,NA,NA,Neutrality,The Tweet does not contain an authority reference,No,No,No,Vaccination,No,"Government, politicians and international organizations",NA,NA,NA,NA,NA,NA,NA,Other,0,2020
1333178013488459800,2,Unable to classify,No,NA,NA,NA,NA,NA,NA,NA,NA,Neutrality,The Tweet does not contain an authority reference,No,No,No,Spread and detection,No,NA,NA,NA,NA,NA,NA,None,NA,Other,0,2020
1378444163113484300,3,Misinformation,No,NA,NA,NA,NA,NA,NA,NA,NA,Neutrality,The Tweet contains a non-specific authority reference,No,No,No,"Policies, prevention & societal and economic impact",No,NA,NA,NA,Other major non-governmental actors,NA,NA,NA,NA,Misinformation,1,2021
1485620985869045800,2,Other,Yes,NA,NA,NA,NA,NA,NA,NA,Misinformation is not attributed to an actor,Neutrality,The Tweet does not contain an authority reference,No,No,No,"News, information and misinformation",No,NA,Health services,NA,NA,NA,NA,NA,NA,Other,0,2022
123707174135842e4,1,Accurate information,No,NA,NA,NA,NA,NA,NA,NA,NA,Neutrality,The Tweet does not contain an authority reference,No,No,No,Severity of covid,No,NA,NA,NA,NA,Individuals or communities,NA,NA,NA,Other,0,2020
1371202317438087200,1,Unable to classify,Yes,NA,NA,NA,NA,NA,NA,NA,Misinformation is not attributed to an actor,Neutrality,The Tweet does not contain an authority reference,No,No,No,Other,No,NA,NA,NA,NA,Individuals or communities,NA,NA,NA,Other,0,2021
1245457655021305900,1,Accurate information,No,NA,NA,NA,NA,NA,NA,NA,NA,Neutrality,The Tweet does not contain an authority reference,Yes,No,No,"Remedies for cure, treatment and prevention",No,NA,NA,NA,Other major non-governmental actors,Individuals or communities,NA,NA,NA,Other,0,2020
1463510979828871200,4,Accurate information,No,NA,NA,NA,NA,NA,NA,NA,NA,Neutrality,The Tweet does not contain an authority reference,No,No,No,"Policies, prevention & societal and economic impact",No,NA,NA,NA,NA,NA,NA,None,NA,Other,0,2021
1279677416336773e3,1,Unable to classify,Yes,NA,NA,NA,NA,NA,NA,NA,Misinformation is not attributed to an actor,Neutrality,The Tweet does not contain an authority reference,No,No,No,"News, information and misinformation",No,NA,NA,NA,NA,NA,NA,None,NA,Other,0,2020
1297802765671039e3,3,Accurate information,Yes,NA,NA,NA,NA,NA,NA,Other actor,NA,Neutrality,The Tweet does not contain an authority reference,No,No,No,"News, information and misinformation",No,NA,NA,NA,NA,Individuals or communities,NA,NA,NA,Other,0,2020
1307355308319223800,4,Accurate information,Yes,NA,NA,NA,NA,NA,NA,NA,Misinformation is not attributed to an actor,Neutrality,The Tweet does not contain an authority reference,No,No,No,"News, information and misinformation",No,"Government, politicians and international organizations",NA,NA,NA,NA,NA,NA,NA,Other,0,2020
1464298568202821600,2,Other,No,NA,NA,NA,NA,NA,NA,NA,NA,Negativity,The Tweet does not contain an authority reference,No,No,No,"Policies, prevention & societal and economic impact",No,"Government, politicians and international organizations",NA,NA,NA,NA,NA,NA,NA,Other,0,2021
1319750127607816200,3,Other,No,NA,NA,NA,NA,NA,NA,NA,NA,Negativity,The Tweet does not contain an authority reference,No,No,No,"Policies, prevention & societal and economic impact",No,NA,NA,NA,NA,NA,NA,None,NA,Other,0,2020
1337301712361676800,1,Accurate information,Yes,NA,NA,NA,NA,NA,NA,Other actor,NA,Neutrality,The Tweet does not contain an authority reference,No,No,No,"News, information and misinformation",No,NA,Health services,NA,NA,NA,NA,NA,NA,Other,0,2020
1306998430095425500,4,Misinformation,No,NA,NA,NA,NA,NA,NA,NA,NA,Neutrality,The Tweet does not contain an authority reference,No,No,No,Existence of covid,Yes,NA,NA,Media,NA,NA,NA,NA,NA,Misinformation,1,2020
1261289207370301400,4,Accurate information,Yes,NA,NA,NA,NA,NA,NA,NA,Misinformation is not attributed to an actor,Neutrality,The Tweet does not contain an authority reference,No,No,No,"News, information and misinformation",No,NA,NA,NA,NA,Individuals or communities,NA,NA,University or scientific organization,Other,0,2020
1488619607816560600,2,Misinformation,No,NA,NA,NA,NA,NA,NA,NA,NA,Negativity,The Tweet does not contain an authority reference,No,No,No,Vaccination,No,NA,NA,NA,NA,NA,NA,None,NA,Misinformation,1,2022
1465802587932876800,4,Other,No,NA,NA,NA,NA,NA,NA,NA,NA,Neutrality,The Tweet does not contain an authority reference,No,No,No,Spread and detection,No,NA,NA,NA,NA,Individuals or communities,NA,NA,NA,Other,0,2021
1474786188280139800,4,Other,No,NA,NA,NA,NA,NA,NA,NA,NA,Neutrality,The Tweet does not contain an authority reference,No,No,No,Vaccination,No,NA,NA,NA,NA,NA,NA,None,NA,Other,0,2021
1476139182137524200,3,Accurate information,Yes,NA,NA,NA,NA,NA,NA,Other actor,NA,Negativity,The Tweet does not contain an authority reference,No,Yes,No,"News, information and misinformation",No,NA,NA,NA,Other major non-governmental actors,Individuals or communities,NA,NA,NA,Other,0,2021
1344613647981686800,2,Misinformation,No,NA,NA,NA,NA,NA,NA,NA,NA,Negativity,The Tweet does not contain an authority reference,No,No,No,Existence of covid,Yes,"Government, politicians and international organizations",NA,NA,NA,Individuals or communities,NA,NA,NA,Misinformation,1,2020
1243474057959542800,3,Misinformation,No,NA,NA,NA,NA,NA,NA,NA,NA,Neutrality,The Tweet does not contain an authority reference,No,No,No,Symptoms or characteristics of covid,No,NA,NA,NA,NA,Individuals or communities,NA,NA,NA,Misinformation,1,2020
1374723282436493300,3,Other,No,NA,NA,NA,NA,NA,NA,NA,NA,Negativity,The Tweet does not contain an authority reference,No,No,No,Vaccination,No,NA,NA,NA,NA,NA,NA,None,NA,Other,0,2021
1300402831581683700,4,Accurate information,Yes,NA,NA,NA,NA,NA,NA,NA,Misinformation is not attributed to an actor,Neutrality,The Tweet does not contain an authority reference,No,No,No,"News, information and misinformation",No,"Government, politicians and international organizations",NA,NA,NA,NA,NA,NA,NA,Other,0,2020
1299368766430679e3,1,Misinformation,No,NA,NA,NA,NA,NA,NA,NA,NA,Positivity,The Tweet does not contain an authority reference,No,No,No,Existence of covid,Yes,NA,Health services,NA,NA,NA,NA,NA,NA,Misinformation,1,2020
140521505018556e4,2,Misinformation,No,NA,NA,NA,NA,NA,NA,NA,NA,Neutrality,The Tweet does not contain an authority reference,No,No,No,Vaccination,No,NA,NA,NA,NA,NA,NA,None,NA,Misinformation,1,2021
1317454978945028e3,2,Other,No,NA,NA,NA,NA,NA,NA,NA,NA,Neutrality,The Tweet does not contain an authority reference,No,No,No,"Policies, prevention & societal and economic impact",No,NA,Health services,NA,NA,NA,NA,NA,NA,Other,0,2020
1339231371735208e3,4,Other,No,NA,NA,NA,NA,NA,NA,NA,NA,Neutrality,The Tweet does not contain an authority reference,No,No,No,Symptoms or characteristics of covid,No,NA,NA,Media,NA,Individuals or communities,NA,NA,NA,Other,0,2020
1428365441357926400,4,Uncheckable claim,No,NA,NA,NA,NA,NA,NA,NA,NA,Neutrality,The Tweet does not contain an authority reference,No,No,No,"News, information and misinformation",No,NA,NA,NA,NA,NA,NA,None,NA,Other,0,2021
1473282053076664300,1,Accurate information,No,NA,NA,NA,NA,NA,NA,NA,NA,Neutrality,The Tweet does not contain an authority reference,No,No,No,Symptoms or characteristics of covid,No,NA,NA,NA,NA,NA,NA,None,NA,Other,0,2021
1343875458870501400,2,Accurate information,Yes,NA,NA,NA,NA,NA,"An opinion leader or individual who is not a journalist, and not a part of a government, parliament, or a political party",NA,NA,Neutrality,The Tweet does not contain an authority reference,No,No,No,"News, information and misinformation",No,NA,NA,NA,NA,Individuals or communities,NA,NA,NA,Other,0,2020
1389874384568037400,1,Uncheckable claim,No,NA,NA,NA,NA,NA,NA,NA,NA,Positivity,The Tweet does not contain an authority reference,No,No,No,Vaccination,No,NA,Health services,NA,NA,Individuals or communities,NA,NA,NA,Other,0,2021
1266676486603448300,4,Accurate information,No,NA,NA,NA,NA,NA,NA,NA,NA,Neutrality,The Tweet does not contain an authority reference,No,No,No,"Remedies for cure, treatment and prevention",No,NA,NA,NA,NA,NA,NA,None,NA,Other,0,2020
1263548097902391300,1,Accurate information,No,NA,NA,NA,NA,NA,NA,NA,NA,Neutrality,The Tweet does not contain an authority reference,No,No,No,Symptoms or characteristics of covid,No,NA,NA,NA,NA,Individuals or communities,NA,NA,NA,Other,0,2020
1409097072968622e3,2,Misinformation,No,NA,NA,NA,NA,NA,NA,NA,NA,Neutrality,The Tweet does not contain an authority reference,No,No,No,Existence of covid,Yes,NA,NA,NA,NA,NA,NA,None,NA,Misinformation,1,2021
1459089293893320700,4,Accurate information,No,NA,NA,NA,NA,NA,NA,NA,NA,Neutrality,The Tweet contains a specific authority reference,No,No,No,"News, information and misinformation",No,NA,NA,NA,NA,Individuals or communities,NA,NA,University or scientific organization,Other,0,2021
1477742124296806400,1,Other,Yes,NA,NA,NA,NA,NA,NA,NA,Misinformation is not attributed to an actor,Neutrality,The Tweet does not contain an authority reference,No,No,No,"News, information and misinformation",No,"Government, politicians and international organizations",NA,NA,NA,Individuals or communities,NA,NA,NA,Other,0,2022
1370056094391935e3,1,Uncheckable claim,No,NA,NA,NA,NA,NA,NA,NA,NA,Negativity,The Tweet does not contain an authority reference,No,No,No,Spread and detection,No,NA,NA,NA,NA,Individuals or communities,NA,NA,NA,Other,0,2021
1375086765355233300,2,Misinformation,No,NA,NA,NA,NA,NA,NA,NA,NA,Negativity,The Tweet does not contain an authority reference,No,No,No,Vaccination,No,NA,NA,NA,NA,Individuals or communities,NA,NA,NA,Misinformation,1,2021
1407751545773609e3,1,Suggestive misinformation,No,NA,NA,NA,NA,NA,NA,NA,NA,Neutrality,The Tweet does not contain an authority reference,No,No,Yes,Existence of covid,Yes,"Government, politicians and international organizations",NA,NA,Other major non-governmental actors,NA,NA,NA,NA,Misinformation,1,2021
1471098854934302700,4,Misinformation,No,NA,NA,NA,NA,NA,NA,NA,NA,Neutrality,The Tweet does not contain an authority reference,No,No,No,Severity of covid,No,NA,NA,NA,NA,Individuals or communities,NA,NA,NA,Misinformation,1,2021
1235995015370993700,2,Accurate information,No,NA,NA,NA,NA,NA,NA,NA,NA,Neutrality,The Tweet does not contain an authority reference,No,No,No,Spread and detection,No,NA,NA,NA,NA,Individuals or communities,NA,NA,NA,Other,0,2020
1359135920646205400,2,Misinformation,No,NA,NA,NA,NA,NA,NA,NA,NA,Neutrality,The Tweet does not contain an authority reference,No,No,No,Vaccination,No,NA,NA,NA,NA,NA,NA,None,NA,Misinformation,1,2021
1246899350795702300,4,Other,No,NA,NA,NA,NA,NA,NA,NA,NA,Neutrality,The Tweet does not contain an authority reference,No,No,No,"Policies, prevention & societal and economic impact",No,"Government, politicians and international organizations",NA,NA,Other major non-governmental actors,Individuals or communities,NA,NA,University or scientific organization,Other,0,2020
1289122335535095800,3,Misinformation,No,NA,NA,NA,NA,NA,NA,NA,NA,Neutrality,The Tweet does not contain an authority reference,No,No,No,Origin of covid,No,NA,NA,NA,NA,Individuals or communities,NA,NA,NA,Misinformation,1,2020
1313527542373064700,2,Other,No,NA,NA,NA,NA,NA,NA,NA,NA,Neutrality,The Tweet does not contain an authority reference,No,No,No,"Policies, prevention & societal and economic impact",No,NA,NA,NA,NA,NA,NA,None,NA,Other,0,2020
1248892806237544400,2,Accurate information,No,NA,NA,NA,NA,NA,NA,NA,NA,Neutrality,The Tweet does not contain an authority reference,No,No,No,"Policies, prevention & societal and economic impact",No,NA,NA,NA,NA,NA,NA,None,NA,Other,0,2020
1296704949116637200,3,Other,No,NA,NA,NA,NA,NA,NA,NA,NA,Negativity,The Tweet does not contain an authority reference,No,No,No,Spread and detection,No,NA,NA,NA,NA,Individuals or communities,NA,NA,NA,Other,0,2020
1409208352211677200,2,Misinformation,Yes,NA,NA,NA,A mainstream media outlet or journalist working in the mainstream media,NA,NA,NA,NA,Negativity,The Tweet does not contain an authority reference,No,No,No,"News, information and misinformation",No,NA,NA,Media,NA,Individuals or communities,NA,NA,NA,Misinformation,1,2021
1277598788300034e3,2,Misinformation,No,NA,NA,NA,NA,NA,NA,NA,NA,Negativity,The Tweet does not contain an authority reference,No,No,No,"Policies, prevention & societal and economic impact",No,"Government, politicians and international organizations",NA,NA,NA,Individuals or communities,NA,NA,NA,Misinformation,1,2020
1353758777653264400,2,Misinformation,Yes,NA,NA,NA,NA,NA,NA,NA,Misinformation is not attributed to an actor,Neutrality,The Tweet contains a specific authority reference,No,No,No,Spread and detection,No,"Government, politicians and international organizations",NA,NA,Other major non-governmental actors,NA,NA,NA,NA,Misinformation,1,2021
1239932606520668200,4,Accurate information,No,NA,NA,NA,NA,NA,NA,NA,NA,Neutrality,The Tweet does not contain an authority reference,No,No,No,"Policies, prevention & societal and economic impact",No,NA,NA,NA,NA,Individuals or communities,NA,NA,NA,Other,0,2020
1371887747422687200,3,Accurate information,No,NA,NA,NA,NA,NA,NA,NA,NA,Neutrality,The Tweet does not contain an authority reference,No,No,No,Spread and detection,No,NA,Health services,NA,NA,NA,NA,NA,NA,Other,0,2021
1392574717756940300,4,Other,No,NA,NA,NA,NA,NA,NA,NA,NA,Negativity,The Tweet does not contain an authority reference,No,No,No,"Policies, prevention & societal and economic impact",No,"Government, politicians and international organizations",NA,NA,NA,NA,NA,NA,NA,Other,0,2021
1428097302888071200,1,Other,No,NA,NA,NA,NA,NA,NA,NA,NA,Mixed,The Tweet does not contain an authority reference,No,No,No,Spread and detection,No,NA,NA,NA,NA,NA,NA,None,NA,Other,0,2021
1340262090666348500,1,Other,No,NA,NA,NA,NA,NA,NA,NA,NA,Neutrality,The Tweet does not contain an authority reference,No,No,Yes,Other,No,NA,NA,NA,Other major non-governmental actors,Individuals or communities,NA,NA,NA,Other,0,2020
1292762007146463200,4,Other,No,NA,NA,NA,NA,NA,NA,NA,NA,Neutrality,The Tweet does not contain an authority reference,No,No,No,Spread and detection,No,NA,NA,NA,NA,Individuals or communities,NA,NA,NA,Other,0,2020
1363792153579724800,2,Uncheckable claim,No,NA,NA,NA,NA,NA,NA,NA,NA,Neutrality,The Tweet does not contain an authority reference,No,No,No,"Remedies for cure, treatment and prevention",No,NA,NA,NA,NA,NA,NA,None,NA,Other,0,2021
1470829036662411300,3,Accurate information,No,NA,NA,NA,NA,NA,NA,NA,NA,Neutrality,The Tweet does not contain an authority reference,No,No,No,Spread and detection,No,NA,NA,NA,NA,NA,NA,NA,University or scientific organization,Other,0,2021
1335227605121978400,4,Other,Yes,NA,NA,NA,NA,NA,NA,NA,Misinformation is not attributed to an actor,Neutrality,The Tweet does not contain an authority reference,No,No,No,"News, information and misinformation",No,"Government, politicians and international organizations",NA,NA,NA,Individuals or communities,NA,NA,NA,Other,0,2020
1256610022953496600,2,Uncheckable claim,Yes,NA,NA,NA,NA,NA,NA,NA,Misinformation is not attributed to an actor,Neutrality,The Tweet does not contain an authority reference,No,No,No,"News, information and misinformation",No,NA,NA,NA,NA,NA,NA,None,NA,Other,0,2020
1351482302099038200,3,Misinformation,No,NA,NA,NA,NA,NA,NA,NA,NA,Neutrality,The Tweet contains a non-specific authority reference,No,No,No,"Policies, prevention & societal and economic impact",No,"Government, politicians and international organizations",NA,NA,NA,NA,NA,NA,NA,Misinformation,1,2021
1450369142180049e3,1,Accurate information,No,NA,NA,NA,NA,NA,NA,NA,NA,Neutrality,The Tweet does not contain an authority reference,No,No,No,"Policies, prevention & societal and economic impact",No,NA,NA,NA,Other major non-governmental actors,NA,NA,NA,NA,Other,0,2021
1388041912557478e3,3,Accurate information,No,NA,NA,NA,NA,NA,NA,NA,NA,Neutrality,The Tweet does not contain an authority reference,No,No,No,Vaccination,No,NA,NA,NA,NA,NA,NA,None,NA,Other,0,2021
1342751949591076900,1,Suggestive misinformation,Yes,NA,NA,NA,NA,NA,NA,NA,Misinformation is not attributed to an actor,Neutrality,The Tweet does not contain an authority reference,No,No,No,Existence of covid,No,"Government, politicians and international organizations",NA,NA,NA,NA,NA,NA,NA,Misinformation,1,2020
1386587125810962400,4,Suggestive misinformation,No,NA,NA,NA,NA,NA,NA,NA,NA,Negativity,The Tweet does not contain an authority reference,No,No,No,Existence of covid,Yes,"Government, politicians and international organizations",NA,NA,NA,NA,NA,NA,NA,Misinformation,1,2021
1276114744366321700,4,Accurate information,No,NA,NA,NA,NA,NA,NA,NA,NA,Neutrality,The Tweet contains a specific authority reference,No,No,No,"Policies, prevention & societal and economic impact",No,"Government, politicians and international organizations",NA,Media,Other major non-governmental actors,NA,NA,NA,NA,Other,0,2020
1336639207847186400,4,Accurate information,No,NA,NA,NA,NA,NA,NA,NA,NA,Neutrality,The Tweet does not contain an authority reference,No,No,No,Vaccination,No,NA,NA,NA,NA,Individuals or communities,NA,NA,NA,Other,0,2020
1486717217639055400,2,Misinformation,Yes,NA,"The Dutch government, cabinet, a member of the Dutch cabinet or civil servant",NA,NA,NA,NA,NA,NA,Mixed,The Tweet does not contain an authority reference,No,No,No,"News, information and misinformation",No,"Government, politicians and international organizations",NA,NA,NA,NA,NA,NA,NA,Misinformation,1,2022
1456585198196465700,1,Uncheckable claim,Yes,NA,"The Dutch government, cabinet, a member of the Dutch cabinet or civil servant",NA,NA,NA,NA,NA,NA,Neutrality,The Tweet does not contain an authority reference,No,No,No,"News, information and misinformation",No,"Government, politicians and international organizations",NA,NA,NA,NA,NA,NA,NA,Other,0,2021
1376422604572098600,1,Misinformation,No,NA,NA,NA,NA,NA,NA,NA,NA,Neutrality,The Tweet does not contain an authority reference,No,No,No,Existence of covid,Yes,NA,NA,NA,NA,NA,NA,None,NA,Misinformation,1,2021
1329491773224345600,1,Accurate information,No,NA,NA,NA,NA,NA,NA,NA,NA,Mixed,The Tweet does not contain an authority reference,No,No,No,Vaccination,No,NA,NA,NA,NA,NA,NA,None,NA,Other,0,2020
1481408988218597400,3,Accurate information,No,NA,NA,NA,NA,NA,NA,NA,NA,Neutrality,The Tweet does not contain an authority reference,No,No,No,Spread and detection,No,"Government, politicians and international organizations",NA,NA,NA,NA,NA,NA,NA,Other,0,2022
1319257764514988e3,2,Other,No,NA,NA,NA,NA,NA,NA,NA,NA,Neutrality,The Tweet does not contain an authority reference,No,No,No,"Remedies for cure, treatment and prevention",No,NA,NA,NA,NA,NA,NA,None,NA,Other,0,2020
1343131911045132300,2,Accurate information,No,NA,NA,NA,NA,NA,NA,NA,NA,Positivity,The Tweet does not contain an authority reference,No,No,No,Vaccination,No,"Government, politicians and international organizations",NA,NA,NA,NA,NA,NA,NA,Other,0,2020
1341432924995e6,2,Accurate information,No,NA,NA,NA,NA,NA,NA,NA,NA,Neutrality,The Tweet does not contain an authority reference,Yes,No,No,Existence of covid,No,NA,NA,NA,Other major non-governmental actors,Individuals or communities,NA,NA,NA,Other,0,2020
1418112765210812400,1,Other,No,NA,NA,NA,NA,NA,NA,NA,NA,Neutrality,The Tweet does not contain an authority reference,No,No,No,Origin of covid,No,NA,NA,NA,NA,NA,NA,None,NA,Other,0,2021
1306175516689522700,1,Accurate information,Yes,NA,NA,NA,NA,NA,NA,NA,Misinformation is not attributed to an actor,Negativity,The Tweet does not contain an authority reference,No,No,Yes,"News, information and misinformation",No,NA,NA,NA,NA,NA,NA,None,NA,Other,0,2020
1305537424169275400,3,Uncheckable claim,No,NA,NA,NA,NA,NA,NA,NA,NA,Neutrality,The Tweet does not contain an authority reference,No,No,No,"Policies, prevention & societal and economic impact",No,NA,NA,NA,Other major non-governmental actors,NA,NA,NA,NA,Other,0,2020
1470831148079239200,1,Misinformation,No,NA,NA,NA,NA,NA,NA,NA,NA,Negativity,The Tweet does not contain an authority reference,No,No,No,Existence of covid,Yes,NA,NA,NA,NA,Individuals or communities,NA,NA,NA,Misinformation,1,2021
1329908728989163500,4,Other,No,NA,NA,NA,NA,NA,NA,NA,NA,Negativity,The Tweet does not contain an authority reference,No,No,No,"Policies, prevention & societal and economic impact",No,NA,NA,NA,NA,NA,NA,None,NA,Other,0,2020
1317199151566913500,1,Other,No,NA,NA,NA,NA,NA,NA,NA,NA,Neutrality,The Tweet does not contain an authority reference,Yes,No,No,"Policies, prevention & societal and economic impact",No,"Government, politicians and international organizations",NA,NA,NA,NA,NA,NA,NA,Other,0,2020
140088663941777e4,4,Misinformation,No,NA,NA,NA,NA,NA,NA,NA,NA,Neutrality,The Tweet does not contain an authority reference,No,No,No,Existence of covid,Yes,NA,NA,NA,NA,NA,NA,None,NA,Misinformation,1,2021
1333853644014358500,2,Other,No,NA,NA,NA,NA,NA,NA,NA,NA,Neutrality,The Tweet does not contain an authority reference,No,No,No,Vaccination,No,NA,NA,NA,NA,NA,NA,None,NA,Other,0,2020
1242550007858892800,2,Accurate information,No,NA,NA,NA,NA,NA,NA,NA,NA,Neutrality,The Tweet contains a non-specific authority reference,No,No,No,Spread and detection,No,NA,NA,NA,Other major non-governmental actors,NA,NA,NA,NA,Other,0,2020
1456154122802053e3,2,Other,Yes,A Dutch politician (not seated in the Dutch cabinet),NA,NA,NA,NA,NA,NA,NA,Negativity,The Tweet does not contain an authority reference,No,No,No,"News, information and misinformation",No,"Government, politicians and international organizations",NA,NA,NA,NA,NA,NA,NA,Other,0,2021
1484069355969204200,2,Accurate information,No,NA,NA,NA,NA,NA,NA,NA,NA,Neutrality,The Tweet contains a non-specific authority reference,No,No,No,Symptoms or characteristics of covid,No,NA,NA,NA,Other major non-governmental actors,NA,NA,NA,NA,Other,0,2022
1239563085666553900,3,Accurate information,Yes,NA,NA,NA,NA,NA,NA,NA,Misinformation is not attributed to an actor,Neutrality,The Tweet does not contain an authority reference,No,No,No,"News, information and misinformation",No,"Government, politicians and international organizations",NA,NA,NA,NA,NA,NA,NA,Other,0,2020
1472522129908379600,4,Misinformation,No,NA,NA,NA,NA,NA,NA,NA,NA,Neutrality,The Tweet does not contain an authority reference,No,No,No,Vaccination,No,NA,NA,NA,NA,Individuals or communities,NA,NA,NA,Misinformation,1,2021
1488045562574393300,4,Accurate information,Yes,NA,NA,NA,NA,NA,NA,NA,Misinformation is not attributed to an actor,Neutrality,The Tweet does not contain an authority reference,No,No,No,"News, information and misinformation",No,NA,NA,NA,Other major non-governmental actors,NA,NA,NA,NA,Other,0,2022
1307437443201863700,4,Other,Yes,NA,NA,NA,NA,NA,NA,Other actor,NA,Negativity,The Tweet does not contain an authority reference,Yes,No,No,"News, information and misinformation",Yes,NA,NA,NA,NA,Individuals or communities,NA,NA,NA,Other,0,2020
1380565690780942300,3,Misinformation,No,NA,NA,NA,NA,NA,NA,NA,NA,Positivity,The Tweet does not contain an authority reference,No,No,No,"Remedies for cure, treatment and prevention",No,NA,NA,NA,Other major non-governmental actors,NA,NA,NA,NA,Misinformation,1,2021
1414877984943661e3,1,Uncheckable claim,No,NA,NA,NA,NA,NA,NA,NA,NA,Neutrality,The Tweet does not contain an authority reference,No,No,No,Symptoms or characteristics of covid,No,NA,NA,NA,NA,NA,NA,None,NA,Other,0,2021
1341736238475296800,4,Accurate information,No,NA,NA,NA,NA,NA,NA,NA,NA,Neutrality,The Tweet does not contain an authority reference,No,No,No,Spread and detection,No,NA,NA,NA,NA,NA,NA,None,NA,Other,0,2020
1329346013061128200,3,Other,No,NA,NA,NA,NA,NA,NA,NA,NA,Negativity,The Tweet does not contain an authority reference,Yes,No,No,Vaccination,No,NA,NA,NA,NA,Individuals or communities,NA,NA,NA,Other,0,2020
1311281737855631400,1,Uncheckable claim,No,NA,NA,NA,NA,NA,NA,NA,NA,Neutrality,The Tweet does not contain an authority reference,No,No,No,"Policies, prevention & societal and economic impact",No,"Government, politicians and international organizations",NA,NA,Other major non-governmental actors,NA,NA,NA,NA,Other,0,2020
1243282697054761e3,2,Misinformation,No,NA,NA,NA,NA,NA,NA,NA,NA,Neutrality,The Tweet does not contain an authority reference,No,No,No,"Remedies for cure, treatment and prevention",No,NA,NA,NA,NA,NA,NA,None,NA,Misinformation,1,2020
1337461011285209e3,1,Other,No,NA,NA,NA,NA,NA,NA,NA,NA,Neutrality,The Tweet does not contain an authority reference,No,No,No,Other,No,NA,NA,NA,Other major non-governmental actors,NA,NA,NA,NA,Other,0,2020
1316060449713148e3,4,Misinformation,No,NA,NA,NA,NA,NA,NA,NA,NA,Neutrality,The Tweet does not contain an authority reference,No,No,No,Vaccination,No,NA,NA,NA,NA,Individuals or communities,NA,NA,NA,Misinformation,1,2020
1263138419548577800,3,Other,Yes,NA,NA,NA,NA,NA,NA,Other actor,NA,Neutrality,The Tweet does not contain an authority reference,No,No,No,"News, information and misinformation",No,NA,NA,NA,NA,Individuals or communities,NA,NA,NA,Other,0,2020
1295301661636931600,4,Other,No,NA,NA,NA,NA,NA,NA,NA,NA,Neutrality,The Tweet does not contain an authority reference,No,No,No,"Policies, prevention & societal and economic impact",No,NA,NA,NA,NA,NA,NA,None,NA,Other,0,2020
1474848876100259800,1,Unable to classify,No,NA,NA,NA,NA,NA,NA,NA,NA,Neutrality,The Tweet does not contain an authority reference,No,No,No,Other,No,NA,NA,NA,Other major non-governmental actors,NA,NA,NA,NA,Other,0,2021
1244544519078645800,1,Accurate information,No,NA,NA,NA,NA,NA,NA,NA,NA,Neutrality,The Tweet does not contain an authority reference,No,No,No,"Remedies for cure, treatment and prevention",No,NA,NA,NA,NA,Individuals or communities,NA,NA,University or scientific organization,Other,0,2020
1488029642808254500,1,Accurate information,Yes,NA,NA,NA,NA,NA,NA,NA,Misinformation is not attributed to an actor,Neutrality,The Tweet does not contain an authority reference,No,No,No,"News, information and misinformation",No,NA,NA,NA,Other major non-governmental actors,NA,NA,NA,NA,Other,0,2022
1347484899167629300,1,Misinformation,No,NA,NA,NA,NA,NA,NA,NA,NA,Neutrality,The Tweet does not contain an authority reference,No,No,Yes,Vaccination,Yes,NA,NA,NA,NA,NA,NA,None,NA,Misinformation,1,2021
1458385737330614300,1,Other,No,NA,NA,NA,NA,NA,NA,NA,NA,Neutrality,The Tweet does not contain an authority reference,No,No,No,"Policies, prevention & societal and economic impact",No,NA,NA,NA,NA,NA,NA,None,NA,Other,0,2021
1473238967147503600,2,Misinformation,No,NA,NA,NA,NA,NA,NA,NA,NA,Negativity,The Tweet does not contain an authority reference,No,No,No,Existence of covid,Yes,"Government, politicians and international organizations",NA,NA,NA,NA,NA,NA,NA,Misinformation,1,2021
1292762338895048700,3,Other,No,NA,NA,NA,NA,NA,NA,NA,NA,Neutrality,The Tweet does not contain an authority reference,No,No,No,Spread and detection,No,NA,NA,NA,NA,NA,NA,None,NA,Other,0,2020
1276792650058944500,3,Accurate information,No,NA,NA,NA,NA,NA,NA,NA,NA,Neutrality,The Tweet does not contain an authority reference,No,No,No,Other,No,NA,NA,NA,NA,NA,NA,None,NA,Other,0,2020
1249708941438791700,1,Accurate information,Yes,NA,NA,NA,NA,NA,NA,NA,Misinformation is not attributed to an actor,Negativity,The Tweet does not contain an authority reference,No,No,No,"News, information and misinformation",No,NA,NA,Media,Other major non-governmental actors,NA,NA,NA,NA,Other,0,2020
1476981616534765600,2,Misinformation,No,NA,NA,NA,NA,NA,NA,NA,NA,Positivity,The Tweet does not contain an authority reference,No,No,No,"Remedies for cure, treatment and prevention",No,NA,NA,NA,NA,NA,NA,None,NA,Misinformation,1,2021
1242905205546549200,4,Other,No,NA,NA,NA,NA,NA,NA,NA,NA,Neutrality,The Tweet does not contain an authority reference,No,No,No,"Policies, prevention & societal and economic impact",No,NA,NA,NA,NA,NA,NA,None,NA,Other,0,2020
1235147835122778e3,4,Accurate information,Yes,NA,NA,NA,NA,NA,NA,NA,Misinformation is not attributed to an actor,Neutrality,The Tweet does not contain an authority reference,No,No,No,"News, information and misinformation",No,"Government, politicians and international organizations",NA,NA,Other major non-governmental actors,NA,NA,NA,NA,Other,0,2020
1416833547978035200,3,Misinformation,No,NA,NA,NA,NA,NA,NA,NA,NA,Neutrality,The Tweet does not contain an authority reference,No,No,No,Vaccination,No,NA,NA,NA,NA,Individuals or communities,NA,NA,NA,Misinformation,1,2021
1241319515822133200,4,Unable to classify,No,NA,NA,NA,NA,NA,NA,NA,NA,Negativity,The Tweet does not contain an authority reference,No,No,No,"News, information and misinformation",No,"Government, politicians and international organizations",NA,NA,NA,Individuals or communities,NA,NA,NA,Other,0,2020
1457766886423269400,4,Misinformation,No,NA,NA,NA,NA,NA,NA,NA,NA,Neutrality,The Tweet does not contain an authority reference,No,No,No,Severity of covid,No,NA,NA,NA,NA,NA,NA,None,NA,Misinformation,1,2021
1253200068414496800,4,Accurate information,No,NA,NA,NA,NA,NA,NA,NA,NA,Neutrality,The Tweet does not contain an authority reference,No,No,No,Symptoms or characteristics of covid,No,NA,NA,NA,NA,NA,NA,None,NA,Other,0,2020
1465357853703782400,4,Misinformation,No,NA,NA,NA,NA,NA,NA,NA,NA,Neutrality,The Tweet does not contain an authority reference,No,No,No,Symptoms or characteristics of covid,No,NA,NA,NA,NA,Individuals or communities,NA,NA,NA,Misinformation,1,2021
1323714491662667800,2,Uncheckable claim,No,NA,NA,NA,NA,NA,NA,NA,NA,Neutrality,The Tweet does not contain an authority reference,No,No,No,Spread and detection,No,NA,NA,NA,NA,Individuals or communities,NA,NA,NA,Other,0,2020
1483525340144283600,4,Other,Yes,NA,NA,NA,NA,NA,NA,NA,Misinformation is not attributed to an actor,Neutrality,The Tweet does not contain an authority reference,Yes,No,No,"News, information and misinformation",No,"Government, politicians and international organizations",NA,NA,NA,NA,NA,NA,NA,Other,0,2022
1435198874461909e3,1,Uncheckable claim,Yes,NA,NA,NA,A mainstream media outlet or journalist working in the mainstream media,NA,NA,NA,NA,Neutrality,The Tweet does not contain an authority reference,No,No,No,"News, information and misinformation",No,NA,NA,Media,NA,Individuals or communities,NA,NA,NA,Other,0,2021
1.3150250671018721e+18,3,Accurate information,No,NA,NA,NA,NA,NA,NA,NA,NA,Positivity,The Tweet does not contain an authority reference,No,No,No,"News, information and misinformation",No,"Government, politicians and international organizations",NA,NA,NA,NA,NA,NA,NA,Other,0,2020
1416781513195131e3,4,Misinformation,No,NA,NA,NA,NA,NA,NA,NA,NA,Neutrality,The Tweet does not contain an authority reference,No,No,Yes,Vaccination,No,NA,NA,NA,NA,NA,NA,NA,University or scientific organization,Misinformation,1,2021
1252257256164524e3,3,Accurate information,Yes,NA,NA,NA,NA,NA,NA,Other actor,NA,Neutrality,The Tweet contains a specific authority reference,No,No,No,"News, information and misinformation",No,NA,NA,Media,NA,Individuals or communities,NA,NA,NA,Other,0,2020
1483118261042561e3,2,Accurate information,No,NA,NA,NA,NA,NA,NA,NA,NA,Neutrality,The Tweet does not contain an authority reference,No,No,No,Spread and detection,No,NA,NA,NA,Other major non-governmental actors,Individuals or communities,NA,NA,NA,Other,0,2022
1378685381974065200,4,Other,Yes,NA,NA,NA,NA,NA,NA,NA,Misinformation is not attributed to an actor,Negativity,The Tweet does not contain an authority reference,No,No,No,Existence of covid,No,"Government, politicians and international organizations",NA,NA,NA,NA,NA,NA,NA,Other,0,2021
1308446119433851e3,4,Other,No,NA,NA,NA,NA,NA,NA,NA,NA,Negativity,The Tweet does not contain an authority reference,Yes,No,No,Other,Yes,NA,NA,NA,NA,NA,NA,None,NA,Other,0,2020
1301564711906021400,2,Accurate information,No,NA,NA,NA,NA,NA,NA,NA,NA,Neutrality,The Tweet does not contain an authority reference,No,No,No,Origin of covid,No,NA,NA,NA,Other major non-governmental actors,NA,NA,NA,NA,Other,0,2020
1369191763542487e3,4,Accurate information,No,NA,NA,NA,NA,NA,NA,NA,NA,Neutrality,The Tweet does not contain an authority reference,No,No,No,Symptoms or characteristics of covid,No,NA,NA,NA,NA,Individuals or communities,NA,NA,NA,Other,0,2021
1306241563438317600,4,Unable to classify,No,NA,NA,NA,NA,NA,NA,NA,NA,Neutrality,The Tweet does not contain an authority reference,No,No,No,Other,No,NA,NA,NA,NA,NA,NA,None,NA,Other,0,2020
1359266419704295400,4,Accurate information,No,NA,NA,NA,NA,NA,NA,NA,NA,Neutrality,The Tweet does not contain an authority reference,No,No,No,Vaccination,No,NA,NA,NA,NA,Individuals or communities,NA,NA,NA,Other,0,2021
1437766291465584600,4,Accurate information,No,NA,NA,NA,NA,NA,NA,NA,NA,Neutrality,The Tweet does not contain an authority reference,No,No,No,Symptoms or characteristics of covid,No,NA,NA,NA,NA,Individuals or communities,NA,NA,NA,Other,0,2021
1347573031602802700,4,Accurate information,No,NA,NA,NA,NA,NA,NA,NA,NA,Neutrality,The Tweet does not contain an authority reference,No,No,No,"News, information and misinformation",No,NA,NA,NA,NA,Individuals or communities,NA,NA,NA,Other,0,2021
1237705344484343800,2,Accurate information,No,NA,NA,NA,NA,NA,NA,NA,NA,Positivity,The Tweet does not contain an authority reference,No,No,No,Symptoms or characteristics of covid,No,NA,NA,Media,NA,NA,NA,NA,NA,Other,0,2020
1418989332979929e3,2,Unable to classify,No,NA,NA,NA,NA,NA,NA,NA,NA,Positivity,The Tweet does not contain an authority reference,No,No,No,Existence of covid,No,NA,NA,NA,NA,NA,NA,None,NA,Other,0,2021
125212705006182e4,2,Uncheckable claim,No,NA,NA,NA,NA,NA,NA,NA,NA,Neutrality,The Tweet does not contain an authority reference,No,No,No,"Remedies for cure, treatment and prevention",No,NA,NA,NA,NA,NA,NA,None,NA,Other,0,2020
1344278478439538700,2,Uncheckable claim,No,NA,NA,NA,NA,NA,NA,NA,NA,Neutrality,The Tweet does not contain an authority reference,No,No,No,Symptoms or characteristics of covid,No,NA,NA,NA,NA,Individuals or communities,NA,NA,NA,Other,0,2020
1258098194266931200,2,Uncheckable claim,No,NA,NA,NA,NA,NA,NA,NA,NA,Neutrality,The Tweet does not contain an authority reference,No,No,No,Symptoms or characteristics of covid,No,NA,NA,NA,Other major non-governmental actors,NA,NA,NA,NA,Other,0,2020
1245443826514161700,3,Accurate information,No,NA,NA,NA,NA,NA,NA,NA,NA,Neutrality,The Tweet does not contain an authority reference,No,No,No,"Remedies for cure, treatment and prevention",No,NA,NA,NA,NA,NA,Other,NA,NA,Other,0,2020
1316236164991459300,2,Uncheckable claim,No,NA,NA,NA,NA,NA,NA,NA,NA,Mixed,The Tweet does not contain an authority reference,No,No,No,Spread and detection,No,NA,NA,NA,NA,Individuals or communities,NA,NA,NA,Other,0,2020
1375556543341596700,2,Misinformation,No,NA,NA,NA,NA,NA,NA,NA,NA,Negativity,The Tweet contains a specific authority reference,No,No,No,Existence of covid,Yes,NA,NA,NA,NA,Individuals or communities,NA,NA,NA,Misinformation,1,2021
1349246314844975e3,1,Other,No,NA,NA,NA,NA,NA,NA,NA,NA,Neutrality,The Tweet does not contain an authority reference,No,No,No,"Policies, prevention & societal and economic impact",No,NA,NA,NA,NA,NA,NA,None,NA,Other,0,2021
1296020078471913500,2,Accurate information,No,NA,NA,NA,NA,NA,NA,NA,NA,Positivity,The Tweet contains a non-specific authority reference,No,No,No,Spread and detection,No,NA,NA,Media,NA,NA,NA,NA,University or scientific organization,Other,0,2020
1322982135049977900,2,Misinformation,No,NA,NA,NA,NA,NA,NA,NA,NA,Negativity,The Tweet does not contain an authority reference,No,No,No,"Policies, prevention & societal and economic impact",No,NA,NA,Media,Other major non-governmental actors,Individuals or communities,NA,NA,NA,Misinformation,1,2020
1317474499944730600,4,Other,No,NA,NA,NA,NA,NA,NA,NA,NA,Neutrality,The Tweet does not contain an authority reference,No,No,No,Spread and detection,No,NA,NA,NA,NA,Individuals or communities,NA,NA,NA,Other,0,2020
1374623748402335700,4,Accurate information,No,NA,NA,NA,NA,NA,NA,NA,NA,Neutrality,The Tweet does not contain an authority reference,No,No,No,"Policies, prevention & societal and economic impact",No,NA,NA,NA,NA,NA,NA,None,NA,Other,0,2021
1296337260347089e3,2,Other,No,NA,NA,NA,NA,NA,NA,NA,NA,Positivity,The Tweet does not contain an authority reference,No,No,No,"Policies, prevention & societal and economic impact",No,NA,NA,NA,Other major non-governmental actors,NA,NA,NA,NA,Other,0,2020
1473168119619272700,4,Accurate information,No,NA,NA,NA,NA,NA,NA,NA,NA,Neutrality,The Tweet does not contain an authority reference,No,No,No,"Policies, prevention & societal and economic impact",No,NA,NA,NA,Other major non-governmental actors,Individuals or communities,NA,NA,NA,Other,0,2021
1302983003749130200,3,Accurate information,No,NA,NA,NA,NA,NA,NA,NA,NA,Negativity,The Tweet does not contain an authority reference,Yes,No,No,Symptoms or characteristics of covid,No,NA,NA,NA,Other major non-governmental actors,NA,NA,NA,NA,Other,0,2020
1297282351102398500,4,Other,Yes,NA,NA,NA,NA,NA,"An opinion leader or individual who is not a journalist, and not a part of a government, parliament, or a political party",NA,NA,Neutrality,The Tweet does not contain an authority reference,No,No,No,"News, information and misinformation",No,NA,NA,Media,NA,Individuals or communities,NA,NA,NA,Other,0,2020
1314898237153828900,1,Other,No,NA,NA,NA,NA,NA,NA,NA,NA,Neutrality,The Tweet does not contain an authority reference,No,No,No,"Policies, prevention & societal and economic impact",No,NA,NA,NA,NA,NA,NA,None,NA,Other,0,2020
1288101557058392e3,4,Accurate information,No,NA,NA,NA,NA,NA,NA,NA,NA,Neutrality,The Tweet does not contain an authority reference,No,No,No,Spread and detection,No,NA,NA,NA,Other major non-governmental actors,NA,NA,NA,NA,Other,0,2020
1363792446312882200,2,Uncheckable claim,No,NA,NA,NA,NA,NA,NA,NA,NA,Neutrality,The Tweet does not contain an authority reference,No,No,No,Vaccination,No,NA,NA,NA,NA,Individuals or communities,NA,NA,NA,Other,0,2021
1329040045823709200,3,Misinformation,No,NA,NA,NA,NA,NA,NA,NA,NA,Neutrality,The Tweet contains a non-specific authority reference,No,No,No,Vaccination,No,NA,NA,NA,NA,Individuals or communities,NA,NA,NA,Misinformation,1,2020
1459468586586624e3,4,Other,No,NA,NA,NA,NA,NA,NA,NA,NA,Neutrality,The Tweet does not contain an authority reference,No,No,No,Existence of covid,Yes,NA,NA,NA,NA,Individuals or communities,NA,NA,NA,Other,0,2021
1244027075411e6,2,Other,No,NA,NA,NA,NA,NA,NA,NA,NA,Positivity,The Tweet does not contain an authority reference,No,No,No,"News, information and misinformation",No,NA,NA,NA,NA,NA,NA,None,NA,Other,0,2020
1348669630353727500,1,Accurate information,Yes,A Dutch politician (not seated in the Dutch cabinet),NA,NA,NA,NA,NA,NA,NA,Neutrality,The Tweet does not contain an authority reference,No,No,Yes,"News, information and misinformation",No,"Government, politicians and international organizations",Health services,NA,NA,NA,NA,NA,NA,Other,0,2021
1246178807649726500,4,Accurate information,No,NA,NA,NA,NA,NA,NA,NA,NA,Neutrality,The Tweet does not contain an authority reference,No,No,No,"Policies, prevention & societal and economic impact",No,NA,Health services,NA,NA,Individuals or communities,NA,NA,NA,Other,0,2020
1374992351958040600,2,Accurate information,No,NA,NA,NA,NA,NA,NA,NA,NA,Neutrality,The Tweet does not contain an authority reference,No,No,No,Vaccination,No,NA,NA,NA,NA,NA,NA,None,NA,Other,0,2021
1322273425885376500,3,Accurate information,No,NA,NA,NA,NA,NA,NA,NA,NA,Neutrality,The Tweet does not contain an authority reference,No,No,No,"Policies, prevention & societal and economic impact",No,NA,NA,NA,NA,NA,NA,None,NA,Other,0,2020
1303763029314752500,1,Uncheckable claim,No,NA,NA,NA,NA,NA,NA,NA,NA,Mixed,The Tweet does not contain an authority reference,No,No,No,Spread and detection,No,NA,NA,NA,Other major non-governmental actors,Individuals or communities,NA,NA,NA,Other,0,2020
1320826636183494700,1,Accurate information,Yes,NA,NA,NA,NA,NA,NA,NA,Misinformation is not attributed to an actor,Negativity,The Tweet contains a specific authority reference,Yes,No,Yes,"News, information and misinformation",No,"Government, politicians and international organizations",NA,NA,NA,NA,NA,NA,NA,Other,0,2020
1479250859582181400,4,Accurate information,Yes,NA,NA,NA,NA,NA,NA,NA,Misinformation is not attributed to an actor,Neutrality,The Tweet contains a non-specific authority reference,No,No,No,"News, information and misinformation",No,NA,Health services,NA,NA,NA,NA,NA,NA,Other,0,2022
1248169211001790500,3,Suggestive misinformation,No,NA,NA,NA,NA,NA,NA,NA,NA,Neutrality,The Tweet does not contain an authority reference,No,No,No,Spread and detection,No,NA,NA,NA,NA,Individuals or communities,NA,NA,University or scientific organization,Misinformation,1,2020
1451651149552050200,4,Other,No,NA,NA,NA,NA,NA,NA,NA,NA,Neutrality,The Tweet does not contain an authority reference,No,No,No,Existence of covid,Yes,NA,NA,NA,NA,NA,NA,None,NA,Other,0,2021
124250609385259e4,2,Accurate information,No,NA,NA,NA,NA,NA,NA,NA,NA,Neutrality,The Tweet does not contain an authority reference,No,No,No,"Policies, prevention & societal and economic impact",No,NA,Health services,NA,NA,NA,NA,NA,NA,Other,0,2020
1451582810947563500,2,Misinformation,No,NA,NA,NA,NA,NA,NA,NA,NA,Neutrality,The Tweet does not contain an authority reference,No,No,No,Vaccination,No,NA,NA,NA,Other major non-governmental actors,NA,NA,NA,NA,Misinformation,1,2021
1258848700736114700,1,Misinformation,No,NA,NA,NA,NA,NA,NA,NA,NA,Neutrality,The Tweet does not contain an authority reference,No,No,No,Existence of covid,Yes,"Government, politicians and international organizations",NA,NA,NA,NA,NA,NA,NA,Misinformation,1,2020
1286685370873258e3,4,Other,No,NA,NA,NA,NA,NA,NA,NA,NA,Neutrality,The Tweet does not contain an authority reference,No,No,No,"Policies, prevention & societal and economic impact",No,NA,NA,NA,NA,NA,NA,None,NA,Other,0,2020
1272791905546494e3,3,Accurate information,No,NA,NA,NA,NA,NA,NA,NA,NA,Neutrality,The Tweet does not contain an authority reference,No,No,No,Spread and detection,No,NA,NA,NA,NA,Individuals or communities,NA,NA,NA,Other,0,2020
1258174492863533e3,2,Accurate information,No,NA,NA,NA,NA,NA,NA,NA,NA,Positivity,The Tweet does not contain an authority reference,No,No,No,"Policies, prevention & societal and economic impact",No,NA,NA,NA,NA,NA,NA,None,NA,Other,0,2020
1394949012252512300,3,Other,No,NA,NA,NA,NA,NA,NA,NA,NA,Negativity,The Tweet does not contain an authority reference,Yes,No,No,"Policies, prevention & societal and economic impact",No,"Government, politicians and international organizations",NA,NA,NA,Individuals or communities,NA,NA,NA,Other,0,2021
1272190743680102400,1,Accurate information,No,NA,NA,NA,NA,NA,NA,NA,NA,Neutrality,The Tweet does not contain an authority reference,No,No,No,"Remedies for cure, treatment and prevention",No,NA,NA,NA,NA,NA,NA,None,NA,Other,0,2020
1250799541571420200,4,Misinformation,No,NA,NA,NA,NA,NA,NA,NA,NA,Neutrality,The Tweet does not contain an authority reference,No,No,No,Symptoms or characteristics of covid,No,"Government, politicians and international organizations",NA,NA,NA,NA,NA,NA,NA,Misinformation,1,2020
1372818727029313500,4,Misinformation,No,NA,NA,NA,NA,NA,NA,NA,NA,Neutrality,The Tweet does not contain an authority reference,No,No,No,Existence of covid,Yes,NA,Health services,NA,NA,NA,NA,NA,NA,Misinformation,1,2021
1420205522549104600,2,Uncheckable claim,No,NA,NA,NA,NA,NA,NA,NA,NA,Neutrality,The Tweet does not contain an authority reference,No,No,No,Vaccination,No,NA,NA,NA,NA,NA,NA,None,NA,Other,0,2021
1266106604887462e3,2,Accurate information,No,NA,NA,NA,NA,NA,NA,NA,NA,Neutrality,The Tweet contains a non-specific authority reference,No,No,No,Spread and detection,No,NA,NA,NA,NA,NA,NA,None,NA,Other,0,2020
1413396987463016400,3,Misinformation,No,NA,NA,NA,NA,NA,NA,NA,NA,Neutrality,The Tweet contains a non-specific authority reference,No,No,No,Vaccination,No,NA,NA,NA,Other major non-governmental actors,NA,NA,NA,NA,Misinformation,1,2021
1317745028295495700,2,Other,Yes,NA,NA,NA,NA,NA,"An opinion leader or individual who is not a journalist, and not a part of a government, parliament, or a political party",NA,NA,Neutrality,The Tweet does not contain an authority reference,No,No,No,"News, information and misinformation",No,NA,NA,Media,Other major non-governmental actors,NA,NA,NA,NA,Other,0,2020
1399337241948864500,1,Other,No,NA,NA,NA,NA,NA,NA,NA,NA,Negativity,The Tweet does not contain an authority reference,No,No,No,"News, information and misinformation",No,NA,NA,Media,NA,Individuals or communities,NA,NA,NA,Other,0,2021
1319550171018154e3,2,Uncheckable claim,No,NA,NA,NA,NA,NA,NA,NA,NA,Positivity,The Tweet contains a non-specific authority reference,No,No,No,"Policies, prevention & societal and economic impact",No,NA,NA,NA,NA,Individuals or communities,NA,NA,NA,Other,0,2020
1311568250816389e3,1,Misinformation,No,NA,NA,NA,NA,NA,NA,NA,NA,Neutrality,The Tweet does not contain an authority reference,No,No,No,Existence of covid,Yes,NA,Health services,NA,NA,NA,NA,NA,NA,Misinformation,1,2020
1397793006267285500,1,Accurate information,Yes,NA,NA,NA,NA,NA,NA,NA,Misinformation is not attributed to an actor,Neutrality,The Tweet does not contain an authority reference,No,No,No,"News, information and misinformation",No,NA,NA,NA,Other major non-governmental actors,NA,NA,NA,NA,Other,0,2021
1242396813564481500,1,Accurate information,Yes,NA,NA,"A foreign politician, foreign government, international leader or international organization",NA,NA,NA,NA,NA,Neutrality,The Tweet does not contain an authority reference,No,No,No,"News, information and misinformation",No,NA,NA,NA,NA,NA,NA,None,NA,Other,0,2020
1369431334880415700,3,Accurate information,No,NA,NA,NA,NA,NA,NA,NA,NA,Neutrality,The Tweet contains a specific authority reference,No,No,No,Severity of covid,No,NA,NA,NA,Other major non-governmental actors,Individuals or communities,NA,NA,NA,Other,0,2021
1254698649449349e3,3,Accurate information,No,NA,NA,NA,NA,NA,NA,NA,NA,Neutrality,The Tweet does not contain an authority reference,No,No,No,Severity of covid,No,NA,Health services,NA,NA,Individuals or communities,NA,NA,NA,Other,0,2020
1423210229597151200,4,Other,No,NA,NA,NA,NA,NA,NA,NA,NA,Neutrality,The Tweet contains a non-specific authority reference,No,No,Yes,"News, information and misinformation",No,NA,NA,NA,NA,NA,NA,NA,University or scientific organization,Other,0,2021
1463444644583415800,2,Misinformation,No,NA,NA,NA,NA,NA,NA,NA,NA,Positivity,The Tweet does not contain an authority reference,No,No,No,Vaccination,No,NA,NA,NA,NA,NA,NA,None,NA,Misinformation,1,2021
1355169748737261600,3,Accurate information,Yes,NA,NA,NA,NA,NA,NA,NA,Misinformation is not attributed to an actor,Neutrality,The Tweet does not contain an authority reference,No,No,No,"News, information and misinformation",No,NA,NA,NA,Other major non-governmental actors,NA,NA,NA,NA,Other,0,2021
1314203215596933e3,4,Other,No,NA,NA,NA,NA,NA,NA,NA,NA,Neutrality,The Tweet does not contain an authority reference,No,No,No,"Policies, prevention & societal and economic impact",No,NA,NA,NA,Other major non-governmental actors,NA,NA,NA,NA,Other,0,2020
1254062817633808400,1,Accurate information,No,NA,NA,NA,NA,NA,NA,NA,NA,Negativity,The Tweet contains a specific authority reference,No,No,No,Symptoms or characteristics of covid,No,"Government, politicians and international organizations",NA,NA,NA,Individuals or communities,NA,NA,NA,Other,0,2020
1251071053545246700,3,Accurate information,No,NA,NA,NA,NA,NA,NA,NA,NA,Positivity,The Tweet contains a non-specific authority reference,No,No,No,Other,No,NA,NA,NA,NA,Individuals or communities,NA,NA,NA,Other,0,2020
1421778443486773200,2,Other,No,NA,NA,NA,NA,NA,NA,NA,NA,Neutrality,The Tweet does not contain an authority reference,No,No,No,Vaccination,No,NA,NA,NA,NA,NA,NA,None,NA,Other,0,2021
1256254907616841700,1,Other,No,NA,NA,NA,NA,NA,NA,NA,NA,Neutrality,The Tweet does not contain an authority reference,No,No,No,"Policies, prevention & societal and economic impact",No,NA,NA,NA,Other major non-governmental actors,NA,NA,NA,University or scientific organization,Other,0,2020
1235261025399836700,3,Accurate information,Yes,NA,NA,NA,NA,NA,NA,NA,Misinformation is not attributed to an actor,Neutrality,The Tweet does not contain an authority reference,No,No,No,"News, information and misinformation",No,NA,Health services,NA,NA,NA,NA,NA,NA,Other,0,2020
1481900926910795800,4,Misinformation,No,NA,NA,NA,NA,NA,NA,NA,NA,Neutrality,The Tweet does not contain an authority reference,No,No,No,"News, information and misinformation",Yes,NA,NA,NA,Other major non-governmental actors,NA,NA,NA,NA,Misinformation,1,2022
1306813207093207e3,1,Accurate information,No,NA,NA,NA,NA,NA,NA,NA,NA,Neutrality,The Tweet does not contain an authority reference,No,No,No,Symptoms or characteristics of covid,No,NA,NA,NA,NA,Individuals or communities,NA,NA,NA,Other,0,2020
1456165880811905e3,1,Other,No,NA,NA,NA,NA,NA,NA,NA,NA,Neutrality,The Tweet does not contain an authority reference,No,Yes,No,"Policies, prevention & societal and economic impact",No,NA,NA,NA,NA,NA,NA,None,NA,Other,0,2021
12450441319965e5,2,Accurate information,No,NA,NA,NA,NA,NA,NA,NA,NA,Neutrality,The Tweet does not contain an authority reference,No,No,No,Spread and detection,No,"Government, politicians and international organizations",NA,NA,NA,NA,NA,NA,NA,Other,0,2020
1468613179114729500,4,Misinformation,Yes,NA,"The Dutch government, cabinet, a member of the Dutch cabinet or civil servant",NA,NA,NA,NA,NA,NA,Neutrality,The Tweet does not contain an authority reference,No,No,No,Spread and detection,No,"Government, politicians and international organizations",NA,NA,NA,NA,NA,NA,NA,Misinformation,1,2021
1314955442737512400,2,Other,No,NA,NA,NA,NA,NA,NA,NA,NA,Neutrality,The Tweet does not contain an authority reference,No,No,No,"Policies, prevention & societal and economic impact",No,NA,NA,NA,NA,NA,NA,None,NA,Other,0,2020
1284435977235239e3,1,Misinformation,Yes,NA,"The Dutch government, cabinet, a member of the Dutch cabinet or civil servant",NA,NA,NA,NA,NA,NA,Neutrality,The Tweet contains a specific authority reference,No,No,No,Existence of covid,Yes,"Government, politicians and international organizations",NA,NA,NA,NA,NA,NA,NA,Misinformation,1,2020
1344949937973428200,2,Other,No,NA,NA,NA,NA,NA,NA,NA,NA,Negativity,The Tweet does not contain an authority reference,No,No,No,"Policies, prevention & societal and economic impact",No,NA,NA,NA,NA,NA,NA,None,NA,Other,0,2021
1464286836109549600,1,Other,No,NA,NA,NA,NA,NA,NA,NA,NA,Mixed,The Tweet does not contain an authority reference,No,No,No,"Policies, prevention & societal and economic impact",No,NA,NA,NA,NA,NA,Other,NA,NA,Other,0,2021
1.3184593681537761e+18,4,Other,No,NA,NA,NA,NA,NA,NA,NA,NA,Neutrality,The Tweet does not contain an authority reference,No,No,No,"Policies, prevention & societal and economic impact",No,"Government, politicians and international organizations",NA,NA,Other major non-governmental actors,NA,NA,NA,NA,Other,0,2020
14786729732509e5,2,Misinformation,No,NA,NA,NA,NA,NA,NA,NA,NA,Negativity,The Tweet does not contain an authority reference,No,No,No,"Policies, prevention & societal and economic impact",No,NA,Health services,NA,NA,Individuals or communities,NA,NA,NA,Misinformation,1,2022
1425170071970885600,1,Accurate information,No,NA,NA,NA,NA,NA,NA,NA,NA,Neutrality,The Tweet does not contain an authority reference,No,No,No,Vaccination,No,NA,Health services,NA,NA,Individuals or communities,NA,NA,NA,Other,0,2021
1312331628010713e3,4,Other,No,NA,NA,NA,NA,NA,NA,NA,NA,Neutrality,The Tweet does not contain an authority reference,No,No,No,Spread and detection,No,NA,NA,NA,NA,NA,NA,None,NA,Other,0,2020
1314928920626704400,2,Other,No,NA,NA,NA,NA,NA,NA,NA,NA,Negativity,The Tweet does not contain an authority reference,Yes,No,No,"Policies, prevention & societal and economic impact",No,NA,NA,NA,NA,Individuals or communities,NA,NA,NA,Other,0,2020
1297079926785548300,3,Other,No,NA,NA,NA,NA,NA,NA,NA,NA,Neutrality,The Tweet does not contain an authority reference,No,No,No,"Policies, prevention & societal and economic impact",No,NA,NA,NA,NA,NA,NA,None,NA,Other,0,2020
1322237845998719e3,1,Other,No,NA,NA,NA,NA,NA,NA,NA,NA,Negativity,The Tweet does not contain an authority reference,Yes,No,No,Other,No,NA,NA,NA,NA,Individuals or communities,NA,NA,NA,Other,0,2020
1349882757711884300,4,Accurate information,No,NA,NA,NA,NA,NA,NA,NA,NA,Neutrality,The Tweet does not contain an authority reference,No,No,No,Spread and detection,No,NA,NA,NA,Other major non-governmental actors,NA,NA,NA,NA,Other,0,2021
1331676494582657e3,4,Misinformation,No,NA,NA,NA,NA,NA,NA,NA,NA,Neutrality,The Tweet does not contain an authority reference,No,No,No,"Policies, prevention & societal and economic impact",No,"Government, politicians and international organizations",NA,NA,NA,NA,NA,NA,NA,Misinformation,1,2020
1281216722863825e3,1,Accurate information,No,NA,NA,NA,NA,NA,NA,NA,NA,Negativity,The Tweet does not contain an authority reference,No,No,Yes,Symptoms or characteristics of covid,No,NA,NA,NA,NA,Individuals or communities,NA,NA,NA,Other,0,2020
1337560633928274e3,1,Other,Yes,NA,NA,NA,NA,NA,NA,NA,Misinformation is not attributed to an actor,Neutrality,The Tweet does not contain an authority reference,No,No,Yes,"News, information and misinformation",No,"Government, politicians and international organizations",NA,NA,NA,NA,NA,NA,NA,Other,0,2020
1265281876152987600,4,Accurate information,No,NA,NA,NA,NA,NA,NA,NA,NA,Neutrality,The Tweet does not contain an authority reference,No,No,No,"News, information and misinformation",No,NA,NA,NA,Other major non-governmental actors,NA,NA,NA,NA,Other,0,2020
1235858870158782500,3,Accurate information,Yes,NA,NA,NA,NA,NA,NA,NA,Misinformation is not attributed to an actor,Neutrality,The Tweet does not contain an authority reference,No,No,No,"News, information and misinformation",No,NA,NA,NA,NA,NA,NA,None,NA,Other,0,2020
1428617425487077400,1,Accurate information,Yes,NA,NA,NA,NA,NA,NA,NA,Misinformation is not attributed to an actor,Negativity,The Tweet does not contain an authority reference,No,No,No,"News, information and misinformation",No,NA,NA,NA,Other major non-governmental actors,NA,NA,NA,NA,Other,0,2021
1242559708344574e3,2,Unable to classify,No,NA,NA,NA,NA,NA,NA,NA,NA,Neutrality,The Tweet does not contain an authority reference,No,No,No,"Policies, prevention & societal and economic impact",No,NA,NA,NA,NA,NA,NA,None,NA,Other,0,2020
1481051452005101600,2,Misinformation,No,NA,NA,NA,NA,NA,NA,NA,NA,Neutrality,The Tweet does not contain an authority reference,No,No,No,Existence of covid,Yes,NA,NA,NA,Other major non-governmental actors,NA,NA,NA,NA,Misinformation,1,2022
1464170347553595400,1,Misinformation,No,NA,NA,NA,NA,NA,NA,NA,NA,Neutrality,The Tweet does not contain an authority reference,No,No,No,Vaccination,No,NA,NA,Media,NA,Individuals or communities,NA,NA,NA,Misinformation,1,2021
1310278155794616300,1,Misinformation,No,NA,NA,NA,NA,NA,NA,NA,NA,Neutrality,The Tweet does not contain an authority reference,No,No,No,Existence of covid,Yes,NA,NA,NA,NA,NA,NA,None,NA,Misinformation,1,2020
1466117637885214700,2,Uncheckable claim,Yes,A Dutch politician (not seated in the Dutch cabinet),NA,NA,NA,NA,"An opinion leader or individual who is not a journalist, and not a part of a government, parliament, or a political party",NA,NA,Mixed,The Tweet does not contain an authority reference,No,No,No,"Policies, prevention & societal and economic impact",No,"Government, politicians and international organizations",NA,NA,Other major non-governmental actors,NA,NA,NA,NA,Other,0,2021
1406865485258539e3,1,Other,No,NA,NA,NA,NA,NA,NA,NA,NA,Neutrality,The Tweet does not contain an authority reference,Yes,No,No,"Policies, prevention & societal and economic impact",No,"Government, politicians and international organizations",NA,NA,NA,Individuals or communities,NA,NA,NA,Other,0,2021
1290519701647503400,4,Accurate information,No,NA,NA,NA,NA,NA,NA,NA,NA,Positivity,The Tweet contains a specific authority reference,No,No,No,"Policies, prevention & societal and economic impact",No,NA,Health services,NA,NA,NA,NA,NA,NA,Other,0,2020
1274732770376519700,1,Accurate information,No,NA,NA,NA,NA,NA,NA,NA,NA,Neutrality,The Tweet does not contain an authority reference,No,No,No,"Remedies for cure, treatment and prevention",No,NA,NA,NA,NA,NA,NA,None,NA,Other,0,2020
1322076450393071600,2,Accurate information,No,NA,NA,NA,NA,NA,NA,NA,NA,Neutrality,The Tweet does not contain an authority reference,No,No,No,"Policies, prevention & societal and economic impact",No,NA,NA,NA,Other major non-governmental actors,NA,NA,NA,NA,Other,0,2020
1368234199854047200,4,Accurate information,No,NA,NA,NA,NA,NA,NA,NA,NA,Neutrality,The Tweet does not contain an authority reference,No,No,No,Symptoms or characteristics of covid,No,NA,NA,NA,NA,Individuals or communities,NA,NA,NA,Other,0,2021
1377127511578964e3,3,Accurate information,No,NA,NA,NA,NA,NA,NA,NA,NA,Positivity,The Tweet does not contain an authority reference,No,No,No,Vaccination,No,NA,NA,NA,NA,Individuals or communities,NA,NA,NA,Other,0,2021
134907115739213e4,1,Accurate information,No,NA,NA,NA,NA,NA,NA,NA,NA,Neutrality,The Tweet contains a non-specific authority reference,No,No,No,"Policies, prevention & societal and economic impact",No,NA,NA,NA,NA,NA,NA,None,NA,Other,0,2021
1311629288865779700,4,Other,No,NA,NA,NA,NA,NA,NA,NA,NA,Neutrality,The Tweet does not contain an authority reference,No,No,No,"Policies, prevention & societal and economic impact",No,"Government, politicians and international organizations",NA,NA,NA,NA,NA,NA,NA,Other,0,2020
1337388015606526e3,4,Accurate information,Yes,NA,NA,NA,NA,NA,NA,NA,Misinformation is not attributed to an actor,Negativity,The Tweet does not contain an authority reference,No,No,Yes,"News, information and misinformation",No,"Government, politicians and international organizations",NA,NA,NA,NA,NA,NA,NA,Other,0,2020
1480403318295994400,1,Misinformation,No,NA,NA,NA,NA,NA,NA,NA,NA,Neutrality,The Tweet does not contain an authority reference,No,No,No,Existence of covid,Yes,"Government, politicians and international organizations",NA,NA,NA,NA,NA,NA,NA,Misinformation,1,2022
1476878025342046200,4,Other,No,NA,NA,NA,NA,NA,NA,NA,NA,Neutrality,The Tweet does not contain an authority reference,No,No,No,"Policies, prevention & societal and economic impact",No,NA,NA,NA,Other major non-governmental actors,NA,NA,NA,NA,Other,0,2021
1248191343681306600,1,Misinformation,No,NA,NA,NA,NA,NA,NA,NA,NA,Negativity,The Tweet contains a specific authority reference,No,No,Yes,Existence of covid,Yes,NA,NA,Media,Other major non-governmental actors,NA,NA,NA,NA,Misinformation,1,2020
1315042550324097e3,1,Uncheckable claim,No,NA,NA,NA,NA,NA,NA,NA,NA,Neutrality,The Tweet does not contain an authority reference,No,No,No,"Policies, prevention & societal and economic impact",No,NA,NA,NA,NA,NA,NA,None,NA,Other,0,2020
1243258878189604900,4,Accurate information,Yes,NA,NA,NA,NA,NA,NA,NA,Misinformation is not attributed to an actor,Neutrality,The Tweet does not contain an authority reference,No,No,No,"News, information and misinformation",No,NA,NA,Media,Other major non-governmental actors,NA,NA,NA,NA,Other,0,2020
1320781611747729400,2,Accurate information,No,NA,NA,NA,NA,NA,NA,NA,NA,Neutrality,The Tweet does not contain an authority reference,No,No,No,"Remedies for cure, treatment and prevention",No,NA,NA,NA,NA,NA,NA,None,NA,Other,0,2020
1316051827641778200,2,Other,No,NA,NA,NA,NA,NA,NA,NA,NA,Neutrality,The Tweet does not contain an authority reference,No,No,No,"Policies, prevention & societal and economic impact",No,NA,NA,NA,NA,NA,NA,None,NA,Other,0,2020
1460572048661516300,1,Accurate information,No,NA,NA,NA,NA,NA,NA,NA,NA,Negativity,The Tweet does not contain an authority reference,No,No,No,"Policies, prevention & societal and economic impact",No,"Government, politicians and international organizations",NA,NA,NA,Individuals or communities,NA,NA,NA,Other,0,2021
1370463997187784700,4,Misinformation,No,NA,NA,NA,NA,NA,NA,NA,NA,Neutrality,The Tweet does not contain an authority reference,No,No,No,"News, information and misinformation",No,"Government, politicians and international organizations",NA,NA,NA,NA,NA,NA,NA,Misinformation,1,2021
1399974428654641200,3,Accurate information,No,NA,NA,NA,NA,NA,NA,NA,NA,Neutrality,The Tweet contains a non-specific authority reference,No,No,No,"Remedies for cure, treatment and prevention",No,NA,Health services,NA,NA,Individuals or communities,NA,NA,University or scientific organization,Other,0,2021
1391008686039093200,4,Misinformation,No,NA,NA,NA,NA,NA,NA,NA,NA,Negativity,The Tweet does not contain an authority reference,No,No,Yes,Vaccination,No,NA,NA,NA,NA,Individuals or communities,NA,NA,NA,Misinformation,1,2021
1342755800012484600,4,Other,No,NA,NA,NA,NA,NA,NA,NA,NA,Neutrality,The Tweet does not contain an authority reference,No,No,Yes,Spread and detection,No,NA,NA,NA,NA,Individuals or communities,NA,NA,NA,Other,0,2020
1258012441553916e3,4,Accurate information,No,NA,NA,NA,NA,NA,NA,NA,NA,Neutrality,The Tweet does not contain an authority reference,No,No,No,"Remedies for cure, treatment and prevention",No,NA,NA,NA,NA,NA,NA,None,NA,Other,0,2020
1407058127850254300,4,Accurate information,No,NA,NA,NA,NA,NA,NA,NA,NA,Neutrality,The Tweet does not contain an authority reference,No,No,No,"Policies, prevention & societal and economic impact",No,NA,NA,NA,Other major non-governmental actors,NA,NA,NA,NA,Other,0,2021
1317250237933756400,2,Misinformation,No,NA,NA,NA,NA,NA,NA,NA,NA,Neutrality,The Tweet does not contain an authority reference,No,No,No,"Remedies for cure, treatment and prevention",No,NA,NA,NA,NA,NA,NA,None,NA,Misinformation,1,2020
1325708182015123500,1,Other,No,NA,NA,NA,NA,NA,NA,NA,NA,Negativity,The Tweet does not contain an authority reference,No,No,No,"Policies, prevention & societal and economic impact",No,NA,NA,NA,NA,Individuals or communities,NA,NA,NA,Other,0,2020
1363807018256126e3,2,Uncheckable claim,No,NA,NA,NA,NA,NA,NA,NA,NA,Neutrality,The Tweet does not contain an authority reference,No,No,No,Spread and detection,No,NA,NA,NA,NA,Individuals or communities,NA,NA,NA,Other,0,2021
1334909210463768600,4,Other,No,NA,NA,NA,NA,NA,NA,NA,NA,Neutrality,The Tweet does not contain an authority reference,No,No,No,Symptoms or characteristics of covid,No,NA,NA,NA,NA,Individuals or communities,NA,NA,NA,Other,0,2020
1399300871859576800,4,Accurate information,No,NA,NA,NA,NA,NA,NA,NA,NA,Neutrality,The Tweet does not contain an authority reference,No,No,No,"Policies, prevention & societal and economic impact",No,NA,NA,NA,Other major non-governmental actors,NA,NA,NA,NA,Other,0,2021
1330253298780278800,3,Accurate information,No,NA,NA,NA,NA,NA,NA,NA,NA,Neutrality,The Tweet does not contain an authority reference,No,No,No,"Policies, prevention & societal and economic impact",No,NA,NA,NA,NA,Individuals or communities,NA,NA,University or scientific organization,Other,0,2020
1258010875849584600,2,Other,No,NA,NA,NA,NA,NA,NA,NA,NA,Neutrality,The Tweet does not contain an authority reference,No,No,No,"Policies, prevention & societal and economic impact",No,NA,NA,NA,NA,NA,NA,None,NA,Other,0,2020
1424783758180429800,4,Misinformation,No,NA,NA,NA,NA,NA,NA,NA,NA,Neutrality,The Tweet contains a specific authority reference,No,No,No,Vaccination,No,"Government, politicians and international organizations",NA,Media,NA,NA,NA,NA,NA,Misinformation,1,2021
1255945572126806e3,4,Misinformation,No,NA,NA,NA,NA,NA,NA,NA,NA,Neutrality,The Tweet contains a non-specific authority reference,No,No,No,Existence of covid,Yes,NA,NA,Media,NA,NA,NA,NA,NA,Misinformation,1,2020
1299001584056021e3,3,Accurate information,No,NA,NA,NA,NA,NA,NA,NA,NA,Neutrality,The Tweet does not contain an authority reference,No,No,No,Spread and detection,No,NA,NA,NA,NA,Individuals or communities,NA,NA,NA,Other,0,2020
1327993528404889600,4,Accurate information,No,NA,NA,NA,NA,NA,NA,NA,NA,Neutrality,The Tweet does not contain an authority reference,No,No,No,"Policies, prevention & societal and economic impact",No,NA,NA,NA,NA,NA,NA,None,NA,Other,0,2020
1340049713115095e3,3,Accurate information,No,NA,NA,NA,NA,NA,NA,NA,NA,Neutrality,The Tweet does not contain an authority reference,No,No,No,"Remedies for cure, treatment and prevention",No,NA,NA,NA,NA,NA,NA,None,NA,Other,0,2020
1267377942998417400,4,Accurate information,No,NA,NA,NA,NA,NA,NA,NA,NA,Neutrality,The Tweet contains a specific authority reference,No,No,No,Spread and detection,No,NA,Health services,NA,NA,NA,NA,NA,NA,Other,0,2020
1274288551258177500,4,Accurate information,No,NA,NA,NA,NA,NA,NA,NA,NA,Neutrality,The Tweet does not contain an authority reference,No,No,No,Spread and detection,No,"Government, politicians and international organizations",NA,NA,NA,NA,NA,NA,NA,Other,0,2020
1306941142890676200,2,Other,No,NA,NA,NA,NA,NA,NA,NA,NA,Neutrality,The Tweet does not contain an authority reference,No,No,No,"Policies, prevention & societal and economic impact",No,NA,NA,NA,NA,NA,NA,None,NA,Other,0,2020
1313604687061487600,3,Uncheckable claim,No,NA,NA,NA,NA,NA,NA,NA,NA,Negativity,The Tweet contains a non-specific authority reference,Yes,No,No,Spread and detection,No,NA,NA,NA,NA,Individuals or communities,NA,NA,NA,Other,0,2020
1412536364164333600,2,Misinformation,No,NA,NA,NA,NA,NA,NA,NA,NA,Negativity,The Tweet does not contain an authority reference,Yes,No,No,Vaccination,Yes,NA,NA,NA,NA,Individuals or communities,NA,NA,NA,Misinformation,1,2021
1.3670606085044961e+18,3,Accurate information,No,NA,NA,NA,NA,NA,NA,NA,NA,Neutrality,The Tweet does not contain an authority reference,No,No,No,"Remedies for cure, treatment and prevention",No,NA,NA,NA,NA,NA,NA,NA,University or scientific organization,Other,0,2021
1316644856484302800,1,Other,No,NA,NA,NA,NA,NA,NA,NA,NA,Neutrality,The Tweet does not contain an authority reference,No,No,No,"Policies, prevention & societal and economic impact",No,NA,NA,NA,NA,NA,NA,None,NA,Other,0,2020
1285503777479549e3,3,Misinformation,No,NA,NA,NA,NA,NA,NA,NA,NA,Positivity,The Tweet does not contain an authority reference,No,No,No,"Remedies for cure, treatment and prevention",No,"Government, politicians and international organizations",NA,NA,NA,NA,NA,NA,NA,Misinformation,1,2020
1302738717656801300,4,Misinformation,No,NA,NA,NA,NA,NA,NA,NA,NA,Neutrality,The Tweet does not contain an authority reference,No,No,No,"News, information and misinformation",No,NA,NA,NA,Other major non-governmental actors,NA,NA,NA,NA,Misinformation,1,2020
1260470518102347800,4,Accurate information,No,NA,NA,NA,NA,NA,NA,NA,NA,Neutrality,The Tweet does not contain an authority reference,No,No,No,"Remedies for cure, treatment and prevention",No,NA,NA,NA,NA,NA,NA,None,NA,Other,0,2020
1431655666972778500,4,Misinformation,Yes,NA,NA,NA,NA,NA,"An opinion leader or individual who is not a journalist, and not a part of a government, parliament, or a political party",NA,NA,Neutrality,The Tweet does not contain an authority reference,No,No,No,"News, information and misinformation",No,NA,NA,NA,NA,Individuals or communities,NA,NA,University or scientific organization,Misinformation,1,2021
1445071158823555e3,1,Unable to classify,Yes,NA,NA,NA,NA,NA,NA,NA,Misinformation is not attributed to an actor,Neutrality,The Tweet does not contain an authority reference,No,No,No,"News, information and misinformation",No,NA,NA,NA,NA,NA,Other,NA,NA,Other,0,2021
1247799010703761400,1,Other,No,NA,NA,NA,NA,NA,NA,NA,NA,Neutrality,The Tweet does not contain an authority reference,No,No,No,"Policies, prevention & societal and economic impact",No,NA,NA,Media,NA,NA,NA,NA,NA,Other,0,2020
1280777239563550700,1,Uncheckable claim,No,NA,NA,NA,NA,NA,NA,NA,NA,Neutrality,The Tweet does not contain an authority reference,No,No,No,Severity of covid,No,"Government, politicians and international organizations",NA,NA,Other major non-governmental actors,Individuals or communities,NA,NA,NA,Other,0,2020
1235506763824132e3,2,Unable to classify,Yes,NA,NA,NA,NA,NA,NA,NA,Misinformation is not attributed to an actor,Negativity,The Tweet does not contain an authority reference,Yes,No,No,"News, information and misinformation",No,"Government, politicians and international organizations",NA,Media,NA,NA,NA,NA,NA,Other,0,2020
1241053240273354800,2,Accurate information,Yes,NA,NA,NA,NA,NA,NA,NA,Misinformation is not attributed to an actor,Neutrality,The Tweet does not contain an authority reference,No,No,No,"News, information and misinformation",No,NA,NA,NA,NA,NA,NA,None,NA,Other,0,2020
1240272244267516e3,2,Accurate information,Yes,NA,NA,NA,NA,NA,NA,NA,Misinformation is not attributed to an actor,Neutrality,The Tweet does not contain an authority reference,No,No,No,"News, information and misinformation",No,NA,NA,NA,NA,NA,NA,None,NA,Other,0,2020
1342113796370935800,2,Accurate information,No,NA,NA,NA,NA,NA,NA,NA,NA,Neutrality,The Tweet does not contain an authority reference,No,No,No,Vaccination,No,NA,NA,NA,NA,NA,NA,None,NA,Other,0,2020
1364495722599624700,2,Misinformation,No,NA,NA,NA,NA,NA,NA,NA,NA,Neutrality,The Tweet does not contain an authority reference,No,No,No,"Remedies for cure, treatment and prevention",No,NA,NA,NA,NA,NA,NA,None,NA,Misinformation,1,2021
1400908120667398100,4,Other,No,NA,NA,NA,NA,NA,NA,NA,NA,Neutrality,The Tweet does not contain an authority reference,No,Yes,No,"Policies, prevention & societal and economic impact",No,"Government, politicians and international organizations",NA,NA,NA,NA,NA,NA,NA,Other,0,2021
1298506010630463500,1,Misinformation,Yes,NA,NA,NA,A mainstream media outlet or journalist working in the mainstream media,NA,NA,NA,NA,Negativity,The Tweet does not contain an authority reference,No,No,Yes,Spread and detection,No,NA,NA,NA,NA,Individuals or communities,NA,NA,NA,Misinformation,1,2020
1285840220877971500,2,Misinformation,Yes,NA,NA,NA,A mainstream media outlet or journalist working in the mainstream media,NA,NA,NA,NA,Neutrality,The Tweet does not contain an authority reference,No,No,No,"News, information and misinformation",No,NA,NA,Media,NA,NA,NA,NA,NA,Misinformation,1,2020
1308367854442623e3,4,Misinformation,No,NA,NA,NA,NA,NA,NA,NA,NA,Neutrality,The Tweet does not contain an authority reference,No,No,No,Existence of covid,Yes,NA,NA,Media,NA,NA,NA,NA,NA,Misinformation,1,2020
1339924129101865e3,1,Other,No,NA,NA,NA,NA,NA,NA,NA,NA,Neutrality,The Tweet does not contain an authority reference,No,No,No,Vaccination,No,NA,NA,NA,NA,NA,NA,None,NA,Other,0,2020
1425406897822355500,4,Other,Yes,NA,NA,NA,NA,NA,NA,Other actor,NA,Neutrality,The Tweet does not contain an authority reference,Yes,No,No,Spread and detection,No,NA,NA,NA,NA,NA,NA,None,NA,Other,0,2021
1409447158315720700,1,Accurate information,No,NA,NA,NA,NA,NA,NA,NA,NA,Neutrality,The Tweet does not contain an authority reference,No,No,No,"Policies, prevention & societal and economic impact",No,"Government, politicians and international organizations",NA,NA,NA,Individuals or communities,NA,NA,NA,Other,0,2021
1266311486407934e3,3,Other,No,NA,NA,NA,NA,NA,NA,NA,NA,Neutrality,The Tweet does not contain an authority reference,No,No,No,Severity of covid,No,NA,NA,NA,NA,NA,NA,None,NA,Other,0,2020
1367077760930377700,4,Accurate information,No,NA,NA,NA,NA,NA,NA,NA,NA,Neutrality,The Tweet contains a specific authority reference,No,No,No,"Remedies for cure, treatment and prevention",No,NA,Health services,NA,NA,NA,NA,NA,NA,Other,0,2021
1329907373796847600,3,Accurate information,No,NA,NA,NA,NA,NA,NA,NA,NA,Neutrality,The Tweet contains a specific authority reference,No,No,No,"Policies, prevention & societal and economic impact",No,NA,NA,NA,Other major non-governmental actors,NA,NA,NA,NA,Other,0,2020
1240793212459024400,4,Accurate information,Yes,NA,NA,NA,NA,NA,NA,NA,Misinformation is not attributed to an actor,Neutrality,The Tweet does not contain an authority reference,No,No,No,"News, information and misinformation",No,NA,NA,NA,Other major non-governmental actors,NA,NA,NA,NA,Other,0,2020
1341694902015504400,1,Misinformation,No,NA,NA,NA,NA,NA,NA,NA,NA,Neutrality,The Tweet does not contain an authority reference,No,No,No,Symptoms or characteristics of covid,No,NA,NA,NA,NA,Individuals or communities,NA,NA,NA,Misinformation,1,2020
1309788305198899200,1,Uncheckable claim,No,NA,NA,NA,NA,NA,NA,NA,NA,Positivity,The Tweet does not contain an authority reference,No,No,No,Spread and detection,No,NA,NA,NA,Other major non-governmental actors,Individuals or communities,NA,NA,NA,Other,0,2020
1302859656524714e3,4,Other,No,NA,NA,NA,NA,NA,NA,NA,NA,Neutrality,The Tweet does not contain an authority reference,No,No,No,"Policies, prevention & societal and economic impact",No,NA,NA,NA,Other major non-governmental actors,Individuals or communities,NA,NA,NA,Other,0,2020
1240217519522066400,4,Accurate information,Yes,NA,NA,NA,NA,NA,NA,NA,Misinformation is not attributed to an actor,Neutrality,The Tweet does not contain an authority reference,No,No,No,"News, information and misinformation",No,NA,NA,NA,Other major non-governmental actors,NA,NA,NA,NA,Other,0,2020
1422957488488452e3,2,Suggestive misinformation,No,NA,NA,NA,NA,NA,NA,NA,NA,Negativity,The Tweet contains a non-specific authority reference,No,No,Yes,Existence of covid,Yes,NA,NA,NA,Other major non-governmental actors,NA,NA,NA,NA,Misinformation,1,2021
1314232691290714e3,4,Other,No,NA,NA,NA,NA,NA,NA,NA,NA,Neutrality,The Tweet does not contain an authority reference,No,No,No,Symptoms or characteristics of covid,No,"Government, politicians and international organizations",NA,NA,NA,Individuals or communities,NA,NA,NA,Other,0,2020
1239507165624270800,2,Accurate information,No,NA,NA,NA,NA,NA,NA,NA,NA,Negativity,The Tweet does not contain an authority reference,No,No,No,"Policies, prevention & societal and economic impact",No,NA,NA,NA,NA,Individuals or communities,NA,NA,NA,Other,0,2020
1.3319981946796319e+18,2,Misinformation,No,NA,NA,NA,NA,NA,NA,NA,NA,Neutrality,The Tweet does not contain an authority reference,No,No,No,Vaccination,No,"Government, politicians and international organizations",NA,NA,Other major non-governmental actors,NA,NA,NA,NA,Misinformation,1,2020
1459809062472888300,4,Accurate information,No,NA,NA,NA,NA,NA,NA,NA,NA,Neutrality,The Tweet contains a specific authority reference,Yes,No,No,"Policies, prevention & societal and economic impact",No,"Government, politicians and international organizations",NA,Media,NA,Individuals or communities,NA,NA,NA,Other,0,2021
1338494132520710100,2,Accurate information,No,NA,NA,NA,NA,NA,NA,NA,NA,Neutrality,The Tweet does not contain an authority reference,No,No,No,Spread and detection,No,NA,NA,NA,NA,Individuals or communities,NA,NA,NA,Other,0,2020
1315008535680385e3,3,Other,No,NA,NA,NA,NA,NA,NA,NA,NA,Neutrality,The Tweet does not contain an authority reference,No,No,No,"Policies, prevention & societal and economic impact",No,NA,NA,NA,NA,NA,NA,None,NA,Other,0,2020
1263034980692869e3,4,Other,No,NA,NA,NA,NA,NA,NA,NA,NA,Neutrality,The Tweet does not contain an authority reference,No,No,No,Vaccination,No,NA,NA,NA,Other major non-governmental actors,NA,NA,NA,NA,Other,0,2020
1377947039137460200,4,Accurate information,No,NA,NA,NA,NA,NA,NA,NA,NA,Neutrality,The Tweet does not contain an authority reference,No,No,No,Symptoms or characteristics of covid,No,"Government, politicians and international organizations",NA,NA,NA,NA,NA,NA,NA,Other,0,2021
1433756099761557500,3,Uncheckable claim,No,NA,NA,NA,NA,NA,NA,NA,NA,Neutrality,The Tweet does not contain an authority reference,No,No,No,"Policies, prevention & societal and economic impact",No,NA,NA,NA,NA,NA,NA,None,NA,Other,0,2021
1252624799119089700,4,Other,No,NA,NA,NA,NA,NA,NA,NA,NA,Negativity,The Tweet does not contain an authority reference,No,No,No,"Policies, prevention & societal and economic impact",No,NA,NA,NA,Other major non-governmental actors,Individuals or communities,NA,NA,NA,Other,0,2020
1481946830695014400,1,Misinformation,No,NA,NA,NA,NA,NA,NA,NA,NA,Neutrality,The Tweet contains a non-specific authority reference,Yes,No,No,Spread and detection,No,"Government, politicians and international organizations",Health services,NA,NA,NA,NA,NA,NA,Misinformation,1,2022
1350097913410711600,4,Accurate information,No,NA,NA,NA,NA,NA,NA,NA,NA,Neutrality,The Tweet does not contain an authority reference,No,No,No,Symptoms or characteristics of covid,No,NA,NA,NA,NA,NA,NA,NA,University or scientific organization,Other,0,2021
1362415780139253800,2,Misinformation,Yes,NA,NA,NA,A mainstream media outlet or journalist working in the mainstream media,NA,NA,NA,NA,Negativity,The Tweet does not contain an authority reference,Yes,No,Yes,"News, information and misinformation",No,NA,NA,Media,Other major non-governmental actors,NA,NA,NA,NA,Misinformation,1,2021
1298336550619619300,4,Other,No,NA,NA,NA,NA,NA,NA,NA,NA,Neutrality,The Tweet does not contain an authority reference,No,No,No,Spread and detection,No,NA,NA,NA,NA,Individuals or communities,NA,NA,University or scientific organization,Other,0,2020
1323992157808722e3,4,Accurate information,No,NA,NA,NA,NA,NA,NA,NA,NA,Neutrality,The Tweet does not contain an authority reference,No,No,No,Vaccination,No,NA,NA,NA,NA,NA,NA,None,NA,Other,0,2020
1317010995022364700,3,Misinformation,No,NA,NA,NA,NA,NA,NA,NA,NA,Negativity,The Tweet does not contain an authority reference,No,No,No,"Policies, prevention & societal and economic impact",No,NA,NA,NA,NA,NA,NA,None,NA,Misinformation,1,2020
1297912378668068900,4,Accurate information,Yes,NA,NA,NA,NA,NA,NA,NA,Misinformation is not attributed to an actor,Neutrality,The Tweet does not contain an authority reference,No,No,No,"News, information and misinformation",No,NA,NA,Media,NA,NA,NA,NA,NA,Other,0,2020
1482674750379937800,4,Other,Yes,A Dutch politician (not seated in the Dutch cabinet),NA,NA,NA,NA,"An opinion leader or individual who is not a journalist, and not a part of a government, parliament, or a political party",NA,NA,Neutrality,The Tweet does not contain an authority reference,No,No,No,"News, information and misinformation",No,"Government, politicians and international organizations",NA,NA,Other major non-governmental actors,NA,NA,NA,NA,Other,0,2022
1434942349537423400,1,Other,No,NA,NA,NA,NA,NA,NA,NA,NA,Negativity,The Tweet does not contain an authority reference,No,Yes,No,"Policies, prevention & societal and economic impact",No,NA,NA,NA,NA,NA,NA,None,NA,Other,0,2021
1387033539171e6,4,Accurate information,No,NA,NA,NA,NA,NA,NA,NA,NA,Neutrality,The Tweet contains a non-specific authority reference,No,No,No,"Remedies for cure, treatment and prevention",No,NA,NA,NA,NA,Individuals or communities,NA,NA,NA,Other,0,2021
1285821423458689e3,2,Misinformation,No,NA,NA,NA,NA,NA,NA,NA,NA,Negativity,The Tweet does not contain an authority reference,No,No,No,Existence of covid,Yes,NA,NA,NA,Other major non-governmental actors,NA,NA,NA,NA,Misinformation,1,2020
1483719239731232800,4,Other,No,NA,NA,NA,NA,NA,NA,NA,NA,Negativity,The Tweet does not contain an authority reference,No,No,No,"Policies, prevention & societal and economic impact",No,NA,NA,NA,NA,Individuals or communities,NA,NA,NA,Other,0,2022
1277276964269822e3,4,Accurate information,No,NA,NA,NA,NA,NA,NA,NA,NA,Neutrality,The Tweet does not contain an authority reference,No,No,No,"Remedies for cure, treatment and prevention",No,NA,NA,NA,NA,NA,NA,None,NA,Other,0,2020
1453281560791240700,1,Other,No,NA,NA,NA,NA,NA,NA,NA,NA,Negativity,The Tweet does not contain an authority reference,No,No,Yes,"Policies, prevention & societal and economic impact",No,"Government, politicians and international organizations",NA,NA,NA,NA,NA,NA,NA,Other,0,2021
1.2952654651246879e+18,1,Other,No,NA,NA,NA,NA,NA,NA,NA,NA,Neutrality,The Tweet does not contain an authority reference,No,No,No,"Policies, prevention & societal and economic impact",No,NA,NA,NA,NA,NA,NA,None,NA,Other,0,2020
1296765469857386500,1,Accurate information,Yes,NA,NA,NA,NA,NA,"An opinion leader or individual who is not a journalist, and not a part of a government, parliament, or a political party",NA,NA,Neutrality,The Tweet does not contain an authority reference,No,No,No,"News, information and misinformation",No,NA,NA,NA,NA,Individuals or communities,NA,NA,NA,Other,0,2020
1316316597376745500,1,Accurate information,No,NA,NA,NA,NA,NA,NA,NA,NA,Negativity,The Tweet does not contain an authority reference,No,No,No,"Policies, prevention & societal and economic impact",No,NA,NA,NA,NA,NA,NA,None,NA,Other,0,2020
1242723335307485200,1,Accurate information,No,NA,NA,NA,NA,NA,NA,NA,NA,Neutrality,The Tweet does not contain an authority reference,No,No,No,"Policies, prevention & societal and economic impact",No,NA,NA,NA,NA,NA,NA,None,NA,Other,0,2020
1248892582186401800,1,Accurate information,No,NA,NA,NA,NA,NA,NA,NA,NA,Negativity,The Tweet does not contain an authority reference,Yes,No,No,Existence of covid,No,NA,NA,NA,NA,Individuals or communities,NA,NA,NA,Other,0,2020
1277900695409168400,2,Accurate information,Yes,NA,NA,NA,NA,NA,NA,NA,Misinformation is not attributed to an actor,Neutrality,The Tweet does not contain an authority reference,No,No,No,"News, information and misinformation",No,NA,NA,NA,Other major non-governmental actors,NA,NA,NA,NA,Other,0,2020
1403403164863193e3,1,Other,No,NA,NA,NA,NA,NA,NA,NA,NA,Negativity,The Tweet does not contain an authority reference,No,No,No,Other,No,NA,NA,NA,Other major non-governmental actors,NA,NA,NA,NA,Other,0,2021
1240404807950708700,4,Misinformation,No,NA,NA,NA,NA,NA,NA,NA,NA,Neutrality,The Tweet does not contain an authority reference,No,No,No,Spread and detection,No,"Government, politicians and international organizations",Health services,Media,NA,Individuals or communities,NA,NA,NA,Misinformation,1,2020
1325821336602747e3,1,Other,No,NA,NA,NA,NA,NA,NA,NA,NA,Neutrality,The Tweet does not contain an authority reference,No,No,No,Symptoms or characteristics of covid,No,NA,NA,NA,NA,Individuals or communities,NA,NA,NA,Other,0,2020
1264666985893441500,1,Misinformation,No,NA,NA,NA,NA,NA,NA,NA,NA,Negativity,The Tweet does not contain an authority reference,No,No,Yes,"Policies, prevention & societal and economic impact",No,NA,NA,NA,NA,Individuals or communities,NA,NA,NA,Misinformation,1,2020
1275760903561019400,3,Accurate information,Yes,NA,NA,NA,NA,NA,NA,NA,Misinformation is not attributed to an actor,Neutrality,The Tweet contains a specific authority reference,No,No,No,"News, information and misinformation",No,NA,NA,NA,NA,NA,NA,NA,University or scientific organization,Other,0,2020
1281314984748699600,1,Other,No,NA,NA,NA,NA,NA,NA,NA,NA,Negativity,The Tweet does not contain an authority reference,No,No,No,Spread and detection,No,NA,NA,NA,NA,NA,NA,None,NA,Other,0,2020
1326932715208380400,1,Accurate information,Yes,NA,NA,"A foreign politician, foreign government, international leader or international organization",NA,NA,NA,NA,NA,Negativity,The Tweet does not contain an authority reference,Yes,No,No,"News, information and misinformation",No,"Government, politicians and international organizations",NA,NA,NA,NA,NA,NA,NA,Other,0,2020
1306966699980316700,4,Accurate information,No,NA,NA,NA,NA,NA,NA,NA,NA,Neutrality,The Tweet does not contain an authority reference,No,No,No,"Policies, prevention & societal and economic impact",No,"Government, politicians and international organizations",NA,NA,NA,NA,NA,NA,NA,Other,0,2020
1406165734972137500,2,Misinformation,No,NA,NA,NA,NA,NA,NA,NA,NA,Neutrality,The Tweet does not contain an authority reference,No,No,Yes,Spread and detection,No,NA,NA,NA,NA,NA,NA,None,NA,Misinformation,1,2021
1363089525472395300,2,Accurate information,No,NA,NA,NA,NA,NA,NA,NA,NA,Neutrality,The Tweet does not contain an authority reference,No,No,No,"Remedies for cure, treatment and prevention",No,NA,NA,NA,NA,NA,NA,NA,University or scientific organization,Other,0,2021
1356980592752136200,3,Accurate information,No,NA,NA,NA,NA,NA,NA,NA,NA,Negativity,The Tweet does not contain an authority reference,No,No,No,Spread and detection,No,NA,NA,NA,NA,Individuals or communities,NA,NA,NA,Other,0,2021
1243092501835243500,3,Accurate information,No,NA,NA,NA,NA,NA,NA,NA,NA,Neutrality,The Tweet does not contain an authority reference,No,No,No,Spread and detection,No,"Government, politicians and international organizations",NA,NA,NA,Individuals or communities,NA,NA,NA,Other,0,2020
1420637682590490600,4,Misinformation,Yes,NA,NA,NA,NA,NA,NA,NA,Misinformation is not attributed to an actor,Neutrality,The Tweet does not contain an authority reference,No,No,No,Vaccination,No,NA,NA,NA,NA,NA,NA,None,NA,Misinformation,1,2021
1374090098527068200,2,Misinformation,No,NA,NA,NA,NA,NA,NA,NA,NA,Neutrality,The Tweet contains a non-specific authority reference,No,No,No,Existence of covid,Yes,NA,Health services,NA,NA,NA,NA,NA,NA,Misinformation,1,2021
1464430669602312200,1,Accurate information,No,NA,NA,NA,NA,NA,NA,NA,NA,Neutrality,The Tweet does not contain an authority reference,No,No,No,Spread and detection,No,NA,NA,NA,Other major non-governmental actors,NA,NA,NA,NA,Other,0,2021
1265544726364766200,1,Accurate information,Yes,NA,NA,"A foreign politician, foreign government, international leader or international organization",NA,NA,NA,NA,NA,Neutrality,The Tweet does not contain an authority reference,No,No,No,"News, information and misinformation",No,"Government, politicians and international organizations",NA,NA,Other major non-governmental actors,NA,NA,NA,NA,Other,0,2020
1239592932627361800,1,Accurate information,No,NA,NA,NA,NA,NA,NA,NA,NA,Positivity,The Tweet contains a non-specific authority reference,No,No,No,Spread and detection,No,NA,NA,NA,Other major non-governmental actors,NA,NA,NA,NA,Other,0,2020
1468163875224887300,4,Accurate information,No,NA,NA,NA,NA,NA,NA,NA,NA,Neutrality,The Tweet does not contain an authority reference,No,No,No,Symptoms or characteristics of covid,No,NA,NA,NA,Other major non-governmental actors,NA,NA,NA,NA,Other,0,2021
1258028365627428900,3,Accurate information,No,NA,NA,NA,NA,NA,NA,NA,NA,Mixed,The Tweet does not contain an authority reference,No,No,No,"Policies, prevention & societal and economic impact",No,NA,NA,NA,Other major non-governmental actors,NA,NA,NA,NA,Other,0,2020
1295400683580067800,2,Other,No,NA,NA,NA,NA,NA,NA,NA,NA,Neutrality,The Tweet does not contain an authority reference,No,No,No,"Policies, prevention & societal and economic impact",No,NA,NA,NA,NA,NA,NA,None,NA,Other,0,2020
1296726214472761300,4,Other,No,NA,NA,NA,NA,NA,NA,NA,NA,Neutrality,The Tweet does not contain an authority reference,No,No,No,"Policies, prevention & societal and economic impact",No,NA,NA,NA,NA,NA,NA,None,NA,Other,0,2020
1353470116621475800,2,Other,No,NA,NA,NA,NA,NA,NA,NA,NA,Neutrality,The Tweet does not contain an authority reference,No,No,No,"Remedies for cure, treatment and prevention",No,NA,NA,NA,NA,NA,NA,None,NA,Other,0,2021
1323673429342589e3,4,Other,No,NA,NA,NA,NA,NA,NA,NA,NA,Negativity,The Tweet does not contain an authority reference,No,Yes,No,"Policies, prevention & societal and economic impact",No,NA,NA,NA,Other major non-governmental actors,NA,NA,NA,NA,Other,0,2020
1484219766726398e3,4,Other,No,NA,NA,NA,NA,NA,NA,NA,NA,Negativity,The Tweet does not contain an authority reference,No,No,No,"News, information and misinformation",No,NA,NA,NA,NA,Individuals or communities,NA,NA,NA,Other,0,2022
1443960815938416600,4,Unable to classify,No,NA,NA,NA,NA,NA,NA,NA,NA,Neutrality,The Tweet does not contain an authority reference,No,No,No,"News, information and misinformation",No,NA,NA,NA,NA,Individuals or communities,NA,NA,NA,Other,0,2021
1481204649612955600,1,Other,No,NA,NA,NA,NA,NA,NA,NA,NA,Neutrality,The Tweet does not contain an authority reference,No,No,No,Other,No,NA,NA,NA,NA,NA,NA,None,NA,Other,0,2022
1255174238643855400,1,Misinformation,No,NA,NA,NA,NA,NA,NA,NA,NA,Neutrality,The Tweet does not contain an authority reference,No,No,No,"Policies, prevention & societal and economic impact",No,"Government, politicians and international organizations",NA,NA,NA,Individuals or communities,NA,NA,NA,Misinformation,1,2020
1447598780853932e3,4,Accurate information,No,NA,NA,NA,NA,NA,NA,NA,NA,Neutrality,The Tweet does not contain an authority reference,No,No,No,Vaccination,No,"Government, politicians and international organizations",NA,NA,NA,Individuals or communities,NA,NA,NA,Other,0,2021
1313014456583159800,3,Uncheckable claim,No,NA,NA,NA,NA,NA,NA,NA,NA,Neutrality,The Tweet does not contain an authority reference,No,No,No,Symptoms or characteristics of covid,No,NA,NA,NA,NA,NA,NA,None,NA,Other,0,2020
1240971186877673500,2,Other,Yes,NA,NA,NA,NA,NA,NA,NA,Misinformation is not attributed to an actor,Neutrality,The Tweet does not contain an authority reference,No,No,No,"News, information and misinformation",No,NA,NA,NA,Other major non-governmental actors,NA,NA,NA,NA,Other,0,2020
1313472227065712600,1,Accurate information,Yes,NA,NA,NA,NA,NA,NA,NA,Misinformation is not attributed to an actor,Neutrality,The Tweet does not contain an authority reference,No,No,No,Symptoms or characteristics of covid,No,NA,NA,NA,NA,NA,NA,None,NA,Other,0,2020
1357629862371094500,1,Misinformation,No,NA,NA,NA,NA,NA,NA,NA,NA,Negativity,The Tweet does not contain an authority reference,No,No,No,"Policies, prevention & societal and economic impact",No,NA,NA,NA,NA,Individuals or communities,NA,NA,NA,Misinformation,1,2021
1268831043437711400,4,Other,No,NA,NA,NA,NA,NA,NA,NA,NA,Neutrality,The Tweet does not contain an authority reference,No,No,No,"Policies, prevention & societal and economic impact",No,NA,NA,NA,NA,NA,NA,None,NA,Other,0,2020
1366799300714401800,3,Misinformation,No,NA,NA,NA,NA,NA,NA,NA,NA,Negativity,The Tweet contains a non-specific authority reference,No,No,No,"Remedies for cure, treatment and prevention",No,NA,NA,Media,Other major non-governmental actors,Individuals or communities,NA,NA,NA,Misinformation,1,2021
1486781545721573400,2,Uncheckable claim,Yes,NA,NA,NA,NA,NA,"An opinion leader or individual who is not a journalist, and not a part of a government, parliament, or a political party",NA,NA,Negativity,The Tweet does not contain an authority reference,Yes,No,No,"News, information and misinformation",No,NA,NA,Media,NA,NA,NA,NA,NA,Other,0,2022
1314878081098805200,2,Other,No,NA,NA,NA,NA,NA,NA,NA,NA,Neutrality,The Tweet does not contain an authority reference,No,No,No,"Policies, prevention & societal and economic impact",No,NA,NA,NA,NA,NA,NA,None,NA,Other,0,2020
1357967235457966e3,2,Unable to classify,No,NA,NA,NA,NA,NA,NA,NA,NA,Neutrality,The Tweet does not contain an authority reference,No,No,No,Vaccination,No,"Government, politicians and international organizations",NA,NA,Other major non-governmental actors,Individuals or communities,NA,NA,NA,Other,0,2021
1365247744919527400,4,Accurate information,No,NA,NA,NA,NA,NA,NA,NA,NA,Neutrality,The Tweet does not contain an authority reference,No,No,No,"Remedies for cure, treatment and prevention",No,NA,NA,NA,NA,NA,NA,None,NA,Other,0,2021
1246144416143769600,1,Uncheckable claim,Yes,NA,NA,NA,NA,NA,NA,NA,Misinformation is not attributed to an actor,Neutrality,The Tweet contains a specific authority reference,Yes,No,No,"News, information and misinformation",No,NA,Health services,NA,NA,Individuals or communities,NA,NA,NA,Other,0,2020
1455820535452119e3,2,Misinformation,No,NA,NA,NA,NA,NA,NA,NA,NA,Neutrality,The Tweet does not contain an authority reference,No,No,No,Existence of covid,Yes,NA,NA,NA,NA,NA,NA,None,NA,Misinformation,1,2021
1320808432748974e3,2,Accurate information,No,NA,NA,NA,NA,NA,NA,NA,NA,Neutrality,The Tweet does not contain an authority reference,No,No,No,Spread and detection,No,NA,NA,NA,NA,NA,NA,None,NA,Other,0,2020
1288552632081158100,4,Accurate information,No,NA,NA,NA,NA,NA,NA,NA,NA,Neutrality,The Tweet does not contain an authority reference,No,No,No,Spread and detection,No,NA,NA,NA,Other major non-governmental actors,NA,NA,NA,NA,Other,0,2020
1244982907149615e3,3,Other,No,NA,NA,NA,NA,NA,NA,NA,NA,Negativity,The Tweet does not contain an authority reference,No,No,No,"News, information and misinformation",No,NA,NA,NA,Other major non-governmental actors,NA,NA,NA,NA,Other,0,2020
1458344118111940600,1,Suggestive misinformation,No,NA,NA,NA,NA,NA,NA,NA,NA,Neutrality,The Tweet does not contain an authority reference,No,No,No,Vaccination,No,NA,NA,NA,NA,NA,NA,None,NA,Misinformation,1,2021
1313483997339582500,4,Other,No,NA,NA,NA,NA,NA,NA,NA,NA,Neutrality,The Tweet does not contain an authority reference,No,No,No,"Policies, prevention & societal and economic impact",No,NA,NA,NA,NA,NA,NA,None,NA,Other,0,2020
1340652308510621700,4,Accurate information,Yes,NA,NA,NA,NA,NA,"An opinion leader or individual who is not a journalist, and not a part of a government, parliament, or a political party",NA,NA,Neutrality,The Tweet does not contain an authority reference,No,No,No,"News, information and misinformation",No,NA,NA,NA,Other major non-governmental actors,NA,NA,NA,NA,Other,0,2020
1319350136737325e3,4,Other,No,NA,NA,NA,NA,NA,NA,NA,NA,Neutrality,The Tweet does not contain an authority reference,No,No,No,"News, information and misinformation",No,NA,NA,NA,NA,Individuals or communities,NA,NA,NA,Other,0,2020
1311245079890272300,4,Other,No,NA,NA,NA,NA,NA,NA,NA,NA,Negativity,The Tweet does not contain an authority reference,No,No,No,"Policies, prevention & societal and economic impact",No,"Government, politicians and international organizations",NA,NA,NA,Individuals or communities,NA,NA,NA,Other,0,2020
1353767378178486300,4,Other,No,NA,NA,NA,NA,NA,NA,NA,NA,Neutrality,The Tweet does not contain an authority reference,No,No,Yes,Severity of covid,Yes,NA,NA,NA,NA,NA,NA,None,NA,Other,0,2021
1470749187855859700,4,Other,No,NA,NA,NA,NA,NA,NA,NA,NA,Negativity,The Tweet does not contain an authority reference,No,No,No,"Policies, prevention & societal and economic impact",No,NA,NA,NA,NA,Individuals or communities,NA,NA,NA,Other,0,2021
1245713604533301200,3,Accurate information,Yes,NA,NA,NA,A mainstream media outlet or journalist working in the mainstream media,NA,NA,NA,NA,Neutrality,The Tweet does not contain an authority reference,No,No,No,"News, information and misinformation",No,"Government, politicians and international organizations",NA,Media,NA,NA,NA,NA,NA,Other,0,2020
1293119787166556200,4,Accurate information,Yes,NA,NA,NA,NA,NA,NA,NA,Misinformation is not attributed to an actor,Neutrality,The Tweet contains a non-specific authority reference,No,No,No,"News, information and misinformation",No,NA,NA,NA,NA,Individuals or communities,NA,NA,NA,Other,0,2020
1315629270178443300,2,Accurate information,No,NA,NA,NA,NA,NA,NA,NA,NA,Neutrality,The Tweet contains a specific authority reference,No,No,No,Symptoms or characteristics of covid,No,NA,NA,NA,NA,Individuals or communities,NA,NA,University or scientific organization,Other,0,2020
1332000983753388e3,3,Accurate information,No,NA,NA,NA,NA,NA,NA,NA,NA,Neutrality,The Tweet does not contain an authority reference,No,No,No,Spread and detection,No,NA,NA,NA,NA,NA,NA,None,NA,Other,0,2020
1486991751780966400,2,Misinformation,Yes,NA,NA,NA,NA,NA,"An opinion leader or individual who is not a journalist, and not a part of a government, parliament, or a political party",NA,NA,Negativity,The Tweet contains a non-specific authority reference,Yes,No,No,"News, information and misinformation",No,"Government, politicians and international organizations",Health services,NA,NA,Individuals or communities,NA,NA,NA,Misinformation,1,2022
1299991920538718200,4,Other,No,NA,NA,NA,NA,NA,NA,NA,NA,Neutrality,The Tweet does not contain an authority reference,No,No,No,Vaccination,No,"Government, politicians and international organizations",NA,NA,Other major non-governmental actors,NA,NA,NA,NA,Other,0,2020
1469582432949227500,3,Accurate information,No,NA,NA,NA,NA,NA,NA,NA,NA,Neutrality,The Tweet does not contain an authority reference,No,No,No,Spread and detection,No,NA,NA,NA,NA,Individuals or communities,NA,NA,NA,Other,0,2021
1279420086621745200,2,Other,No,NA,NA,NA,NA,NA,NA,NA,NA,Neutrality,The Tweet does not contain an authority reference,No,No,No,Vaccination,No,"Government, politicians and international organizations",NA,NA,NA,NA,NA,NA,NA,Other,0,2020
1367113859207733200,1,Suggestive misinformation,No,NA,NA,NA,NA,NA,NA,NA,NA,Neutrality,The Tweet contains a specific authority reference,No,No,No,"Remedies for cure, treatment and prevention",No,NA,NA,NA,NA,NA,NA,NA,University or scientific organization,Misinformation,1,2021
1372198167366799400,4,Accurate information,No,NA,NA,NA,NA,NA,NA,NA,NA,Neutrality,The Tweet does not contain an authority reference,No,No,No,"Remedies for cure, treatment and prevention",No,NA,NA,NA,NA,NA,NA,NA,University or scientific organization,Other,0,2021
1465954096901357600,1,Accurate information,No,NA,NA,NA,NA,NA,NA,NA,NA,Neutrality,The Tweet does not contain an authority reference,No,No,No,Spread and detection,No,NA,NA,NA,Other major non-governmental actors,NA,NA,NA,NA,Other,0,2021
1466790178945704e3,2,Accurate information,No,NA,NA,NA,NA,NA,NA,NA,NA,Neutrality,The Tweet does not contain an authority reference,No,No,No,"Policies, prevention & societal and economic impact",No,NA,NA,NA,NA,NA,NA,NA,University or scientific organization,Other,0,2021
1421377258531561500,3,Misinformation,No,NA,NA,NA,NA,NA,NA,NA,NA,Negativity,The Tweet does not contain an authority reference,No,No,No,Vaccination,No,"Government, politicians and international organizations",NA,NA,NA,NA,NA,NA,NA,Misinformation,1,2021
1449321919854137300,3,Misinformation,No,NA,NA,NA,NA,NA,NA,NA,NA,Positivity,The Tweet does not contain an authority reference,No,No,No,Existence of covid,Yes,NA,NA,NA,NA,NA,NA,None,NA,Misinformation,1,2021
1460940019728892e3,2,Other,No,NA,NA,NA,NA,NA,NA,NA,NA,Mixed,The Tweet does not contain an authority reference,No,No,No,Existence of covid,No,"Government, politicians and international organizations",NA,NA,NA,NA,NA,NA,NA,Other,0,2021
1329010227946066e3,3,Misinformation,No,NA,NA,NA,NA,NA,NA,NA,NA,Negativity,The Tweet contains a specific authority reference,No,No,Yes,Vaccination,No,NA,NA,NA,NA,Individuals or communities,NA,NA,NA,Misinformation,1,2020
1295783561107255300,2,Other,No,NA,NA,NA,NA,NA,NA,NA,NA,Neutrality,The Tweet does not contain an authority reference,No,No,No,"Policies, prevention & societal and economic impact",No,NA,NA,NA,NA,Individuals or communities,NA,NA,NA,Other,0,2020
1487306083257438200,2,Accurate information,Yes,NA,NA,NA,NA,NA,NA,NA,Misinformation is not attributed to an actor,Neutrality,The Tweet does not contain an authority reference,No,No,No,"News, information and misinformation",No,NA,NA,NA,Other major non-governmental actors,NA,NA,NA,NA,Other,0,2022
1464642896582295600,3,Misinformation,No,NA,NA,NA,NA,NA,NA,NA,NA,Neutrality,The Tweet does not contain an authority reference,No,No,No,Severity of covid,No,"Government, politicians and international organizations",NA,NA,NA,NA,NA,NA,NA,Misinformation,1,2021
1299768316517666800,2,Misinformation,No,NA,NA,NA,NA,NA,NA,NA,NA,Neutrality,The Tweet does not contain an authority reference,No,No,No,"Policies, prevention & societal and economic impact",No,NA,NA,NA,NA,NA,NA,None,NA,Misinformation,1,2020
1454061022365507600,3,Other,No,NA,NA,NA,NA,NA,NA,NA,NA,Negativity,The Tweet does not contain an authority reference,No,No,No,"Policies, prevention & societal and economic impact",No,NA,NA,NA,NA,NA,NA,None,NA,Other,0,2021
1443682749718614e3,2,Misinformation,Yes,NA,NA,NA,NA,NA,NA,NA,Misinformation is not attributed to an actor,Negativity,The Tweet does not contain an authority reference,No,No,No,"News, information and misinformation",No,NA,NA,NA,Other major non-governmental actors,NA,NA,NA,NA,Misinformation,1,2021
1352926430439608300,1,Other,No,NA,NA,NA,NA,NA,NA,NA,NA,Positivity,The Tweet does not contain an authority reference,No,Yes,No,"Policies, prevention & societal and economic impact",No,NA,NA,NA,NA,NA,NA,None,NA,Other,0,2021
1387079533795463200,4,Other,No,NA,NA,NA,NA,NA,NA,NA,NA,Negativity,The Tweet does not contain an authority reference,No,No,No,"Policies, prevention & societal and economic impact",No,NA,NA,NA,NA,Individuals or communities,NA,NA,NA,Other,0,2021
1295352188068397e3,1,Other,No,NA,NA,NA,NA,NA,NA,NA,NA,Neutrality,The Tweet does not contain an authority reference,No,No,No,"Policies, prevention & societal and economic impact",No,NA,NA,NA,NA,NA,NA,None,NA,Other,0,2020
1236588575585599500,3,Accurate information,No,NA,NA,NA,NA,NA,NA,NA,NA,Neutrality,The Tweet does not contain an authority reference,No,No,No,"Remedies for cure, treatment and prevention",No,NA,NA,NA,NA,NA,NA,None,NA,Other,0,2020
1459943559453421600,2,Other,No,NA,NA,NA,NA,NA,NA,NA,NA,Neutrality,The Tweet does not contain an authority reference,No,No,No,"Policies, prevention & societal and economic impact",No,NA,NA,NA,NA,NA,NA,None,NA,Other,0,2021
1342552443725471700,1,Misinformation,Yes,NA,"The Dutch government, cabinet, a member of the Dutch cabinet or civil servant",NA,NA,NA,NA,NA,NA,Negativity,The Tweet does not contain an authority reference,No,Yes,No,"News, information and misinformation",No,"Government, politicians and international organizations",NA,NA,NA,NA,NA,NA,NA,Misinformation,1,2020
1316824617001066500,4,Other,No,NA,NA,NA,NA,NA,NA,NA,NA,Neutrality,The Tweet does not contain an authority reference,No,No,No,"Policies, prevention & societal and economic impact",No,NA,NA,NA,NA,NA,NA,None,NA,Other,0,2020
1241360984792539100,2,Accurate information,Yes,NA,NA,NA,NA,NA,NA,NA,Misinformation is not attributed to an actor,Neutrality,The Tweet does not contain an authority reference,No,No,No,"News, information and misinformation",No,NA,NA,NA,NA,Individuals or communities,NA,NA,NA,Other,0,2020
1412274182658855e3,4,Accurate information,Yes,NA,NA,NA,NA,NA,NA,NA,Misinformation is not attributed to an actor,Negativity,The Tweet does not contain an authority reference,No,Yes,No,"News, information and misinformation",No,NA,NA,NA,Other major non-governmental actors,NA,NA,NA,NA,Other,0,2021
1253042291314491400,1,Other,Yes,NA,NA,NA,NA,NA,NA,NA,Misinformation is not attributed to an actor,Positivity,The Tweet does not contain an authority reference,No,No,No,"News, information and misinformation",No,NA,NA,NA,NA,NA,NA,None,NA,Other,0,2020
1248034424500953e3,3,Misinformation,No,NA,NA,NA,NA,NA,NA,NA,NA,Negativity,The Tweet does not contain an authority reference,No,No,No,"Policies, prevention & societal and economic impact",No,"Government, politicians and international organizations",NA,NA,NA,NA,NA,NA,University or scientific organization,Misinformation,1,2020
